image_name,label
010f6b4ae375622b3b64_crop_01_word_00.png,Phương
010f6b4ae375622b3b64_crop_01_word_01.png,Phương
010f6b4ae375622b3b64_crop_01_word_02.png,Nguyễn
010f6b4ae375622b3b64_crop_02_word_00.png,Trâm
010f6b4ae375622b3b64_crop_02_word_01.png,Mai
010f6b4ae375622b3b64_crop_02_word_02.png,Thị
010f6b4ae375622b3b64_crop_02_word_03.png,Phạm
010f6b4ae375622b3b64_crop_03_word_00.png,Phương
010f6b4ae375622b3b64_crop_03_word_01.png,Thu
010f6b4ae375622b3b64_crop_03_word_02.png,Vũ
010f6b4ae375622b3b64_crop_04_word_00.png,My
010f6b4ae375622b3b64_crop_04_word_01.png,Thảo
010f6b4ae375622b3b64_crop_04_word_02.png,Nguyễn
010f6b4ae375622b3b64_crop_05_word_00.png,Vân
010f6b4ae375622b3b64_crop_05_word_01.png,Hồng
010f6b4ae375622b3b64_crop_05_word_02.png,Thị
010f6b4ae375622b3b64_crop_05_word_03.png,Nguyễn
010f6b4ae375622b3b64_crop_06_word_00.png,Tân
010f6b4ae375622b3b64_crop_06_word_01.png,Minh
010f6b4ae375622b3b64_crop_06_word_02.png,Thi
010f6b4ae375622b3b64_crop_06_word_03.png,Giáp
010f6b4ae375622b3b64_crop_07_word_00.png,Thảo
010f6b4ae375622b3b64_crop_07_word_01.png,Thạch
010f6b4ae375622b3b64_crop_07_word_02.png,Ngọc
010f6b4ae375622b3b64_crop_07_word_03.png,Nguyễn
010f6b4ae375622b3b64_crop_08_word_00.png,Anh
010f6b4ae375622b3b64_crop_08_word_01.png,Hương
010f6b4ae375622b3b64_crop_08_word_02.png,Lý
010f6b4ae375622b3b64_crop_09_word_00.png,Nguyệt
010f6b4ae375622b3b64_crop_09_word_01.png,Minh
010f6b4ae375622b3b64_crop_09_word_02.png,Thị
010f6b4ae375622b3b64_crop_09_word_03.png,Nguyễn
010f6b4ae375622b3b64_crop_10_word_00.png,Dũng
010f6b4ae375622b3b64_crop_10_word_01.png,Vũ
010f6b4ae375622b3b64_crop_10_word_02.png,Nguyễn
010f6b4ae375622b3b64_crop_11_word_00.png,Lâm
010f6b4ae375622b3b64_crop_11_word_01.png,Tùng
010f6b4ae375622b3b64_crop_11_word_02.png,Nguyễn
010f6b4ae375622b3b64_crop_12_word_00.png,Quỳnh
010f6b4ae375622b3b64_crop_12_word_01.png,Anh
010f6b4ae375622b3b64_crop_12_word_02.png,Thị
010f6b4ae375622b3b64_crop_12_word_03.png,Nguyễn
010f6b4ae375622b3b64_crop_13_word_00.png,Anh
010f6b4ae375622b3b64_crop_13_word_01.png,Quỳnh
010f6b4ae375622b3b64_crop_13_word_02.png,Trần
010f6b4ae375622b3b64_crop_14_word_00.png,Trang
010f6b4ae375622b3b64_crop_14_word_01.png,Mai
010f6b4ae375622b3b64_crop_14_word_02.png,Đỗ
010f6b4ae375622b3b64_crop_15_word_00.png,Vy
010f6b4ae375622b3b64_crop_15_word_01.png,Ngọc
010f6b4ae375622b3b64_crop_15_word_02.png,Hoàng
010f6b4ae375622b3b64_crop_15_word_03.png,Nguyễn
06751a1a402ac174983b_crop_01_word_00.png,06751a1a402ac174983b_crop_01_word
06751a1a402ac174983b_crop_01_word_01.png,Tùng
06751a1a402ac174983b_crop_01_word_02.png,Nguyễn
06751a1a402ac174983b_crop_02_word_00.png,Trang
06751a1a402ac174983b_crop_02_word_01.png,Thúy
06751a1a402ac174983b_crop_02_word_02.png,Thị
06751a1a402ac174983b_crop_02_word_03.png,Vũ
06751a1a402ac174983b_crop_03_word_00.png,Nga
06751a1a402ac174983b_crop_03_word_01.png,Hằng
06751a1a402ac174983b_crop_03_word_02.png,Thanh
06751a1a402ac174983b_crop_03_word_03.png,Vũ
06751a1a402ac174983b_crop_04_word_00.png,Nga
06751a1a402ac174983b_crop_04_word_01.png,Thúy
06751a1a402ac174983b_crop_04_word_02.png,Hoàng
06751a1a402ac174983b_crop_05_word_00.png,Tâm
06751a1a402ac174983b_crop_05_word_01.png,Lương
06751a1a402ac174983b_crop_05_word_02.png,Văn
06751a1a402ac174983b_crop_05_word_03.png,Trần
06751a1a402ac174983b_crop_06_word_00.png,Trình
06751a1a402ac174983b_crop_06_word_01.png,Đức
06751a1a402ac174983b_crop_06_word_02.png,Nông
06751a1a402ac174983b_crop_07_word_00.png,Yến
06751a1a402ac174983b_crop_07_word_01.png,Hải
06751a1a402ac174983b_crop_07_word_02.png,Thị
06751a1a402ac174983b_crop_07_word_03.png,Nguyễn
06751a1a402ac174983b_crop_08_word_00.png,Thảo
06751a1a402ac174983b_crop_08_word_01.png,Huyền
06751a1a402ac174983b_crop_08_word_02.png,Thị
06751a1a402ac174983b_crop_08_word_03.png,Phạm
06751a1a402ac174983b_crop_09_word_00.png,Phương
06751a1a402ac174983b_crop_09_word_01.png,Lan
06751a1a402ac174983b_crop_09_word_02.png,Trần
06751a1a402ac174983b_crop_10_word_00.png,Nụ
06751a1a402ac174983b_crop_10_word_01.png,Thị
06751a1a402ac174983b_crop_10_word_02.png,Nguyễn
06751a1a402ac174983b_crop_11_word_00.png,Nga
06751a1a402ac174983b_crop_11_word_01.png,Thu
06751a1a402ac174983b_crop_11_word_02.png,Thị
06751a1a402ac174983b_crop_11_word_03.png,Nguyễn
06751a1a402ac174983b_crop_12_word_00.png,Duy
06751a1a402ac174983b_crop_12_word_01.png,Công
06751a1a402ac174983b_crop_12_word_02.png,Trần
06751a1a402ac174983b_crop_13_word_00.png,Dương
06751a1a402ac174983b_crop_13_word_01.png,Tuấn
06751a1a402ac174983b_crop_13_word_02.png,Phan
06751a1a402ac174983b_crop_14_word_00.png,Nam
06751a1a402ac174983b_crop_14_word_01.png,Văn
06751a1a402ac174983b_crop_14_word_02.png,Phạm
06751a1a402ac174983b_crop_15_word_00.png,Cát
06751a1a402ac174983b_crop_15_word_01.png,Cường
06751a1a402ac174983b_crop_15_word_02.png,Quốc
06751a1a402ac174983b_crop_15_word_03.png,Vũ
0a6ae3a4c79d46c31f8c_crop_01_word_00.png,Trường
0a6ae3a4c79d46c31f8c_crop_01_word_01.png,Văn
0a6ae3a4c79d46c31f8c_crop_01_word_02.png,Nguyễn
0a6ae3a4c79d46c31f8c_crop_02_word_00.png,Trang
0a6ae3a4c79d46c31f8c_crop_02_word_01.png,Huyền
0a6ae3a4c79d46c31f8c_crop_02_word_02.png,Thị
0a6ae3a4c79d46c31f8c_crop_02_word_03.png,Trần
0a6ae3a4c79d46c31f8c_crop_03_word_00.png,Lan
0a6ae3a4c79d46c31f8c_crop_03_word_01.png,Thị
0a6ae3a4c79d46c31f8c_crop_03_word_02.png,Lê
0a6ae3a4c79d46c31f8c_crop_04_word_00.png,Hải
0a6ae3a4c79d46c31f8c_crop_04_word_01.png,Tiến
0a6ae3a4c79d46c31f8c_crop_04_word_02.png,Cao
0a6ae3a4c79d46c31f8c_crop_05_word_00.png,Yến
0a6ae3a4c79d46c31f8c_crop_05_word_01.png,Hải
0a6ae3a4c79d46c31f8c_crop_05_word_02.png,Thị
0a6ae3a4c79d46c31f8c_crop_05_word_03.png,Nguyễn
0a6ae3a4c79d46c31f8c_crop_06_word_00.png,Loan
0a6ae3a4c79d46c31f8c_crop_06_word_01.png,Thanh
0a6ae3a4c79d46c31f8c_crop_06_word_02.png,Nguyễn
0a6ae3a4c79d46c31f8c_crop_07_word_00.png,Yên
0a6ae3a4c79d46c31f8c_crop_07_word_01.png,Thanh
0a6ae3a4c79d46c31f8c_crop_07_word_02.png,Thị
0a6ae3a4c79d46c31f8c_crop_07_word_03.png,Lê
0a6ae3a4c79d46c31f8c_crop_08_word_00.png,Tuấn
0a6ae3a4c79d46c31f8c_crop_08_word_01.png,Công
0a6ae3a4c79d46c31f8c_crop_08_word_02.png,Trịnh
0a6ae3a4c79d46c31f8c_crop_09_word_00.png,Lịch
0a6ae3a4c79d46c31f8c_crop_09_word_01.png,Thị
0a6ae3a4c79d46c31f8c_crop_09_word_02.png,Hoàng
0a6ae3a4c79d46c31f8c_crop_10_word_00.png,Hồng
0a6ae3a4c79d46c31f8c_crop_10_word_01.png,Thúy
0a6ae3a4c79d46c31f8c_crop_10_word_02.png,Thị
0a6ae3a4c79d46c31f8c_crop_10_word_03.png,Đặng
0a6ae3a4c79d46c31f8c_crop_11_word_00.png,Hoàng
0a6ae3a4c79d46c31f8c_crop_11_word_01.png,Minh
0a6ae3a4c79d46c31f8c_crop_11_word_02.png,Lê
0a6ae3a4c79d46c31f8c_crop_12_word_00.png,Hưng
0a6ae3a4c79d46c31f8c_crop_12_word_01.png,Quốc
0a6ae3a4c79d46c31f8c_crop_12_word_02.png,Phạm
0a6ae3a4c79d46c31f8c_crop_13_word_00.png,Dương
0a6ae3a4c79d46c31f8c_crop_13_word_01.png,Ngọc
0a6ae3a4c79d46c31f8c_crop_13_word_02.png,Phạm
0a6ae3a4c79d46c31f8c_crop_14_word_00.png,Phúc
0a6ae3a4c79d46c31f8c_crop_14_word_01.png,Văn
0a6ae3a4c79d46c31f8c_crop_14_word_02.png,Lê
0a6ae3a4c79d46c31f8c_crop_15_word_00.png,Giang
0a6ae3a4c79d46c31f8c_crop_15_word_01.png,Văn
0a6ae3a4c79d46c31f8c_crop_15_word_02.png,Ngô
0b904d5916699737ce78_crop_01_word_00.png,Hiệp
0b904d5916699737ce78_crop_01_word_01.png,Tuấn
0b904d5916699737ce78_crop_01_word_02.png,Nguyễn
0b904d5916699737ce78_crop_02_word_00.png,Thắng
0b904d5916699737ce78_crop_02_word_01.png,Đức
0b904d5916699737ce78_crop_02_word_02.png,Trần
0b904d5916699737ce78_crop_03_word_00.png,Huyền
0b904d5916699737ce78_crop_03_word_01.png,Thu
0b904d5916699737ce78_crop_03_word_02.png,Thị
0b904d5916699737ce78_crop_03_word_03.png,Vũ
0b904d5916699737ce78_crop_04_word_00.png,Nụ
0b904d5916699737ce78_crop_04_word_01.png,Thị
0b904d5916699737ce78_crop_04_word_02.png,Nguyễn
0b904d5916699737ce78_crop_05_word_00.png,Thu
0b904d5916699737ce78_crop_05_word_01.png,Thị
0b904d5916699737ce78_crop_05_word_02.png,Nguyễn
0b904d5916699737ce78_crop_06_word_00.png,Anh
0b904d5916699737ce78_crop_06_word_01.png,Tú
0b904d5916699737ce78_crop_06_word_02.png,Lê
0b904d5916699737ce78_crop_07_word_00.png,Ánh
0b904d5916699737ce78_crop_07_word_01.png,Thị
0b904d5916699737ce78_crop_07_word_02.png,Đặng
0b904d5916699737ce78_crop_08_word_00.png,Loan
0b904d5916699737ce78_crop_08_word_01.png,Thanh
0b904d5916699737ce78_crop_08_word_02.png,Nguyễn
0b904d5916699737ce78_crop_09_word_00.png,Trang
0b904d5916699737ce78_crop_09_word_01.png,Thu
0b904d5916699737ce78_crop_09_word_02.png,Nguyễn
0b904d5916699737ce78_crop_10_word_00.png,Anh
0b904d5916699737ce78_crop_10_word_01.png,Lan
0b904d5916699737ce78_crop_10_word_02.png,Thị
0b904d5916699737ce78_crop_10_word_03.png,Trịnh
0b904d5916699737ce78_crop_11_word_00.png,Anh
0b904d5916699737ce78_crop_11_word_01.png,Vân
0b904d5916699737ce78_crop_11_word_02.png,Thị
0b904d5916699737ce78_crop_11_word_03.png,Phùng
0b904d5916699737ce78_crop_12_word_00.png,Liên
0b904d5916699737ce78_crop_12_word_01.png,Thúy
0b904d5916699737ce78_crop_12_word_02.png,Bùi
0b904d5916699737ce78_crop_13_word_00.png,Nghĩa
0b904d5916699737ce78_crop_13_word_01.png,Minh
0b904d5916699737ce78_crop_13_word_02.png,Thị
0b904d5916699737ce78_crop_13_word_03.png,Vũ
0b904d5916699737ce78_crop_14_word_00.png,Hải
0b904d5916699737ce78_crop_14_word_01.png,Đức
0b904d5916699737ce78_crop_14_word_02.png,Tôn
0b904d5916699737ce78_crop_15_word_00.png,Khải
0b904d5916699737ce78_crop_15_word_01.png,Gia
0b904d5916699737ce78_crop_15_word_02.png,Hoàng
0b904d5916699737ce78_crop_15_word_03.png,Nguyễn
1721abc18ff80ea657e9_crop_01_word_00.png,Đạt
1721abc18ff80ea657e9_crop_01_word_01.png,Tuấn
1721abc18ff80ea657e9_crop_01_word_02.png,Lê
1721abc18ff80ea657e9_crop_02_word_00.png,Cường
1721abc18ff80ea657e9_crop_02_word_01.png,Hùng
1721abc18ff80ea657e9_crop_02_word_02.png,Lưu
1721abc18ff80ea657e9_crop_03_word_00.png,Hương
1721abc18ff80ea657e9_crop_03_word_01.png,Lan
1721abc18ff80ea657e9_crop_03_word_02.png,Thị
1721abc18ff80ea657e9_crop_03_word_03.png,Đào
1721abc18ff80ea657e9_crop_04_word_00.png,Hưng
1721abc18ff80ea657e9_crop_04_word_01.png,Cảnh
1721abc18ff80ea657e9_crop_04_word_02.png,Vũ
1721abc18ff80ea657e9_crop_05_word_00.png,Hạnh
1721abc18ff80ea657e9_crop_05_word_01.png,Quang
1721abc18ff80ea657e9_crop_05_word_02.png,Vũ
1721abc18ff80ea657e9_crop_06_word_00.png,Mai
1721abc18ff80ea657e9_crop_06_word_01.png,Thị
1721abc18ff80ea657e9_crop_06_word_02.png,Đào
1721abc18ff80ea657e9_crop_07_word_00.png,Ánh
1721abc18ff80ea657e9_crop_07_word_01.png,Ngọc
1721abc18ff80ea657e9_crop_07_word_02.png,Hoàng
1721abc18ff80ea657e9_crop_08_word_00.png,Huệ
1721abc18ff80ea657e9_crop_08_word_01.png,Bích
1721abc18ff80ea657e9_crop_08_word_02.png,Lê
1721abc18ff80ea657e9_crop_09_word_00.png,Huyền
1721abc18ff80ea657e9_crop_09_word_01.png,Thị
1721abc18ff80ea657e9_crop_09_word_02.png,Phạm
1721abc18ff80ea657e9_crop_10_word_00.png,Đại
1721abc18ff80ea657e9_crop_10_word_01.png,Bình
1721abc18ff80ea657e9_crop_10_word_02.png,Nguyễn
1721abc18ff80ea657e9_crop_11_word_00.png,Hùng
1721abc18ff80ea657e9_crop_11_word_01.png,Việt
1721abc18ff80ea657e9_crop_11_word_02.png,Phạm
1721abc18ff80ea657e9_crop_12_word_00.png,Nghĩa
1721abc18ff80ea657e9_crop_12_word_01.png,Minh
1721abc18ff80ea657e9_crop_12_word_02.png,Thị
1721abc18ff80ea657e9_crop_12_word_03.png,Vũ
1721abc18ff80ea657e9_crop_13_word_00.png,Hiền
1721abc18ff80ea657e9_crop_13_word_01.png,Mạnh
1721abc18ff80ea657e9_crop_13_word_02.png,Hoàng
1721abc18ff80ea657e9_crop_14_word_00.png,Thịnh
1721abc18ff80ea657e9_crop_14_word_01.png,Thái
1721abc18ff80ea657e9_crop_15_word_00.png,Thọ
1721abc18ff80ea657e9_crop_15_word_01.png,Xuân
1721abc18ff80ea657e9_crop_15_word_02.png,Đinh
1c785e9f7aa6fbf8a2b7_crop_01_word_00.png,Đạt
1c785e9f7aa6fbf8a2b7_crop_01_word_01.png,Tuấn
1c785e9f7aa6fbf8a2b7_crop_01_word_02.png,Lê
1c785e9f7aa6fbf8a2b7_crop_02_word_00.png,Cường
1c785e9f7aa6fbf8a2b7_crop_02_word_01.png,Hùng
1c785e9f7aa6fbf8a2b7_crop_02_word_02.png,Lưu
1c785e9f7aa6fbf8a2b7_crop_03_word_00.png,Hương
1c785e9f7aa6fbf8a2b7_crop_03_word_01.png,Lan
1c785e9f7aa6fbf8a2b7_crop_03_word_02.png,Thị
1c785e9f7aa6fbf8a2b7_crop_03_word_03.png,Đào
1c785e9f7aa6fbf8a2b7_crop_04_word_00.png,Hưng
1c785e9f7aa6fbf8a2b7_crop_04_word_01.png,Cảnh
1c785e9f7aa6fbf8a2b7_crop_04_word_02.png,Vũ
1c785e9f7aa6fbf8a2b7_crop_05_word_00.png,Hạnh
1c785e9f7aa6fbf8a2b7_crop_05_word_01.png,Quang
1c785e9f7aa6fbf8a2b7_crop_05_word_02.png,Vũ
1c785e9f7aa6fbf8a2b7_crop_06_word_00.png,Mai
1c785e9f7aa6fbf8a2b7_crop_06_word_01.png,Thị
1c785e9f7aa6fbf8a2b7_crop_06_word_02.png,Đào
1c785e9f7aa6fbf8a2b7_crop_07_word_00.png,Ánh
1c785e9f7aa6fbf8a2b7_crop_07_word_01.png,Ngọc
1c785e9f7aa6fbf8a2b7_crop_07_word_02.png,Hoàng
1c785e9f7aa6fbf8a2b7_crop_08_word_00.png,Huệ
1c785e9f7aa6fbf8a2b7_crop_08_word_01.png,Bích
1c785e9f7aa6fbf8a2b7_crop_08_word_02.png,Lê
1c785e9f7aa6fbf8a2b7_crop_09_word_00.png,Huyền
1c785e9f7aa6fbf8a2b7_crop_09_word_01.png,Thị
1c785e9f7aa6fbf8a2b7_crop_09_word_02.png,Phạm
1c785e9f7aa6fbf8a2b7_crop_10_word_00.png,Đại
1c785e9f7aa6fbf8a2b7_crop_10_word_01.png,Bình
1c785e9f7aa6fbf8a2b7_crop_10_word_02.png,Nguyễn
1c785e9f7aa6fbf8a2b7_crop_11_word_00.png,Hùng
1c785e9f7aa6fbf8a2b7_crop_11_word_01.png,Việt
1c785e9f7aa6fbf8a2b7_crop_11_word_02.png,Phạm
1c785e9f7aa6fbf8a2b7_crop_12_word_00.png,Nghĩa
1c785e9f7aa6fbf8a2b7_crop_12_word_01.png,Minh
1c785e9f7aa6fbf8a2b7_crop_12_word_02.png,Thị
1c785e9f7aa6fbf8a2b7_crop_12_word_03.png,Vũ
1c785e9f7aa6fbf8a2b7_crop_13_word_00.png,Hiền
1c785e9f7aa6fbf8a2b7_crop_13_word_01.png,Mạnh
1c785e9f7aa6fbf8a2b7_crop_13_word_02.png,Hoàng
1c785e9f7aa6fbf8a2b7_crop_14_word_00.png,Thịnh
1c785e9f7aa6fbf8a2b7_crop_14_word_01.png,Thái
1c785e9f7aa6fbf8a2b7_crop_15_word_00.png,Thọ
1c785e9f7aa6fbf8a2b7_crop_15_word_01.png,Xuân
1c785e9f7aa6fbf8a2b7_crop_15_word_02.png,Đinh
1e610c22841d05435c0c_crop_01_word_00.png,Anh
1e610c22841d05435c0c_crop_01_word_01.png,Phương
1e610c22841d05435c0c_crop_01_word_02.png,Trần
1e610c22841d05435c0c_crop_02_word_00.png,Thảo
1e610c22841d05435c0c_crop_02_word_01.png,Phương
1e610c22841d05435c0c_crop_02_word_02.png,Lê
1e610c22841d05435c0c_crop_03_word_00.png,Oanh
1e610c22841d05435c0c_crop_03_word_01.png,Kiều
1e610c22841d05435c0c_crop_03_word_02.png,Thị
1e610c22841d05435c0c_crop_03_word_03.png,Phùng
1e610c22841d05435c0c_crop_04_word_00.png,Anh
1e610c22841d05435c0c_crop_04_word_01.png,Tuấn
1e610c22841d05435c0c_crop_04_word_02.png,Duy
1e610c22841d05435c0c_crop_04_word_03.png,Nguyễn
1e610c22841d05435c0c_crop_05_word_00.png,Khải
1e610c22841d05435c0c_crop_05_word_01.png,Gia
1e610c22841d05435c0c_crop_05_word_02.png,Hoàng
1e610c22841d05435c0c_crop_05_word_03.png,Nguyễn
1e610c22841d05435c0c_crop_06_word_00.png,Tú
1e610c22841d05435c0c_crop_06_word_01.png,Anh
1e610c22841d05435c0c_crop_06_word_02.png,Vũ
1e610c22841d05435c0c_crop_07_word_00.png,Yến
1e610c22841d05435c0c_crop_07_word_01.png,Thanh
1e610c22841d05435c0c_crop_07_word_02.png,Thi
1e610c22841d05435c0c_crop_07_word_03.png,Lê
1e610c22841d05435c0c_crop_08_word_00.png,Quang
1e610c22841d05435c0c_crop_08_word_01.png,Văn
1e610c22841d05435c0c_crop_08_word_02.png,Nguyễn
1e610c22841d05435c0c_crop_09_word_00.png,Minh
1e610c22841d05435c0c_crop_09_word_01.png,Quang
1e610c22841d05435c0c_crop_09_word_02.png,Tống
1e610c22841d05435c0c_crop_10_word_00.png,Giang
1e610c22841d05435c0c_crop_10_word_01.png,Trường
1e610c22841d05435c0c_crop_10_word_02.png,Võ
1e610c22841d05435c0c_crop_11_word_00.png,Mạnh
1e610c22841d05435c0c_crop_11_word_01.png,Đức
1e610c22841d05435c0c_crop_11_word_02.png,Tống
1e610c22841d05435c0c_crop_12_word_00.png,Trang
1e610c22841d05435c0c_crop_12_word_01.png,Mai
1e610c22841d05435c0c_crop_12_word_02.png,Thị
1e610c22841d05435c0c_crop_12_word_03.png,Nguyễn
1e610c22841d05435c0c_crop_13_word_00.png,Truyền
1e610c22841d05435c0c_crop_13_word_01.png,Kế
1e610c22841d05435c0c_crop_13_word_02.png,Nguyễn
1e610c22841d05435c0c_crop_14_word_00.png,Duyên
1e610c22841d05435c0c_crop_14_word_01.png,Mỹ
1e610c22841d05435c0c_crop_14_word_02.png,Thị
1e610c22841d05435c0c_crop_14_word_03.png,Đoàn
1e610c22841d05435c0c_crop_15_word_00.png,Nhung
1e610c22841d05435c0c_crop_15_word_01.png,Cẩm
1e610c22841d05435c0c_crop_15_word_02.png,Trịnh
200aeec3b5f334ad6de2_crop_01_word_00.png,Duy
200aeec3b5f334ad6de2_crop_01_word_01.png,Công
200aeec3b5f334ad6de2_crop_01_word_02.png,Trần
200aeec3b5f334ad6de2_crop_02_word_00.png,Lương
200aeec3b5f334ad6de2_crop_02_word_01.png,Văn
200aeec3b5f334ad6de2_crop_02_word_02.png,Trần
200aeec3b5f334ad6de2_crop_03_word_00.png,Quang
200aeec3b5f334ad6de2_crop_03_word_01.png,Minh
200aeec3b5f334ad6de2_crop_03_word_02.png,Lê
200aeec3b5f334ad6de2_crop_04_word_00.png,Thuần
200aeec3b5f334ad6de2_crop_04_word_01.png,Trí
200aeec3b5f334ad6de2_crop_04_word_02.png,Lương
200aeec3b5f334ad6de2_crop_05_word_00.png,Minh
200aeec3b5f334ad6de2_crop_05_word_01.png,Văn
200aeec3b5f334ad6de2_crop_05_word_02.png,Hoàng
200aeec3b5f334ad6de2_crop_06_word_00.png,Hiệu
200aeec3b5f334ad6de2_crop_06_word_01.png,Huy
200aeec3b5f334ad6de2_crop_06_word_02.png,Nguyễn
200aeec3b5f334ad6de2_crop_07_word_00.png,Quốc
200aeec3b5f334ad6de2_crop_07_word_01.png,Cường
200aeec3b5f334ad6de2_crop_07_word_02.png,Vũ
200aeec3b5f334ad6de2_crop_08_word_00.png,Sơn
200aeec3b5f334ad6de2_crop_08_word_01.png,Mai
200aeec3b5f334ad6de2_crop_08_word_02.png,Đào
200aeec3b5f334ad6de2_crop_09_word_00.png,Trình
200aeec3b5f334ad6de2_crop_09_word_01.png,Đức
200aeec3b5f334ad6de2_crop_09_word_02.png,Nông
200aeec3b5f334ad6de2_crop_10_word_00.png,Vỹ
200aeec3b5f334ad6de2_crop_10_word_01.png,Triệu
200aeec3b5f334ad6de2_crop_10_word_02.png,Trần
200aeec3b5f334ad6de2_crop_11_word_00.png,Trinh
200aeec3b5f334ad6de2_crop_11_word_01.png,Ngọc
200aeec3b5f334ad6de2_crop_11_word_02.png,Đào
200aeec3b5f334ad6de2_crop_12_word_00.png,Giang
200aeec3b5f334ad6de2_crop_12_word_01.png,Văn
200aeec3b5f334ad6de2_crop_12_word_02.png,Ngô
200aeec3b5f334ad6de2_crop_13_word_00.png,Quý
200aeec3b5f334ad6de2_crop_13_word_01.png,Phú
200aeec3b5f334ad6de2_crop_13_word_02.png,Nguyễn
200aeec3b5f334ad6de2_crop_14_word_00.png,Anh
200aeec3b5f334ad6de2_crop_14_word_01.png,Thế
200aeec3b5f334ad6de2_crop_14_word_02.png,Nguyễn
200aeec3b5f334ad6de2_crop_15_word_00.png,Đức
200aeec3b5f334ad6de2_crop_15_word_01.png,Hoàng
200aeec3b5f334ad6de2_crop_15_word_02.png,Đặng
2066e537b31e32406b0f_crop_01_word_00.png,Loan
2066e537b31e32406b0f_crop_01_word_01.png,Thúc
2066e537b31e32406b0f_crop_01_word_02.png,Mai
2066e537b31e32406b0f_crop_02_word_00.png,Sơn
2066e537b31e32406b0f_crop_02_word_01.png,Nguyễn
2066e537b31e32406b0f_crop_02_word_02.png,Đinh
2066e537b31e32406b0f_crop_03_word_00.png,Linh
2066e537b31e32406b0f_crop_03_word_01.png,Khánh
2066e537b31e32406b0f_crop_03_word_02.png,Lê
2066e537b31e32406b0f_crop_04_word_00.png,Loan
2066e537b31e32406b0f_crop_04_word_01.png,Khánh
2066e537b31e32406b0f_crop_04_word_02.png,Thị
2066e537b31e32406b0f_crop_04_word_03.png,Hồ
2066e537b31e32406b0f_crop_05_word_00.png,Quỳnh
2066e537b31e32406b0f_crop_05_word_01.png,Trúc
2066e537b31e32406b0f_crop_05_word_02.png,Mai
2066e537b31e32406b0f_crop_05_word_03.png,Nguyễn
2066e537b31e32406b0f_crop_06_word_00.png,Hưng
2066e537b31e32406b0f_crop_06_word_01.png,Khánh
2066e537b31e32406b0f_crop_06_word_02.png,Duy
2066e537b31e32406b0f_crop_06_word_03.png,Nguyễn
2066e537b31e32406b0f_crop_07_word_00.png,Toàn
2066e537b31e32406b0f_crop_07_word_01.png,Cảnh
2066e537b31e32406b0f_crop_07_word_02.png,Minh
2066e537b31e32406b0f_crop_07_word_03.png,Nguyễn
2066e537b31e32406b0f_crop_08_word_00.png,Dao
2066e537b31e32406b0f_crop_08_word_01.png,Quỳnh
2066e537b31e32406b0f_crop_08_word_02.png,Nhã
2066e537b31e32406b0f_crop_08_word_03.png,Trần
2066e537b31e32406b0f_crop_09_word_00.png,Phát
2066e537b31e32406b0f_crop_09_word_01.png,Tấn
2066e537b31e32406b0f_crop_09_word_02.png,Nam
2066e537b31e32406b0f_crop_09_word_03.png,Trần
2066e537b31e32406b0f_crop_10_word_00.png,Di
2066e537b31e32406b0f_crop_10_word_01.png,Băng
2066e537b31e32406b0f_crop_10_word_02.png,Kiều
2066e537b31e32406b0f_crop_10_word_03.png,Lê
2066e537b31e32406b0f_crop_11_word_00.png,San
2066e537b31e32406b0f_crop_11_word_01.png,Thục
2066e537b31e32406b0f_crop_11_word_02.png,Vy
2066e537b31e32406b0f_crop_11_word_03.png,Lê
2066e537b31e32406b0f_crop_12_word_00.png,Minh
2066e537b31e32406b0f_crop_12_word_01.png,Khánh
2066e537b31e32406b0f_crop_12_word_02.png,Nhật
2066e537b31e32406b0f_crop_12_word_03.png,Lê
2066e537b31e32406b0f_crop_13_word_00.png,Phương
2066e537b31e32406b0f_crop_13_word_01.png,Uyên
2066e537b31e32406b0f_crop_13_word_02.png,Phúc
2066e537b31e32406b0f_crop_13_word_03.png,Phạm
2066e537b31e32406b0f_crop_14_word_00.png,Đăng
2066e537b31e32406b0f_crop_14_word_01.png,Hoàng
2066e537b31e32406b0f_crop_14_word_02.png,Tuệ
2066e537b31e32406b0f_crop_14_word_03.png,Phạm
2066e537b31e32406b0f_crop_15_word_00.png,Liên
2066e537b31e32406b0f_crop_15_word_01.png,Như
2066e537b31e32406b0f_crop_15_word_02.png,Ngọc
2066e537b31e32406b0f_crop_15_word_03.png,Đinh
2d5b8590dea05ffe06b1_crop_01_word_00.png,Minh
2d5b8590dea05ffe06b1_crop_01_word_01.png,Nguyễn
2d5b8590dea05ffe06b1_crop_02_word_00.png,Khải
2d5b8590dea05ffe06b1_crop_02_word_01.png,Lê
2d5b8590dea05ffe06b1_crop_03_word_00.png,Giang
2d5b8590dea05ffe06b1_crop_03_word_01.png,Võ
2d5b8590dea05ffe06b1_crop_04_word_00.png,My
2d5b8590dea05ffe06b1_crop_04_word_01.png,Trà
2d5b8590dea05ffe06b1_crop_05_word_00.png,Vũ
2d5b8590dea05ffe06b1_crop_05_word_01.png,Khánh
2d5b8590dea05ffe06b1_crop_06_word_00.png,Ngọc
2d5b8590dea05ffe06b1_crop_06_word_01.png,Quý
2d5b8590dea05ffe06b1_crop_06_word_02.png,Đặng
2d5b8590dea05ffe06b1_crop_06_word_03.png,Lê
2d5b8590dea05ffe06b1_crop_07_word_00.png,Ngc
2d5b8590dea05ffe06b1_crop_07_word_01.png,Bảo
2d5b8590dea05ffe06b1_crop_07_word_02.png,Thị
2d5b8590dea05ffe06b1_crop_07_word_03.png,Đặng
2d5b8590dea05ffe06b1_crop_08_word_00.png,Ngọc
2d5b8590dea05ffe06b1_crop_08_word_01.png,Minh
2d5b8590dea05ffe06b1_crop_08_word_02.png,Thân
2d5b8590dea05ffe06b1_crop_09_word_00.png,Truyền
2d5b8590dea05ffe06b1_crop_09_word_01.png,Kế
2d5b8590dea05ffe06b1_crop_09_word_02.png,Nguyễn
2d5b8590dea05ffe06b1_crop_10_word_00.png,Công
2d5b8590dea05ffe06b1_crop_10_word_01.png,Thành
2d5b8590dea05ffe06b1_crop_10_word_02.png,Lê
2d5b8590dea05ffe06b1_crop_11_word_00.png,Phong
2d5b8590dea05ffe06b1_crop_11_word_01.png,Hồng
2d5b8590dea05ffe06b1_crop_11_word_02.png,Lê
2d5b8590dea05ffe06b1_crop_12_word_00.png,Trung
2d5b8590dea05ffe06b1_crop_12_word_01.png,Quang
2d5b8590dea05ffe06b1_crop_13_word_00.png,Huệ
2d5b8590dea05ffe06b1_crop_13_word_01.png,Nguyễn
2d5b8590dea05ffe06b1_crop_14_word_00.png,Khai
2d5b8590dea05ffe06b1_crop_14_word_01.png,Minh
2d5b8590dea05ffe06b1_crop_14_word_02.png,Thị
2d5b8590dea05ffe06b1_crop_14_word_03.png,Nguyễn
2d5b8590dea05ffe06b1_crop_15_word_00.png,Châu
2d5b8590dea05ffe06b1_crop_15_word_01.png,Minh
2d5b8590dea05ffe06b1_crop_15_word_02.png,Tín
2d5b8590dea05ffe06b1_crop_15_word_03.png,Bảo
2e0b523104188546dc09_crop_01_word_00.png,Tuấn
2e0b523104188546dc09_crop_01_word_01.png,Phương
2e0b523104188546dc09_crop_01_word_02.png,Trần
2e0b523104188546dc09_crop_01_word_03.png,Trịnh
2e0b523104188546dc09_crop_02_word_00.png,Cung
2e0b523104188546dc09_crop_02_word_01.png,Sinh
2e0b523104188546dc09_crop_02_word_02.png,Nguyễn
2e0b523104188546dc09_crop_03_word_00.png,Thành
2e0b523104188546dc09_crop_03_word_01.png,Tất
2e0b523104188546dc09_crop_03_word_02.png,Nguyễn
2e0b523104188546dc09_crop_04_word_00.png,Quốc
2e0b523104188546dc09_crop_04_word_01.png,Ái
2e0b523104188546dc09_crop_04_word_02.png,Nguyễn
2e0b523104188546dc09_crop_05_word_00.png,Kiệt
2e0b523104188546dc09_crop_05_word_01.png,Thường
2e0b523104188546dc09_crop_05_word_02.png,Lý
2e0b523104188546dc09_crop_06_word_00.png,Trãi
2e0b523104188546dc09_crop_06_word_01.png,Nguyễn
2e0b523104188546dc09_crop_07_word_00.png,Tuấn
2e0b523104188546dc09_crop_07_word_01.png,Quốc
2e0b523104188546dc09_crop_07_word_02.png,Trần
2e0b523104188546dc09_crop_08_word_00.png,Giáp
2e0b523104188546dc09_crop_08_word_01.png,Nguyên
2e0b523104188546dc09_crop_08_word_02.png,Võ
2e0b523104188546dc09_crop_09_word_00.png,Quang
2e0b523104188546dc09_crop_09_word_01.png,Tam
2e0b523104188546dc09_crop_09_word_02.png,Lương
2e0b523104188546dc09_crop_10_word_00.png,Giang
2e0b523104188546dc09_crop_10_word_01.png,Văn
2e0b523104188546dc09_crop_10_word_02.png,Phan
2e0b523104188546dc09_crop_11_word_00.png,Lâm
2e0b523104188546dc09_crop_11_word_01.png,Tô
2e0b523104188546dc09_crop_12_word_00.png,Mẫn
2e0b523104188546dc09_crop_12_word_01.png,Thanh
2e0b523104188546dc09_crop_12_word_02.png,Trần
2e0b523104188546dc09_crop_13_word_00.png,Hưng
2e0b523104188546dc09_crop_13_word_01.png,Minh
2e0b523104188546dc09_crop_13_word_02.png,Lê
2e0b523104188546dc09_crop_14_word_00.png,Tú
2e0b523104188546dc09_crop_14_word_01.png,Cầm
2e0b523104188546dc09_crop_14_word_02.png,Trần
2e0b523104188546dc09_crop_15_word_00.png,Trọng
2e0b523104188546dc09_crop_15_word_01.png,Phúc
2e0b523104188546dc09_crop_15_word_02.png,Nguyễn
2e2f6ee34adacb8492cb_crop_01_word_00.png,Quốc
2e2f6ee34adacb8492cb_crop_01_word_01.png,Cường
2e2f6ee34adacb8492cb_crop_01_word_02.png,Vũ
2e2f6ee34adacb8492cb_crop_02_word_00.png,Phương
2e2f6ee34adacb8492cb_crop_02_word_01.png,Thị
2e2f6ee34adacb8492cb_crop_02_word_02.png,Nguyễn
2e2f6ee34adacb8492cb_crop_03_word_00.png,Thúc
2e2f6ee34adacb8492cb_crop_03_word_01.png,Văn
2e2f6ee34adacb8492cb_crop_03_word_02.png,Lê
2e2f6ee34adacb8492cb_crop_04_word_00.png,Thủy
2e2f6ee34adacb8492cb_crop_04_word_01.png,Thu
2e2f6ee34adacb8492cb_crop_04_word_02.png,Thị
2e2f6ee34adacb8492cb_crop_04_word_03.png,Phạm
2e2f6ee34adacb8492cb_crop_05_word_00.png,Thắng
2e2f6ee34adacb8492cb_crop_05_word_01.png,Đức
2e2f6ee34adacb8492cb_crop_05_word_02.png,Vũ
2e2f6ee34adacb8492cb_crop_06_word_00.png,Đức
2e2f6ee34adacb8492cb_crop_06_word_01.png,Anh
2e2f6ee34adacb8492cb_crop_06_word_02.png,Hà
2e2f6ee34adacb8492cb_crop_07_word_00.png,Thịnh
2e2f6ee34adacb8492cb_crop_07_word_01.png,Huy
2e2f6ee34adacb8492cb_crop_07_word_02.png,Khổng
2e2f6ee34adacb8492cb_crop_08_word_00.png,Dũng
2e2f6ee34adacb8492cb_crop_08_word_01.png,Đình
2e2f6ee34adacb8492cb_crop_08_word_02.png,Đỗ
2e2f6ee34adacb8492cb_crop_09_word_00.png,Phương
2e2f6ee34adacb8492cb_crop_09_word_01.png,Lan
2e2f6ee34adacb8492cb_crop_09_word_02.png,Trần
2e2f6ee34adacb8492cb_crop_10_word_00.png,Xuyên
2e2f6ee34adacb8492cb_crop_10_word_01.png,Thị
2e2f6ee34adacb8492cb_crop_10_word_02.png,Nguyễn
2e2f6ee34adacb8492cb_crop_11_word_00.png,Hoàng
2e2f6ee34adacb8492cb_crop_11_word_01.png,Tuấn
2e2f6ee34adacb8492cb_crop_11_word_02.png,Nguyễn
2e2f6ee34adacb8492cb_crop_12_word_00.png,Diện
2e2f6ee34adacb8492cb_crop_12_word_01.png,Văn
2e2f6ee34adacb8492cb_crop_12_word_02.png,Hà
2e2f6ee34adacb8492cb_crop_13_word_00.png,Ngân
2e2f6ee34adacb8492cb_crop_13_word_01.png,Kim
2e2f6ee34adacb8492cb_crop_13_word_02.png,Thị
2e2f6ee34adacb8492cb_crop_13_word_03.png,Nguyễn
2e2f6ee34adacb8492cb_crop_14_word_00.png,Nam
2e2f6ee34adacb8492cb_crop_14_word_01.png,Văn
2e2f6ee34adacb8492cb_crop_14_word_02.png,Phạm
2e2f6ee34adacb8492cb_crop_15_word_00.png,Quý
2e2f6ee34adacb8492cb_crop_15_word_01.png,Phú
2e2f6ee34adacb8492cb_crop_15_word_02.png,Nguyễn
33f097a1c18840d61999_crop_01_word_00.png,Hải
33f097a1c18840d61999_crop_01_word_01.png,Ngọc
33f097a1c18840d61999_crop_01_word_02.png,Quế
33f097a1c18840d61999_crop_02_word_00.png,Mạnh
33f097a1c18840d61999_crop_02_word_01.png,Xuân
33f097a1c18840d61999_crop_02_word_02.png,Phạm
33f097a1c18840d61999_crop_03_word_00.png,Đức
33f097a1c18840d61999_crop_03_word_01.png,Văn
33f097a1c18840d61999_crop_03_word_02.png,Phan
33f097a1c18840d61999_crop_04_word_00.png,Sơn
33f097a1c18840d61999_crop_04_word_01.png,Sỹ
33f097a1c18840d61999_crop_04_word_02.png,Văn
33f097a1c18840d61999_crop_05_word_00.png,Anh
33f097a1c18840d61999_crop_05_word_01.png,Minh
33f097a1c18840d61999_crop_05_word_02.png,Lê
33f097a1c18840d61999_crop_05_word_03.png,Nguyễn
33f097a1c18840d61999_crop_06_word_00.png,Cầm
33f097a1c18840d61999_crop_06_word_01.png,Nguyệt
33f097a1c18840d61999_crop_06_word_02.png,Kiều
33f097a1c18840d61999_crop_06_word_03.png,Hoàng
33f097a1c18840d61999_crop_07_word_00.png,Anh
33f097a1c18840d61999_crop_07_word_01.png,Tuệ
33f097a1c18840d61999_crop_07_word_02.png,Phương
33f097a1c18840d61999_crop_07_word_03.png,Lê
33f097a1c18840d61999_crop_08_word_00.png,Dung
33f097a1c18840d61999_crop_08_word_01.png,Hạnh
33f097a1c18840d61999_crop_08_word_02.png,Kiều
33f097a1c18840d61999_crop_08_word_03.png,Trần
33f097a1c18840d61999_crop_09_word_00.png,Lam
33f097a1c18840d61999_crop_09_word_01.png,Tường
33f097a1c18840d61999_crop_09_word_02.png,Ngọc
33f097a1c18840d61999_crop_09_word_03.png,Phạm
33f097a1c18840d61999_crop_10_word_00.png,Anh
33f097a1c18840d61999_crop_10_word_01.png,Hải
33f097a1c18840d61999_crop_10_word_02.png,Hoàng
33f097a1c18840d61999_crop_10_word_03.png,Hữu
33f097a1c18840d61999_crop_10_word_04.png,Nguyễn
33f097a1c18840d61999_crop_11_word_00.png,Mai
33f097a1c18840d61999_crop_11_word_01.png,Chi
33f097a1c18840d61999_crop_11_word_02.png,Ngọc
33f097a1c18840d61999_crop_11_word_03.png,Vũ
33f097a1c18840d61999_crop_12_word_00.png,Chi
33f097a1c18840d61999_crop_12_word_01.png,Uyển
33f097a1c18840d61999_crop_12_word_02.png,Đỗ
33f097a1c18840d61999_crop_13_word_00.png,Khải
33f097a1c18840d61999_crop_13_word_01.png,Gia
33f097a1c18840d61999_crop_13_word_02.png,Hoàng
33f097a1c18840d61999_crop_13_word_03.png,Nguyễn
33f097a1c18840d61999_crop_14_word_00.png,Anh
33f097a1c18840d61999_crop_14_word_01.png,Đức
33f097a1c18840d61999_crop_14_word_02.png,Gia
33f097a1c18840d61999_crop_14_word_03.png,Nguyễn
33f097a1c18840d61999_crop_15_word_00.png,Đăng
33f097a1c18840d61999_crop_15_word_01.png,Minh
33f097a1c18840d61999_crop_15_word_02.png,Thái
33f097a1c18840d61999_crop_15_word_03.png,Hoàng
368e37691350920ecb41_crop_01_word_00.png,Trường
368e37691350920ecb41_crop_01_word_01.png,Văn
368e37691350920ecb41_crop_01_word_02.png,Nguyễn
368e37691350920ecb41_crop_02_word_00.png,Trang
368e37691350920ecb41_crop_02_word_01.png,Huyền
368e37691350920ecb41_crop_02_word_02.png,Thị
368e37691350920ecb41_crop_02_word_03.png,Trần
368e37691350920ecb41_crop_03_word_00.png,Lan
368e37691350920ecb41_crop_03_word_01.png,Thị
368e37691350920ecb41_crop_03_word_02.png,Lê
368e37691350920ecb41_crop_04_word_00.png,Hải
368e37691350920ecb41_crop_04_word_01.png,Tiến
368e37691350920ecb41_crop_04_word_02.png,Cao
368e37691350920ecb41_crop_05_word_00.png,Yến
368e37691350920ecb41_crop_05_word_01.png,Hải
368e37691350920ecb41_crop_05_word_02.png,Thị
368e37691350920ecb41_crop_05_word_03.png,Nguyễn
368e37691350920ecb41_crop_06_word_00.png,Loan
368e37691350920ecb41_crop_06_word_01.png,Thanh
368e37691350920ecb41_crop_06_word_02.png,Nguyễn
368e37691350920ecb41_crop_07_word_00.png,Yên
368e37691350920ecb41_crop_07_word_01.png,Thanh
368e37691350920ecb41_crop_07_word_02.png,Thị
368e37691350920ecb41_crop_07_word_03.png,Lê
368e37691350920ecb41_crop_08_word_00.png,Tuấn
368e37691350920ecb41_crop_08_word_01.png,Công
368e37691350920ecb41_crop_08_word_02.png,Trịnh
368e37691350920ecb41_crop_09_word_00.png,Lịch
368e37691350920ecb41_crop_09_word_01.png,Thị
368e37691350920ecb41_crop_09_word_02.png,Hoàng
368e37691350920ecb41_crop_10_word_00.png,Hồng
368e37691350920ecb41_crop_10_word_01.png,Thúy
368e37691350920ecb41_crop_10_word_02.png,Thị
368e37691350920ecb41_crop_10_word_03.png,Đặng
368e37691350920ecb41_crop_11_word_00.png,Hoàng
368e37691350920ecb41_crop_11_word_01.png,Minh
368e37691350920ecb41_crop_11_word_02.png,Lê
368e37691350920ecb41_crop_12_word_00.png,Hưng
368e37691350920ecb41_crop_12_word_01.png,Quốc
368e37691350920ecb41_crop_12_word_02.png,Phạm
368e37691350920ecb41_crop_13_word_00.png,Dương
368e37691350920ecb41_crop_13_word_01.png,Ngọc
368e37691350920ecb41_crop_13_word_02.png,Phạm
368e37691350920ecb41_crop_14_word_00.png,Phúc
368e37691350920ecb41_crop_14_word_01.png,Văn
368e37691350920ecb41_crop_14_word_02.png,Lê
368e37691350920ecb41_crop_15_word_00.png,Giang
368e37691350920ecb41_crop_15_word_01.png,Văn
368e37691350920ecb41_crop_15_word_02.png,Ngô
380adc5b8a720b2c5263_crop_01_word_00.png,Lâm
380adc5b8a720b2c5263_crop_01_word_01.png,Tùng
380adc5b8a720b2c5263_crop_01_word_02.png,Nguyễn
380adc5b8a720b2c5263_crop_02_word_00.png,Trang
380adc5b8a720b2c5263_crop_02_word_01.png,Thúy
380adc5b8a720b2c5263_crop_02_word_02.png,Thị
380adc5b8a720b2c5263_crop_02_word_03.png,Vũ
380adc5b8a720b2c5263_crop_03_word_00.png,Nga
380adc5b8a720b2c5263_crop_03_word_01.png,Hằng
380adc5b8a720b2c5263_crop_03_word_02.png,Thanh
380adc5b8a720b2c5263_crop_03_word_03.png,Vũ
380adc5b8a720b2c5263_crop_04_word_00.png,Nga
380adc5b8a720b2c5263_crop_04_word_01.png,Thúy
380adc5b8a720b2c5263_crop_04_word_02.png,Hoàng
380adc5b8a720b2c5263_crop_05_word_00.png,Tâm
380adc5b8a720b2c5263_crop_05_word_01.png,Lương
380adc5b8a720b2c5263_crop_05_word_02.png,Văn
380adc5b8a720b2c5263_crop_05_word_03.png,Trần
380adc5b8a720b2c5263_crop_06_word_00.png,Trình
380adc5b8a720b2c5263_crop_06_word_01.png,Đức
380adc5b8a720b2c5263_crop_06_word_02.png,Nông
380adc5b8a720b2c5263_crop_07_word_00.png,Yến
380adc5b8a720b2c5263_crop_07_word_01.png,Hải
380adc5b8a720b2c5263_crop_07_word_02.png,Thị
380adc5b8a720b2c5263_crop_07_word_03.png,Nguyễn
380adc5b8a720b2c5263_crop_08_word_00.png,Thảo
380adc5b8a720b2c5263_crop_08_word_01.png,Huyền
380adc5b8a720b2c5263_crop_08_word_02.png,Thị
380adc5b8a720b2c5263_crop_08_word_03.png,Phạm
380adc5b8a720b2c5263_crop_09_word_00.png,Phương
380adc5b8a720b2c5263_crop_09_word_01.png,Lan
380adc5b8a720b2c5263_crop_09_word_02.png,Trần
380adc5b8a720b2c5263_crop_10_word_00.png,Nụ
380adc5b8a720b2c5263_crop_10_word_01.png,Thị
380adc5b8a720b2c5263_crop_10_word_02.png,Nguyễn
380adc5b8a720b2c5263_crop_11_word_00.png,Nga
380adc5b8a720b2c5263_crop_11_word_01.png,Thu
380adc5b8a720b2c5263_crop_11_word_02.png,Thị
380adc5b8a720b2c5263_crop_11_word_03.png,Nguyễn
380adc5b8a720b2c5263_crop_12_word_00.png,Duy
380adc5b8a720b2c5263_crop_12_word_01.png,Công
380adc5b8a720b2c5263_crop_12_word_02.png,Trần
380adc5b8a720b2c5263_crop_13_word_00.png,Dương
380adc5b8a720b2c5263_crop_13_word_01.png,Tuấn
380adc5b8a720b2c5263_crop_13_word_02.png,Phan
380adc5b8a720b2c5263_crop_14_word_00.png,Nam
380adc5b8a720b2c5263_crop_14_word_01.png,Văn
380adc5b8a720b2c5263_crop_14_word_02.png,Phạm
380adc5b8a720b2c5263_crop_15_word_00.png,Cát
380adc5b8a720b2c5263_crop_15_word_01.png,Cường
380adc5b8a720b2c5263_crop_15_word_02.png,Quốc
380adc5b8a720b2c5263_crop_15_word_03.png,Vũ
38480d215711d64f8f00_crop_01_word_00.png,Ly
38480d215711d64f8f00_crop_01_word_01.png,Hà
38480d215711d64f8f00_crop_01_word_02.png,Phương
38480d215711d64f8f00_crop_02_word_00.png,Ngọc
38480d215711d64f8f00_crop_02_word_01.png,Minh
38480d215711d64f8f00_crop_02_word_02.png,Phương
38480d215711d64f8f00_crop_03_word_00.png,Thanh
38480d215711d64f8f00_crop_03_word_01.png,Bảo
38480d215711d64f8f00_crop_03_word_02.png,Phương
38480d215711d64f8f00_crop_04_word_00.png,Tâm
38480d215711d64f8f00_crop_04_word_01.png,Ngọc
38480d215711d64f8f00_crop_04_word_02.png,Phương
38480d215711d64f8f00_crop_05_word_00.png,Đào
38480d215711d64f8f00_crop_05_word_01.png,Trúc
38480d215711d64f8f00_crop_05_word_02.png,Phương
38480d215711d64f8f00_crop_06_word_00.png,Đan
38480d215711d64f8f00_crop_06_word_01.png,Yên
38480d215711d64f8f00_crop_06_word_02.png,Cát
38480d215711d64f8f00_crop_07_word_00.png,Đường
38480d215711d64f8f00_crop_07_word_01.png,Hải
38480d215711d64f8f00_crop_07_word_02.png,Cát
38480d215711d64f8f00_crop_08_word_00.png,Yên
38480d215711d64f8f00_crop_08_word_01.png,Tường
38480d215711d64f8f00_crop_08_word_02.png,Cát
38480d215711d64f8f00_crop_09_word_00.png,Phương
38480d215711d64f8f00_crop_09_word_01.png,Nhã
38480d215711d64f8f00_crop_09_word_02.png,Cát
38480d215711d64f8f00_crop_10_word_00.png,Anh
38480d215711d64f8f00_crop_10_word_01.png,Diệu
38480d215711d64f8f00_crop_10_word_02.png,Cát
38480d215711d64f8f00_crop_11_word_00.png,Dung
38480d215711d64f8f00_crop_11_word_01.png,Thanh
38480d215711d64f8f00_crop_11_word_02.png,Kim
38480d215711d64f8f00_crop_12_word_00.png,Ngọc
38480d215711d64f8f00_crop_12_word_01.png,Lan
38480d215711d64f8f00_crop_12_word_02.png,Kim
38480d215711d64f8f00_crop_13_word_00.png,Trinh
38480d215711d64f8f00_crop_13_word_01.png,Ngọc
38480d215711d64f8f00_crop_13_word_02.png,Kim
38480d215711d64f8f00_crop_14_word_00.png,Vân
38480d215711d64f8f00_crop_14_word_01.png,Thanh
38480d215711d64f8f00_crop_14_word_02.png,Kim
38480d215711d64f8f00_crop_15_word_00.png,Hiền
38480d215711d64f8f00_crop_15_word_01.png,Diệu
38480d215711d64f8f00_crop_15_word_02.png,Kim
3864bcabe79b66c53f8a_crop_01_word_00.png,Châu
3864bcabe79b66c53f8a_crop_01_word_01.png,Minh
3864bcabe79b66c53f8a_crop_01_word_02.png,Kiều
3864bcabe79b66c53f8a_crop_02_word_00.png,Tú
3864bcabe79b66c53f8a_crop_02_word_01.png,Minh
3864bcabe79b66c53f8a_crop_02_word_02.png,Kiều
3864bcabe79b66c53f8a_crop_03_word_00.png,Hà
3864bcabe79b66c53f8a_crop_03_word_01.png,Ngọc
3864bcabe79b66c53f8a_crop_03_word_02.png,Kiều
3864bcabe79b66c53f8a_crop_04_word_00.png,Dung
3864bcabe79b66c53f8a_crop_04_word_01.png,Ngọc
3864bcabe79b66c53f8a_crop_04_word_02.png,Kiều
3864bcabe79b66c53f8a_crop_05_word_00.png,Thụ
3864bcabe79b66c53f8a_crop_05_word_01.png,Minh
3864bcabe79b66c53f8a_crop_05_word_02.png,Kiều
3864bcabe79b66c53f8a_crop_06_word_00.png,Bảo
3864bcabe79b66c53f8a_crop_06_word_01.png,Gia
3864bcabe79b66c53f8a_crop_06_word_02.png,Minh
3864bcabe79b66c53f8a_crop_06_word_03.png,Hoàng
3864bcabe79b66c53f8a_crop_06_word_04.png,Nguyễn
3864bcabe79b66c53f8a_crop_07_word_00.png,Ngc
3864bcabe79b66c53f8a_crop_07_word_01.png,Bảo
3864bcabe79b66c53f8a_crop_07_word_02.png,Hân
3864bcabe79b66c53f8a_crop_07_word_03.png,Gia
3864bcabe79b66c53f8a_crop_07_word_04.png,Lê
3864bcabe79b66c53f8a_crop_08_word_00.png,Huy
3864bcabe79b66c53f8a_crop_08_word_01.png,Quang
3864bcabe79b66c53f8a_crop_08_word_02.png,Minh
3864bcabe79b66c53f8a_crop_08_word_03.png,Nhật
3864bcabe79b66c53f8a_crop_08_word_04.png,Phạm
3864bcabe79b66c53f8a_crop_09_word_00.png,Châu
3864bcabe79b66c53f8a_crop_09_word_01.png,Minh
3864bcabe79b66c53f8a_crop_09_word_02.png,Anh
3864bcabe79b66c53f8a_crop_09_word_03.png,Quỳnh
3864bcabe79b66c53f8a_crop_09_word_04.png,Đỗ
3864bcabe79b66c53f8a_crop_10_word_00.png,Phúc
3864bcabe79b66c53f8a_crop_10_word_01.png,Thiên
3864bcabe79b66c53f8a_crop_10_word_02.png,Bảo
3864bcabe79b66c53f8a_crop_10_word_03.png,Gia
3864bcabe79b66c53f8a_crop_10_word_04.png,Huỳnh
3864bcabe79b66c53f8a_crop_11_word_00.png,Đức
3864bcabe79b66c53f8a_crop_11_word_01.png,Minh
3864bcabe79b66c53f8a_crop_11_word_02.png,Quang
3864bcabe79b66c53f8a_crop_11_word_03.png,Nhật
3864bcabe79b66c53f8a_crop_11_word_04.png,Phan
3864bcabe79b66c53f8a_crop_12_word_00.png,Khang
3864bcabe79b66c53f8a_crop_12_word_01.png,Minh
3864bcabe79b66c53f8a_crop_12_word_02.png,Gia
3864bcabe79b66c53f8a_crop_12_word_03.png,Hoàng
3864bcabe79b66c53f8a_crop_12_word_04.png,Võ
3864bcabe79b66c53f8a_crop_13_word_00.png,Kiệt
3864bcabe79b66c53f8a_crop_13_word_01.png,Tuấn
3864bcabe79b66c53f8a_crop_13_word_02.png,Anh
3864bcabe79b66c53f8a_crop_13_word_03.png,Minh
3864bcabe79b66c53f8a_crop_13_word_04.png,Đặng
3864bcabe79b66c53f8a_crop_14_word_00.png,Anh
3864bcabe79b66c53f8a_crop_14_word_01.png,Ngọc
3864bcabe79b66c53f8a_crop_14_word_02.png,Linh
3864bcabe79b66c53f8a_crop_14_word_03.png,Khinh
3864bcabe79b66c53f8a_crop_14_word_04.png,Trần
3864bcabe79b66c53f8a_crop_15_word_00.png,My
3864bcabe79b66c53f8a_crop_15_word_01.png,Diênm
3864bcabe79b66c53f8a_crop_15_word_02.png,Ngọc
3864bcabe79b66c53f8a_crop_15_word_03.png,Thanh
3864bcabe79b66c53f8a_crop_15_word_04.png,Bùi
3c409b37c10740591916_crop_01_word_00.png,Nam
3c409b37c10740591916_crop_01_word_01.png,Văn
3c409b37c10740591916_crop_01_word_02.png,Nguyễn
3c409b37c10740591916_crop_02_word_00.png,Nam
3c409b37c10740591916_crop_02_word_01.png,Phương
3c409b37c10740591916_crop_02_word_02.png,Phạm
3c409b37c10740591916_crop_03_word_00.png,Hoàng
3c409b37c10740591916_crop_03_word_01.png,Quốc
3c409b37c10740591916_crop_03_word_02.png,Dương
3c409b37c10740591916_crop_04_word_00.png,Tuấn
3c409b37c10740591916_crop_04_word_01.png,Anh
3c409b37c10740591916_crop_04_word_02.png,Nguyễn
3c409b37c10740591916_crop_05_word_00.png,Kiên
3c409b37c10740591916_crop_05_word_01.png,Thành
3c409b37c10740591916_crop_05_word_02.png,Đặng
3c409b37c10740591916_crop_06_word_00.png,Đăng
3c409b37c10740591916_crop_06_word_01.png,Văn
3c409b37c10740591916_crop_06_word_02.png,Trần
3c409b37c10740591916_crop_07_word_00.png,Hải
3c409b37c10740591916_crop_07_word_01.png,Quang
3c409b37c10740591916_crop_07_word_02.png,Nguyễn
3c409b37c10740591916_crop_08_word_00.png,Lâm
3c409b37c10740591916_crop_08_word_01.png,Văn
3c409b37c10740591916_crop_08_word_02.png,Đặng
3c409b37c10740591916_crop_09_word_00.png,Tuấn
3c409b37c10740591916_crop_09_word_01.png,Anh
3c409b37c10740591916_crop_09_word_02.png,Bùi
3c409b37c10740591916_crop_10_word_00.png,Linh
3c409b37c10740591916_crop_10_word_01.png,Khánh
3c409b37c10740591916_crop_10_word_02.png,Thị
3c409b37c10740591916_crop_10_word_03.png,Phạm
3c409b37c10740591916_crop_11_word_00.png,Đào
3c409b37c10740591916_crop_11_word_01.png,Anh
3c409b37c10740591916_crop_11_word_02.png,Phương
3c409b37c10740591916_crop_11_word_03.png,Đào
3c409b37c10740591916_crop_12_word_00.png,Chiến
3c409b37c10740591916_crop_12_word_01.png,Quyết
3c409b37c10740591916_crop_12_word_02.png,Trần
3c409b37c10740591916_crop_13_word_00.png,Nam
3c409b37c10740591916_crop_13_word_01.png,Văn
3c409b37c10740591916_crop_13_word_02.png,Hoàng
3c409b37c10740591916_crop_14_word_00.png,Dng
3c409b37c10740591916_crop_14_word_01.png,Hùng
3c409b37c10740591916_crop_14_word_02.png,Đỗ
3c409b37c10740591916_crop_15_word_00.png,Liệu
3c409b37c10740591916_crop_15_word_01.png,Nguyễn
3d1a1dca46fac7a49eeb_crop_01_word_00.png,Châu
3d1a1dca46fac7a49eeb_crop_01_word_01.png,Minh
3d1a1dca46fac7a49eeb_crop_01_word_02.png,Kiều
3d1a1dca46fac7a49eeb_crop_02_word_00.png,Tú
3d1a1dca46fac7a49eeb_crop_02_word_01.png,Minh
3d1a1dca46fac7a49eeb_crop_02_word_02.png,Kiều
3d1a1dca46fac7a49eeb_crop_03_word_00.png,Hà
3d1a1dca46fac7a49eeb_crop_03_word_01.png,Ngọc
3d1a1dca46fac7a49eeb_crop_03_word_02.png,Kiều
3d1a1dca46fac7a49eeb_crop_04_word_00.png,Dung
3d1a1dca46fac7a49eeb_crop_04_word_01.png,Ngọc
3d1a1dca46fac7a49eeb_crop_04_word_02.png,Kiều
3d1a1dca46fac7a49eeb_crop_05_word_00.png,Thụ
3d1a1dca46fac7a49eeb_crop_05_word_01.png,Minh
3d1a1dca46fac7a49eeb_crop_05_word_02.png,Kiều
3d1a1dca46fac7a49eeb_crop_06_word_00.png,Bảo
3d1a1dca46fac7a49eeb_crop_06_word_01.png,Gia
3d1a1dca46fac7a49eeb_crop_06_word_02.png,Minh
3d1a1dca46fac7a49eeb_crop_06_word_03.png,Hoàng
3d1a1dca46fac7a49eeb_crop_06_word_04.png,Nguyễn
3d1a1dca46fac7a49eeb_crop_07_word_00.png,Ngọc
3d1a1dca46fac7a49eeb_crop_07_word_01.png,Bảo
3d1a1dca46fac7a49eeb_crop_07_word_02.png,Hân
3d1a1dca46fac7a49eeb_crop_07_word_03.png,Gia
3d1a1dca46fac7a49eeb_crop_07_word_04.png,Lê
3d1a1dca46fac7a49eeb_crop_08_word_00.png,Huy
3d1a1dca46fac7a49eeb_crop_08_word_01.png,Quang
3d1a1dca46fac7a49eeb_crop_08_word_02.png,Minh
3d1a1dca46fac7a49eeb_crop_08_word_03.png,Nhật
3d1a1dca46fac7a49eeb_crop_08_word_04.png,Phạm
3d1a1dca46fac7a49eeb_crop_09_word_00.png,Châu
3d1a1dca46fac7a49eeb_crop_09_word_01.png,Minh
3d1a1dca46fac7a49eeb_crop_09_word_02.png,Anh
3d1a1dca46fac7a49eeb_crop_09_word_03.png,Quỳnh
3d1a1dca46fac7a49eeb_crop_09_word_04.png,Đỗ
3d1a1dca46fac7a49eeb_crop_10_word_00.png,Phúc
3d1a1dca46fac7a49eeb_crop_10_word_01.png,Thiên
3d1a1dca46fac7a49eeb_crop_10_word_02.png,Bảo
3d1a1dca46fac7a49eeb_crop_10_word_03.png,Gia
3d1a1dca46fac7a49eeb_crop_10_word_04.png,Huỳnh
3d1a1dca46fac7a49eeb_crop_11_word_00.png,Đức
3d1a1dca46fac7a49eeb_crop_11_word_01.png,Minh
3d1a1dca46fac7a49eeb_crop_11_word_02.png,Quang
3d1a1dca46fac7a49eeb_crop_11_word_03.png,Nhật
3d1a1dca46fac7a49eeb_crop_11_word_04.png,Phan
3d1a1dca46fac7a49eeb_crop_12_word_00.png,Khang
3d1a1dca46fac7a49eeb_crop_12_word_01.png,Minh
3d1a1dca46fac7a49eeb_crop_12_word_02.png,Gia
3d1a1dca46fac7a49eeb_crop_12_word_03.png,Hoàng
3d1a1dca46fac7a49eeb_crop_12_word_04.png,Võ
3d1a1dca46fac7a49eeb_crop_13_word_00.png,Kiệt
3d1a1dca46fac7a49eeb_crop_13_word_01.png,Tuấn
3d1a1dca46fac7a49eeb_crop_13_word_02.png,Anh
3d1a1dca46fac7a49eeb_crop_13_word_03.png,Minh
3d1a1dca46fac7a49eeb_crop_13_word_04.png,Đặng
3d1a1dca46fac7a49eeb_crop_14_word_00.png,Anh
3d1a1dca46fac7a49eeb_crop_14_word_01.png,Ngọc
3d1a1dca46fac7a49eeb_crop_14_word_02.png,Linh
3d1a1dca46fac7a49eeb_crop_14_word_03.png,Khánh
3d1a1dca46fac7a49eeb_crop_14_word_04.png,Trần
3d1a1dca46fac7a49eeb_crop_15_word_00.png,My
3d1a1dca46fac7a49eeb_crop_15_word_01.png,Dinm
3d1a1dca46fac7a49eeb_crop_15_word_02.png,Ngọc
3d1a1dca46fac7a49eeb_crop_15_word_03.png,Thanh
3d1a1dca46fac7a49eeb_crop_15_word_04.png,Bùi
477fdb9dffa47efa27b5_crop_01_word_00.png,Hương
477fdb9dffa47efa27b5_crop_01_word_01.png,Thiên
477fdb9dffa47efa27b5_crop_01_word_02.png,Đặng
477fdb9dffa47efa27b5_crop_02_word_00.png,Liên
477fdb9dffa47efa27b5_crop_02_word_01.png,Thúy
477fdb9dffa47efa27b5_crop_02_word_02.png,Bùi
477fdb9dffa47efa27b5_crop_03_word_00.png,Chung
477fdb9dffa47efa27b5_crop_03_word_01.png,Thị
477fdb9dffa47efa27b5_crop_03_word_02.png,Bế
477fdb9dffa47efa27b5_crop_04_word_00.png,Tuyên
477fdb9dffa47efa27b5_crop_04_word_01.png,Văn
477fdb9dffa47efa27b5_crop_04_word_02.png,Nguyễn
477fdb9dffa47efa27b5_crop_05_word_00.png,Anh
477fdb9dffa47efa27b5_crop_05_word_01.png,Thế
477fdb9dffa47efa27b5_crop_05_word_02.png,Nguyễn
477fdb9dffa47efa27b5_crop_06_word_00.png,Thúy
477fdb9dffa47efa27b5_crop_06_word_01.png,Thanh
477fdb9dffa47efa27b5_crop_06_word_02.png,Thị
477fdb9dffa47efa27b5_crop_06_word_03.png,Đồng
477fdb9dffa47efa27b5_crop_07_word_00.png,Hưng
477fdb9dffa47efa27b5_crop_07_word_01.png,Văn
477fdb9dffa47efa27b5_crop_07_word_02.png,Trần
477fdb9dffa47efa27b5_crop_08_word_00.png,Hạnh
477fdb9dffa47efa27b5_crop_08_word_01.png,Thị
477fdb9dffa47efa27b5_crop_08_word_02.png,Trần
477fdb9dffa47efa27b5_crop_09_word_00.png,Uyên
477fdb9dffa47efa27b5_crop_09_word_01.png,Phương
477fdb9dffa47efa27b5_crop_09_word_02.png,Hồ
477fdb9dffa47efa27b5_crop_10_word_00.png,Hùng
477fdb9dffa47efa27b5_crop_10_word_01.png,Văn
477fdb9dffa47efa27b5_crop_10_word_02.png,Trần
477fdb9dffa47efa27b5_crop_11_word_00.png,Hoàng
477fdb9dffa47efa27b5_crop_11_word_01.png,Huy
477fdb9dffa47efa27b5_crop_11_word_02.png,Trần
477fdb9dffa47efa27b5_crop_12_word_00.png,Sơn
477fdb9dffa47efa27b5_crop_12_word_01.png,Mai
477fdb9dffa47efa27b5_crop_12_word_02.png,Đào
477fdb9dffa47efa27b5_crop_13_word_00.png,Quang
477fdb9dffa47efa27b5_crop_13_word_01.png,Minh
477fdb9dffa47efa27b5_crop_13_word_02.png,Lê
477fdb9dffa47efa27b5_crop_14_word_00.png,Trinh
477fdb9dffa47efa27b5_crop_14_word_01.png,Ngọc
477fdb9dffa47efa27b5_crop_14_word_02.png,Đào
477fdb9dffa47efa27b5_crop_15_word_00.png,Ánh
477fdb9dffa47efa27b5_crop_15_word_01.png,Thị
477fdb9dffa47efa27b5_crop_15_word_02.png,Đặng
48542d1f772ff671af3e_crop_01_word_00.png,Dũng
48542d1f772ff671af3e_crop_01_word_01.png,Vũ
48542d1f772ff671af3e_crop_01_word_02.png,Nguyễn
48542d1f772ff671af3e_crop_02_word_00.png,Yến
48542d1f772ff671af3e_crop_02_word_01.png,Thảo
48542d1f772ff671af3e_crop_02_word_02.png,Mi
48542d1f772ff671af3e_crop_02_word_03.png,Nguyễn
48542d1f772ff671af3e_crop_03_word_00.png,Thủy
48542d1f772ff671af3e_crop_03_word_01.png,Mai
48542d1f772ff671af3e_crop_03_word_02.png,Trương
48542d1f772ff671af3e_crop_04_word_00.png,Thành
48542d1f772ff671af3e_crop_04_word_01.png,Tiến
48542d1f772ff671af3e_crop_04_word_02.png,Nguyễn
48542d1f772ff671af3e_crop_05_word_00.png,Đạt
48542d1f772ff671af3e_crop_05_word_01.png,Tiến
48542d1f772ff671af3e_crop_05_word_02.png,Nguyên
48542d1f772ff671af3e_crop_06_word_00.png,Tuấn
48542d1f772ff671af3e_crop_06_word_01.png,Quốc
48542d1f772ff671af3e_crop_06_word_02.png,Nguyễn
48542d1f772ff671af3e_crop_07_word_00.png,Tuyết
48542d1f772ff671af3e_crop_07_word_01.png,Thị
48542d1f772ff671af3e_crop_07_word_02.png,Lê
48542d1f772ff671af3e_crop_08_word_00.png,Quang
48542d1f772ff671af3e_crop_08_word_01.png,Huy
48542d1f772ff671af3e_crop_08_word_02.png,Trần
48542d1f772ff671af3e_crop_09_word_00.png,Huy
48542d1f772ff671af3e_crop_09_word_01.png,Quang
48542d1f772ff671af3e_crop_09_word_02.png,Trần
48542d1f772ff671af3e_crop_10_word_00.png,Anh
48542d1f772ff671af3e_crop_10_word_01.png,Thế
48542d1f772ff671af3e_crop_10_word_02.png,Nguyễn
48542d1f772ff671af3e_crop_11_word_00.png,Minh
48542d1f772ff671af3e_crop_11_word_01.png,Ngọc
48542d1f772ff671af3e_crop_11_word_02.png,Trần
48542d1f772ff671af3e_crop_12_word_00.png,Quý
48542d1f772ff671af3e_crop_12_word_01.png,Thanh
48542d1f772ff671af3e_crop_12_word_02.png,Thị
48542d1f772ff671af3e_crop_12_word_03.png,Nguyễn
48542d1f772ff671af3e_crop_13_word_00.png,Quân
48542d1f772ff671af3e_crop_13_word_01.png,Hoàng
48542d1f772ff671af3e_crop_13_word_02.png,Đình
48542d1f772ff671af3e_crop_13_word_03.png,Nguyễn
48542d1f772ff671af3e_crop_14_word_00.png,Thủy
48542d1f772ff671af3e_crop_14_word_01.png,Thị
48542d1f772ff671af3e_crop_14_word_02.png,Lê
48542d1f772ff671af3e_crop_15_word_00.png,Hoàng
48542d1f772ff671af3e_crop_15_word_01.png,Văn
48542d1f772ff671af3e_crop_15_word_02.png,Trần
55564615ce2a4f74163b_crop_01_word_00.png,Anh
55564615ce2a4f74163b_crop_01_word_01.png,Phương
55564615ce2a4f74163b_crop_01_word_02.png,Trần
55564615ce2a4f74163b_crop_02_word_00.png,Thảo
55564615ce2a4f74163b_crop_02_word_01.png,Phương
55564615ce2a4f74163b_crop_02_word_02.png,Lê
55564615ce2a4f74163b_crop_03_word_00.png,Oanh
55564615ce2a4f74163b_crop_03_word_01.png,Kiều
55564615ce2a4f74163b_crop_03_word_02.png,Thị
55564615ce2a4f74163b_crop_03_word_03.png,Phùng
55564615ce2a4f74163b_crop_04_word_00.png,Anh
55564615ce2a4f74163b_crop_04_word_01.png,Tuấn
55564615ce2a4f74163b_crop_04_word_02.png,Duy
55564615ce2a4f74163b_crop_04_word_03.png,Nguyễn
55564615ce2a4f74163b_crop_05_word_00.png,Khải
55564615ce2a4f74163b_crop_05_word_01.png,Gia
55564615ce2a4f74163b_crop_05_word_02.png,Hoàng
55564615ce2a4f74163b_crop_05_word_03.png,Nguyễn
55564615ce2a4f74163b_crop_06_word_00.png,Tú
55564615ce2a4f74163b_crop_06_word_01.png,Anh
55564615ce2a4f74163b_crop_06_word_02.png,Vũ
55564615ce2a4f74163b_crop_07_word_00.png,Yến
55564615ce2a4f74163b_crop_07_word_01.png,Thanh
55564615ce2a4f74163b_crop_07_word_02.png,Thi
55564615ce2a4f74163b_crop_07_word_03.png,Lê
55564615ce2a4f74163b_crop_08_word_00.png,Quang
55564615ce2a4f74163b_crop_08_word_01.png,Văn
55564615ce2a4f74163b_crop_08_word_02.png,Nguyễn
55564615ce2a4f74163b_crop_09_word_00.png,Minh
55564615ce2a4f74163b_crop_09_word_01.png,Quang
55564615ce2a4f74163b_crop_09_word_02.png,Tống
55564615ce2a4f74163b_crop_10_word_00.png,Giang
55564615ce2a4f74163b_crop_10_word_01.png,Trường
55564615ce2a4f74163b_crop_10_word_02.png,Võ
55564615ce2a4f74163b_crop_11_word_00.png,Mạnh
55564615ce2a4f74163b_crop_11_word_01.png,Đức
55564615ce2a4f74163b_crop_11_word_02.png,Tống
55564615ce2a4f74163b_crop_12_word_00.png,Trang
55564615ce2a4f74163b_crop_12_word_01.png,Mai
55564615ce2a4f74163b_crop_12_word_02.png,Thị
55564615ce2a4f74163b_crop_12_word_03.png,Nguyễn
55564615ce2a4f74163b_crop_13_word_00.png,Truyền
55564615ce2a4f74163b_crop_13_word_01.png,Kế
55564615ce2a4f74163b_crop_13_word_02.png,Nguyễn
55564615ce2a4f74163b_crop_14_word_00.png,Duyên
55564615ce2a4f74163b_crop_14_word_01.png,Mỹ
55564615ce2a4f74163b_crop_14_word_02.png,Thị
55564615ce2a4f74163b_crop_14_word_03.png,Đoàn
55564615ce2a4f74163b_crop_15_word_00.png,Nhung
55564615ce2a4f74163b_crop_15_word_01.png,Cẩm
55564615ce2a4f74163b_crop_15_word_02.png,Trịnh
55c444216018e146b809_crop_01_word_00.png,Hương
55c444216018e146b809_crop_01_word_01.png,Thiên
55c444216018e146b809_crop_01_word_02.png,Đặng
55c444216018e146b809_crop_02_word_00.png,Liên
55c444216018e146b809_crop_02_word_01.png,Thúy
55c444216018e146b809_crop_02_word_02.png,Bùi
55c444216018e146b809_crop_03_word_00.png,Chung
55c444216018e146b809_crop_03_word_01.png,Thị
55c444216018e146b809_crop_03_word_02.png,Bế
55c444216018e146b809_crop_04_word_00.png,Tuyên
55c444216018e146b809_crop_04_word_01.png,Văn
55c444216018e146b809_crop_04_word_02.png,Nguyễn
55c444216018e146b809_crop_05_word_00.png,Anh
55c444216018e146b809_crop_05_word_01.png,Thế
55c444216018e146b809_crop_05_word_02.png,Nguyễn
55c444216018e146b809_crop_06_word_00.png,Thúy
55c444216018e146b809_crop_06_word_01.png,Thanh
55c444216018e146b809_crop_06_word_02.png,Thị
55c444216018e146b809_crop_06_word_03.png,Đồng
55c444216018e146b809_crop_07_word_00.png,Hưng
55c444216018e146b809_crop_07_word_01.png,Văn
55c444216018e146b809_crop_07_word_02.png,Trần
55c444216018e146b809_crop_08_word_00.png,Hạnh
55c444216018e146b809_crop_08_word_01.png,Thị
55c444216018e146b809_crop_08_word_02.png,Trần
55c444216018e146b809_crop_09_word_00.png,Uyên
55c444216018e146b809_crop_09_word_01.png,Phương
55c444216018e146b809_crop_09_word_02.png,Hồ
55c444216018e146b809_crop_10_word_00.png,Hùng
55c444216018e146b809_crop_10_word_01.png,Văn
55c444216018e146b809_crop_10_word_02.png,Trần
55c444216018e146b809_crop_11_word_00.png,Hoàng
55c444216018e146b809_crop_11_word_01.png,Huy
55c444216018e146b809_crop_11_word_02.png,Trần
55c444216018e146b809_crop_12_word_00.png,Sơn
55c444216018e146b809_crop_12_word_01.png,Mai
55c444216018e146b809_crop_12_word_02.png,Đào
55c444216018e146b809_crop_13_word_00.png,Quang
55c444216018e146b809_crop_13_word_01.png,Minh
55c444216018e146b809_crop_13_word_02.png,Lê
55c444216018e146b809_crop_14_word_00.png,Trinh
55c444216018e146b809_crop_14_word_01.png,Ngọc
55c444216018e146b809_crop_14_word_02.png,Đào
55c444216018e146b809_crop_15_word_00.png,Ánh
55c444216018e146b809_crop_15_word_01.png,Thị
55c444216018e146b809_crop_15_word_02.png,Đặng
572a4e4b147b9525cc6a_crop_01_word_00.png,Anh
572a4e4b147b9525cc6a_crop_01_word_01.png,Tú
572a4e4b147b9525cc6a_crop_01_word_02.png,Nguyễn
572a4e4b147b9525cc6a_crop_01_word_03.png,Đỗ
572a4e4b147b9525cc6a_crop_02_word_00.png,Chi
572a4e4b147b9525cc6a_crop_02_word_01.png,Thùy
572a4e4b147b9525cc6a_crop_02_word_02.png,Trần
572a4e4b147b9525cc6a_crop_02_word_03.png,Đỗ
572a4e4b147b9525cc6a_crop_03_word_00.png,Huyền
572a4e4b147b9525cc6a_crop_03_word_01.png,Ngọc
572a4e4b147b9525cc6a_crop_03_word_02.png,Cao
572a4e4b147b9525cc6a_crop_03_word_03.png,Đỗ
572a4e4b147b9525cc6a_crop_04_word_00.png,Lan
572a4e4b147b9525cc6a_crop_04_word_01.png,Bảo
572a4e4b147b9525cc6a_crop_04_word_02.png,Trần
572a4e4b147b9525cc6a_crop_04_word_03.png,Đỗ
572a4e4b147b9525cc6a_crop_05_word_00.png,Dung
572a4e4b147b9525cc6a_crop_05_word_01.png,Kiều
572a4e4b147b9525cc6a_crop_05_word_02.png,Ngọc
572a4e4b147b9525cc6a_crop_05_word_03.png,Đỗ
572a4e4b147b9525cc6a_crop_06_word_00.png,Ân
572a4e4b147b9525cc6a_crop_06_word_01.png,Thiên
572a4e4b147b9525cc6a_crop_06_word_02.png,Đức
572a4e4b147b9525cc6a_crop_06_word_03.png,Đỗ
572a4e4b147b9525cc6a_crop_07_word_00.png,Vũ
572a4e4b147b9525cc6a_crop_07_word_01.png,Long
572a4e4b147b9525cc6a_crop_07_word_02.png,Ngọc
572a4e4b147b9525cc6a_crop_07_word_03.png,Đỗ
572a4e4b147b9525cc6a_crop_08_word_00.png,Khang
572a4e4b147b9525cc6a_crop_08_word_01.png,Tuấn
572a4e4b147b9525cc6a_crop_08_word_02.png,Duy
572a4e4b147b9525cc6a_crop_08_word_03.png,Đỗ
572a4e4b147b9525cc6a_crop_09_word_00.png,Phú
572a4e4b147b9525cc6a_crop_09_word_01.png,Thiên
572a4e4b147b9525cc6a_crop_09_word_02.png,Bảo
572a4e4b147b9525cc6a_crop_09_word_03.png,Đỗ
572a4e4b147b9525cc6a_crop_10_word_00.png,Anh
572a4e4b147b9525cc6a_crop_10_word_01.png,Tú
572a4e4b147b9525cc6a_crop_10_word_02.png,Giang
572a4e4b147b9525cc6a_crop_10_word_03.png,Vũ
572a4e4b147b9525cc6a_crop_11_word_00.png,Đan
572a4e4b147b9525cc6a_crop_11_word_01.png,Yên
572a4e4b147b9525cc6a_crop_11_word_02.png,Hà
572a4e4b147b9525cc6a_crop_11_word_03.png,Vũ
572a4e4b147b9525cc6a_crop_12_word_00.png,Khanh
572a4e4b147b9525cc6a_crop_12_word_01.png,Uyển
572a4e4b147b9525cc6a_crop_12_word_02.png,Hoàng
572a4e4b147b9525cc6a_crop_12_word_03.png,Vũ
572a4e4b147b9525cc6a_crop_13_word_00.png,Khiêm
572a4e4b147b9525cc6a_crop_13_word_01.png,Gia
572a4e4b147b9525cc6a_crop_13_word_02.png,Bảo
572a4e4b147b9525cc6a_crop_13_word_03.png,Đỗ
572a4e4b147b9525cc6a_crop_14_word_00.png,Đan
572a4e4b147b9525cc6a_crop_14_word_01.png,Linh
572a4e4b147b9525cc6a_crop_14_word_02.png,Hà
572a4e4b147b9525cc6a_crop_14_word_03.png,Vũ
572a4e4b147b9525cc6a_crop_15_word_00.png,Thái
572a4e4b147b9525cc6a_crop_15_word_01.png,Yên
572a4e4b147b9525cc6a_crop_15_word_02.png,Bình
572a4e4b147b9525cc6a_crop_15_word_03.png,Vũ
5a818e61aa582b067249_crop_01_word_00.png,Lộc
5a818e61aa582b067249_crop_01_word_01.png,Hữu
5a818e61aa582b067249_crop_01_word_02.png,Mai
5a818e61aa582b067249_crop_02_word_00.png,Sơn
5a818e61aa582b067249_crop_02_word_01.png,Văn
5a818e61aa582b067249_crop_02_word_02.png,Lê
5a818e61aa582b067249_crop_03_word_00.png,Thủy
5a818e61aa582b067249_crop_03_word_01.png,Xuân
5a818e61aa582b067249_crop_03_word_02.png,Hoàng
5a818e61aa582b067249_crop_04_word_00.png,Hồng
5a818e61aa582b067249_crop_04_word_01.png,Ngọc
5a818e61aa582b067249_crop_04_word_02.png,Nguyễn
5a818e61aa582b067249_crop_05_word_00.png,Tú
5a818e61aa582b067249_crop_05_word_01.png,Cẩm
5a818e61aa582b067249_crop_05_word_02.png,Thị
5a818e61aa582b067249_crop_05_word_03.png,Nguyễn
5a818e61aa582b067249_crop_06_word_00.png,Lương
5a818e61aa582b067249_crop_06_word_01.png,Văn
5a818e61aa582b067249_crop_06_word_02.png,Trần
5a818e61aa582b067249_crop_07_word_00.png,Trang
5a818e61aa582b067249_crop_07_word_01.png,Thùy
5a818e61aa582b067249_crop_07_word_02.png,Thị
5a818e61aa582b067249_crop_07_word_03.png,Bùi
5a818e61aa582b067249_crop_08_word_00.png,Phượng
5a818e61aa582b067249_crop_08_word_01.png,Thị
5a818e61aa582b067249_crop_08_word_02.png,Bùi
5a818e61aa582b067249_crop_09_word_00.png,Dũng
5a818e61aa582b067249_crop_09_word_01.png,Tiến
5a818e61aa582b067249_crop_09_word_02.png,Dương
5a818e61aa582b067249_crop_10_word_00.png,Thuần
5a818e61aa582b067249_crop_10_word_01.png,Trí
5a818e61aa582b067249_crop_10_word_02.png,Lương
5a818e61aa582b067249_crop_11_word_00.png,Đạt
5a818e61aa582b067249_crop_11_word_01.png,Duy
5a818e61aa582b067249_crop_11_word_02.png,Vũ
5a818e61aa582b067249_crop_12_word_00.png,Kiên
5a818e61aa582b067249_crop_12_word_01.png,Trung
5a818e61aa582b067249_crop_12_word_02.png,Nguyễn
5a818e61aa582b067249_crop_13_word_00.png,Hải
5a818e61aa582b067249_crop_13_word_01.png,Ngọc
5a818e61aa582b067249_crop_13_word_02.png,Trần
5a818e61aa582b067249_crop_14_word_00.png,Anh
5a818e61aa582b067249_crop_14_word_01.png,Đức
5a818e61aa582b067249_crop_14_word_02.png,Lê
5a818e61aa582b067249_crop_15_word_00.png,Đạt
5a818e61aa582b067249_crop_15_word_01.png,Mạnh
5a818e61aa582b067249_crop_15_word_02.png,Trần
5c1fe04eb66737396e76_crop_01_word_00.png,Loan
5c1fe04eb66737396e76_crop_01_word_01.png,Thúc
5c1fe04eb66737396e76_crop_01_word_02.png,Mai
5c1fe04eb66737396e76_crop_02_word_00.png,Sơn
5c1fe04eb66737396e76_crop_02_word_01.png,Nguyễn
5c1fe04eb66737396e76_crop_02_word_02.png,Đinh
5c1fe04eb66737396e76_crop_03_word_00.png,Linh
5c1fe04eb66737396e76_crop_03_word_01.png,Khánh
5c1fe04eb66737396e76_crop_03_word_02.png,Lê
5c1fe04eb66737396e76_crop_04_word_00.png,Loan
5c1fe04eb66737396e76_crop_04_word_01.png,Khánh
5c1fe04eb66737396e76_crop_04_word_02.png,Thị
5c1fe04eb66737396e76_crop_04_word_03.png,Hồ
5c1fe04eb66737396e76_crop_05_word_00.png,Quỳnh
5c1fe04eb66737396e76_crop_05_word_01.png,Trúc
5c1fe04eb66737396e76_crop_05_word_02.png,Mai
5c1fe04eb66737396e76_crop_05_word_03.png,Nguyễn
5c1fe04eb66737396e76_crop_06_word_00.png,Hưng
5c1fe04eb66737396e76_crop_06_word_01.png,Khánh
5c1fe04eb66737396e76_crop_06_word_02.png,Duy
5c1fe04eb66737396e76_crop_06_word_03.png,Nguyễn
5c1fe04eb66737396e76_crop_07_word_00.png,Toàn
5c1fe04eb66737396e76_crop_07_word_01.png,Cảnh
5c1fe04eb66737396e76_crop_07_word_02.png,Minh
5c1fe04eb66737396e76_crop_07_word_03.png,Nguyễn
5c1fe04eb66737396e76_crop_08_word_00.png,Dao
5c1fe04eb66737396e76_crop_08_word_01.png,Quỳnh
5c1fe04eb66737396e76_crop_08_word_02.png,Nhã
5c1fe04eb66737396e76_crop_08_word_03.png,Trần
5c1fe04eb66737396e76_crop_09_word_00.png,Phát
5c1fe04eb66737396e76_crop_09_word_01.png,Tấn
5c1fe04eb66737396e76_crop_09_word_02.png,Nam
5c1fe04eb66737396e76_crop_09_word_03.png,Trần
5c1fe04eb66737396e76_crop_10_word_00.png,Di
5c1fe04eb66737396e76_crop_10_word_01.png,Băng
5c1fe04eb66737396e76_crop_10_word_02.png,Kiều
5c1fe04eb66737396e76_crop_10_word_03.png,Lê
5c1fe04eb66737396e76_crop_11_word_00.png,San
5c1fe04eb66737396e76_crop_11_word_01.png,Thục
5c1fe04eb66737396e76_crop_11_word_02.png,Vy
5c1fe04eb66737396e76_crop_11_word_03.png,Lê
5c1fe04eb66737396e76_crop_12_word_00.png,Minh
5c1fe04eb66737396e76_crop_12_word_01.png,Khánh
5c1fe04eb66737396e76_crop_12_word_02.png,Nhật
5c1fe04eb66737396e76_crop_12_word_03.png,Lê
5c1fe04eb66737396e76_crop_13_word_00.png,Phương
5c1fe04eb66737396e76_crop_13_word_01.png,Uyên
5c1fe04eb66737396e76_crop_13_word_02.png,Phúc
5c1fe04eb66737396e76_crop_13_word_03.png,Phạm
5c1fe04eb66737396e76_crop_14_word_00.png,Đăng
5c1fe04eb66737396e76_crop_14_word_01.png,Hoàng
5c1fe04eb66737396e76_crop_14_word_02.png,Tuệ
5c1fe04eb66737396e76_crop_14_word_03.png,Phạm
5c1fe04eb66737396e76_crop_15_word_00.png,Liên
5c1fe04eb66737396e76_crop_15_word_01.png,Như
5c1fe04eb66737396e76_crop_15_word_02.png,Ngọc
5c1fe04eb66737396e76_crop_15_word_03.png,Đinh
5fa77d7f264fa711fe5e_crop_01_word_00.png,Vinh
5fa77d7f264fa711fe5e_crop_01_word_01.png,Tiến
5fa77d7f264fa711fe5e_crop_01_word_02.png,Gia
5fa77d7f264fa711fe5e_crop_01_word_03.png,Lê
5fa77d7f264fa711fe5e_crop_02_word_00.png,Khanh
5fa77d7f264fa711fe5e_crop_02_word_01.png,Thục
5fa77d7f264fa711fe5e_crop_02_word_02.png,Vương
5fa77d7f264fa711fe5e_crop_02_word_03.png,Lã
5fa77d7f264fa711fe5e_crop_03_word_00.png,Huy
5fa77d7f264fa711fe5e_crop_03_word_01.png,Lê
5fa77d7f264fa711fe5e_crop_03_word_02.png,Trần
5fa77d7f264fa711fe5e_crop_04_word_00.png,Tang
5fa77d7f264fa711fe5e_crop_04_word_01.png,Thúy
5fa77d7f264fa711fe5e_crop_05_word_00.png,Huyền
5fa77d7f264fa711fe5e_crop_05_word_01.png,Khánh
5fa77d7f264fa711fe5e_crop_06_word_00.png,Hường
5fa77d7f264fa711fe5e_crop_06_word_01.png,Thanh
5fa77d7f264fa711fe5e_crop_07_word_00.png,Lâm
5fa77d7f264fa711fe5e_crop_07_word_01.png,Tùng
5fa77d7f264fa711fe5e_crop_08_word_00.png,Uyên
5fa77d7f264fa711fe5e_crop_08_word_01.png,Phương
5fa77d7f264fa711fe5e_crop_09_word_00.png,Đạt
5fa77d7f264fa711fe5e_crop_09_word_01.png,Tất
5fa77d7f264fa711fe5e_crop_10_word_00.png,Vi
5fa77d7f264fa711fe5e_crop_10_word_01.png,Thảo
5fa77d7f264fa711fe5e_crop_11_word_00.png,Trang
5fa77d7f264fa711fe5e_crop_11_word_01.png,Kiều
5fa77d7f264fa711fe5e_crop_12_word_00.png,Trang
5fa77d7f264fa711fe5e_crop_12_word_01.png,Thu
5fa77d7f264fa711fe5e_crop_12_word_02.png,Lê
5fa77d7f264fa711fe5e_crop_13_word_00.png,Anh
5fa77d7f264fa711fe5e_crop_13_word_01.png,Phương
5fa77d7f264fa711fe5e_crop_13_word_02.png,Lê
5fa77d7f264fa711fe5e_crop_14_word_00.png,Nguyễn
5fa77d7f264fa711fe5e_crop_14_word_01.png,Hạnh
5fa77d7f264fa711fe5e_crop_14_word_02.png,Nguyễn
5fa77d7f264fa711fe5e_crop_15_word_00.png,Đan
5fa77d7f264fa711fe5e_crop_15_word_01.png,Linh
5fa77d7f264fa711fe5e_crop_15_word_02.png,Trần
5fa77d7f264fa711fe5e_crop_15_word_03.png,Nguyễn
716e6923e11c6042390d_crop_01_word_00.png,Tổ
716e6923e11c6042390d_crop_01_word_01.png,Thái
716e6923e11c6042390d_crop_01_word_02.png,Lý
716e6923e11c6042390d_crop_02_word_00.png,Duy
716e6923e11c6042390d_crop_02_word_01.png,Tô
716e6923e11c6042390d_crop_02_word_02.png,Ngũ
716e6923e11c6042390d_crop_03_word_00.png,Khanh
716e6923e11c6042390d_crop_03_word_01.png,Hải
716e6923e11c6042390d_crop_03_word_02.png,Vũ
716e6923e11c6042390d_crop_04_word_00.png,Thảo
716e6923e11c6042390d_crop_04_word_01.png,Phương
716e6923e11c6042390d_crop_04_word_02.png,Trần
716e6923e11c6042390d_crop_04_word_03.png,Nguyễn
716e6923e11c6042390d_crop_05_word_00.png,Huy
716e6923e11c6042390d_crop_05_word_01.png,Quang
716e6923e11c6042390d_crop_05_word_02.png,Vũ
716e6923e11c6042390d_crop_05_word_03.png,Nguyễn
716e6923e11c6042390d_crop_06_word_00.png,Uyên
716e6923e11c6042390d_crop_06_word_01.png,Tố
716e6923e11c6042390d_crop_06_word_02.png,Trần
716e6923e11c6042390d_crop_07_word_00.png,Trinh
716e6923e11c6042390d_crop_07_word_01.png,Chu
716e6923e11c6042390d_crop_07_word_02.png,Phan
716e6923e11c6042390d_crop_08_word_00.png,Minh
716e6923e11c6042390d_crop_08_word_01.png,Quang
716e6923e11c6042390d_crop_08_word_02.png,Vũ
716e6923e11c6042390d_crop_09_word_00.png,Chi
716e6923e11c6042390d_crop_09_word_01.png,Uyên
716e6923e11c6042390d_crop_09_word_02.png,Đỗ
716e6923e11c6042390d_crop_10_word_00.png,Bá
716e6923e11c6042390d_crop_10_word_01.png,Xuân
716e6923e11c6042390d_crop_10_word_02.png,Trần
716e6923e11c6042390d_crop_11_word_00.png,Nguyên
716e6923e11c6042390d_crop_11_word_01.png,Bá
716e6923e11c6042390d_crop_11_word_02.png,Nguyễn
716e6923e11c6042390d_crop_12_word_00.png,Nam
716e6923e11c6042390d_crop_12_word_01.png,Đình
716e6923e11c6042390d_crop_12_word_02.png,Phạm
716e6923e11c6042390d_crop_13_word_00.png,Châu
716e6923e11c6042390d_crop_13_word_01.png,Minh
716e6923e11c6042390d_crop_13_word_02.png,Thị
716e6923e11c6042390d_crop_13_word_03.png,Nguyễn
716e6923e11c6042390d_crop_14_word_00.png,Huyền
716e6923e11c6042390d_crop_14_word_01.png,Thanh
716e6923e11c6042390d_crop_14_word_02.png,Thị
716e6923e11c6042390d_crop_14_word_03.png,Lê
716e6923e11c6042390d_crop_15_word_00.png,Anh
716e6923e11c6042390d_crop_15_word_01.png,Ngọc
716e6923e11c6042390d_crop_15_word_02.png,Đinh
7241f110a73926677f28_crop_01_word_00.png,Lâm
7241f110a73926677f28_crop_01_word_01.png,Tùng
7241f110a73926677f28_crop_01_word_02.png,Nguyễn
7241f110a73926677f28_crop_02_word_00.png,Trang
7241f110a73926677f28_crop_02_word_01.png,Thúy
7241f110a73926677f28_crop_02_word_02.png,Thị
7241f110a73926677f28_crop_02_word_03.png,Vũ
7241f110a73926677f28_crop_03_word_00.png,Nga
7241f110a73926677f28_crop_03_word_01.png,Hằng
7241f110a73926677f28_crop_03_word_02.png,Thanh
7241f110a73926677f28_crop_03_word_03.png,Vũ
7241f110a73926677f28_crop_04_word_00.png,Nga
7241f110a73926677f28_crop_04_word_01.png,Thúy
7241f110a73926677f28_crop_04_word_02.png,Hoàng
7241f110a73926677f28_crop_05_word_00.png,Tâm
7241f110a73926677f28_crop_05_word_01.png,Lương
7241f110a73926677f28_crop_05_word_02.png,Văn
7241f110a73926677f28_crop_05_word_03.png,Trần
7241f110a73926677f28_crop_06_word_00.png,Trình
7241f110a73926677f28_crop_06_word_01.png,Đức
7241f110a73926677f28_crop_06_word_02.png,Nông
7241f110a73926677f28_crop_07_word_00.png,Yến
7241f110a73926677f28_crop_07_word_01.png,Hải
7241f110a73926677f28_crop_07_word_02.png,Thị
7241f110a73926677f28_crop_07_word_03.png,Nguyễn
7241f110a73926677f28_crop_08_word_00.png,Thảo
7241f110a73926677f28_crop_08_word_01.png,Huyền
7241f110a73926677f28_crop_08_word_02.png,Thị
7241f110a73926677f28_crop_08_word_03.png,Phạm
7241f110a73926677f28_crop_09_word_00.png,Phương
7241f110a73926677f28_crop_09_word_01.png,Lan
7241f110a73926677f28_crop_09_word_02.png,Trần
7241f110a73926677f28_crop_10_word_00.png,Nụ
7241f110a73926677f28_crop_10_word_01.png,Thị
7241f110a73926677f28_crop_10_word_02.png,Nguyễn
7241f110a73926677f28_crop_11_word_00.png,Nga
7241f110a73926677f28_crop_11_word_01.png,Thu
7241f110a73926677f28_crop_11_word_02.png,Thị
7241f110a73926677f28_crop_11_word_03.png,Nguyễn
7241f110a73926677f28_crop_12_word_00.png,Duy
7241f110a73926677f28_crop_12_word_01.png,Công
7241f110a73926677f28_crop_12_word_02.png,Trần
7241f110a73926677f28_crop_13_word_00.png,Dương
7241f110a73926677f28_crop_13_word_01.png,Tuấn
7241f110a73926677f28_crop_13_word_02.png,Phan
7241f110a73926677f28_crop_14_word_00.png,Nam
7241f110a73926677f28_crop_14_word_01.png,Văn
7241f110a73926677f28_crop_14_word_02.png,Phạm
7241f110a73926677f28_crop_15_word_00.png,Cát
7241f110a73926677f28_crop_15_word_01.png,Cường
7241f110a73926677f28_crop_15_word_02.png,Quốc
7241f110a73926677f28_crop_15_word_03.png,Vũ
73e19105b53c34626d2d_crop_01_word_00.png,Lộc
73e19105b53c34626d2d_crop_01_word_01.png,Hữu
73e19105b53c34626d2d_crop_01_word_02.png,Mai
73e19105b53c34626d2d_crop_02_word_00.png,Sơn
73e19105b53c34626d2d_crop_02_word_01.png,Văn
73e19105b53c34626d2d_crop_02_word_02.png,Lê
73e19105b53c34626d2d_crop_03_word_00.png,Thủy
73e19105b53c34626d2d_crop_03_word_01.png,Xuân
73e19105b53c34626d2d_crop_03_word_02.png,Hoàng
73e19105b53c34626d2d_crop_04_word_00.png,Hồng
73e19105b53c34626d2d_crop_04_word_01.png,Ngọc
73e19105b53c34626d2d_crop_04_word_02.png,Nguyễn
73e19105b53c34626d2d_crop_05_word_00.png,Tú
73e19105b53c34626d2d_crop_05_word_01.png,Cẩm
73e19105b53c34626d2d_crop_05_word_02.png,Thị
73e19105b53c34626d2d_crop_05_word_03.png,Nguyễn
73e19105b53c34626d2d_crop_06_word_00.png,Lương
73e19105b53c34626d2d_crop_06_word_01.png,Văn
73e19105b53c34626d2d_crop_06_word_02.png,Trần
73e19105b53c34626d2d_crop_07_word_00.png,Trang
73e19105b53c34626d2d_crop_07_word_01.png,Thùy
73e19105b53c34626d2d_crop_07_word_02.png,Thị
73e19105b53c34626d2d_crop_07_word_03.png,Bùi
73e19105b53c34626d2d_crop_08_word_00.png,Phượng
73e19105b53c34626d2d_crop_08_word_01.png,Thị
73e19105b53c34626d2d_crop_08_word_02.png,Bùi
73e19105b53c34626d2d_crop_09_word_00.png,Dũng
73e19105b53c34626d2d_crop_09_word_01.png,Tiến
73e19105b53c34626d2d_crop_09_word_02.png,Dương
73e19105b53c34626d2d_crop_10_word_00.png,Thuần
73e19105b53c34626d2d_crop_10_word_01.png,Trí
73e19105b53c34626d2d_crop_10_word_02.png,Lương
73e19105b53c34626d2d_crop_11_word_00.png,Đạt
73e19105b53c34626d2d_crop_11_word_01.png,Duy
73e19105b53c34626d2d_crop_11_word_02.png,Vũ
73e19105b53c34626d2d_crop_12_word_00.png,Kiên
73e19105b53c34626d2d_crop_12_word_01.png,Trung
73e19105b53c34626d2d_crop_12_word_02.png,Nguyễn
73e19105b53c34626d2d_crop_13_word_00.png,Hải
73e19105b53c34626d2d_crop_13_word_01.png,Ngọc
73e19105b53c34626d2d_crop_13_word_02.png,Trần
73e19105b53c34626d2d_crop_14_word_00.png,Anh
73e19105b53c34626d2d_crop_14_word_01.png,Đức
73e19105b53c34626d2d_crop_14_word_02.png,Lê
73e19105b53c34626d2d_crop_15_word_00.png,Đạt
73e19105b53c34626d2d_crop_15_word_01.png,Mạnh
73e19105b53c34626d2d_crop_15_word_02.png,Trần
75885bda0df38cadd5e2_crop_01_word_00.png,Kiệt
75885bda0df38cadd5e2_crop_01_word_01.png,Tuấn
75885bda0df38cadd5e2_crop_01_word_02.png,Lý
75885bda0df38cadd5e2_crop_01_word_03.png,Vũ
75885bda0df38cadd5e2_crop_02_word_00.png,Long
75885bda0df38cadd5e2_crop_02_word_01.png,Thiện
75885bda0df38cadd5e2_crop_02_word_02.png,Đức
75885bda0df38cadd5e2_crop_02_word_03.png,Vũ
75885bda0df38cadd5e2_crop_03_word_00.png,Luân
75885bda0df38cadd5e2_crop_03_word_01.png,Gia
75885bda0df38cadd5e2_crop_03_word_02.png,Phạm
75885bda0df38cadd5e2_crop_03_word_03.png,Vũ
75885bda0df38cadd5e2_crop_04_word_00.png,Khang
75885bda0df38cadd5e2_crop_04_word_01.png,Vỹ
75885bda0df38cadd5e2_crop_04_word_02.png,Lê
75885bda0df38cadd5e2_crop_04_word_03.png,Vũ
75885bda0df38cadd5e2_crop_05_word_00.png,Bảo
75885bda0df38cadd5e2_crop_05_word_01.png,Thiên
75885bda0df38cadd5e2_crop_05_word_02.png,Minh
75885bda0df38cadd5e2_crop_05_word_03.png,Vũ
75885bda0df38cadd5e2_crop_06_word_00.png,An
75885bda0df38cadd5e2_crop_06_word_01.png,Thúy
75885bda0df38cadd5e2_crop_06_word_02.png,Mai
75885bda0df38cadd5e2_crop_07_word_00.png,Linh
75885bda0df38cadd5e2_crop_07_word_01.png,Diệu
75885bda0df38cadd5e2_crop_07_word_02.png,Mai
75885bda0df38cadd5e2_crop_08_word_00.png,Hân
75885bda0df38cadd5e2_crop_08_word_01.png,Gia
75885bda0df38cadd5e2_crop_08_word_02.png,Mai
75885bda0df38cadd5e2_crop_09_word_00.png,Hân
75885bda0df38cadd5e2_crop_09_word_01.png,Bảo
75885bda0df38cadd5e2_crop_09_word_02.png,Mai
75885bda0df38cadd5e2_crop_10_word_00.png,Quốc
75885bda0df38cadd5e2_crop_10_word_01.png,Cường
75885bda0df38cadd5e2_crop_10_word_02.png,Mai
75885bda0df38cadd5e2_crop_11_word_00.png,Lam
75885bda0df38cadd5e2_crop_11_word_01.png,Hạ
75885bda0df38cadd5e2_crop_11_word_02.png,Diệp
75885bda0df38cadd5e2_crop_12_word_00.png,Vũ
75885bda0df38cadd5e2_crop_12_word_01.png,Hạ
75885bda0df38cadd5e2_crop_12_word_02.png,Diệp
75885bda0df38cadd5e2_crop_13_word_00.png,Mai
75885bda0df38cadd5e2_crop_13_word_01.png,Chi
75885bda0df38cadd5e2_crop_13_word_02.png,Diệp
75885bda0df38cadd5e2_crop_14_word_00.png,Chi
75885bda0df38cadd5e2_crop_14_word_01.png,Thảo
75885bda0df38cadd5e2_crop_14_word_02.png,Diệp
75885bda0df38cadd5e2_crop_15_word_00.png,Nguyên
75885bda0df38cadd5e2_crop_15_word_01.png,Thảo
75885bda0df38cadd5e2_crop_15_word_02.png,Diệp
78905e5805688436dd79_crop_01_word_00.png,Vinh
78905e5805688436dd79_crop_01_word_01.png,Tiến
78905e5805688436dd79_crop_01_word_02.png,Gia
78905e5805688436dd79_crop_01_word_03.png,Lê
78905e5805688436dd79_crop_02_word_00.png,Khanh
78905e5805688436dd79_crop_02_word_01.png,Thục
78905e5805688436dd79_crop_02_word_02.png,Vương
78905e5805688436dd79_crop_02_word_03.png,Lã
78905e5805688436dd79_crop_03_word_00.png,Huy
78905e5805688436dd79_crop_03_word_01.png,Lê
78905e5805688436dd79_crop_03_word_02.png,Trần
78905e5805688436dd79_crop_04_word_00.png,Trang
78905e5805688436dd79_crop_04_word_01.png,Thúy
78905e5805688436dd79_crop_05_word_00.png,Huyền
78905e5805688436dd79_crop_05_word_01.png,Khánh
78905e5805688436dd79_crop_06_word_00.png,Hường
78905e5805688436dd79_crop_06_word_01.png,Thanh
78905e5805688436dd79_crop_07_word_00.png,Lâm
78905e5805688436dd79_crop_07_word_01.png,Tùng
78905e5805688436dd79_crop_08_word_00.png,Uyên
78905e5805688436dd79_crop_08_word_01.png,Phương
78905e5805688436dd79_crop_09_word_00.png,Đạt
78905e5805688436dd79_crop_09_word_01.png,Tất
78905e5805688436dd79_crop_10_word_00.png,Vi
78905e5805688436dd79_crop_10_word_01.png,Thảo
78905e5805688436dd79_crop_11_word_00.png,Trang
78905e5805688436dd79_crop_11_word_01.png,Kiều
78905e5805688436dd79_crop_12_word_00.png,Trang
78905e5805688436dd79_crop_12_word_01.png,Thu
78905e5805688436dd79_crop_12_word_02.png,Lê
78905e5805688436dd79_crop_13_word_00.png,Anh
78905e5805688436dd79_crop_13_word_01.png,Phương
78905e5805688436dd79_crop_13_word_02.png,Lê
78905e5805688436dd79_crop_14_word_00.png,Nguyễn
78905e5805688436dd79_crop_14_word_01.png,Hạnh
78905e5805688436dd79_crop_14_word_02.png,Nguyễn
78905e5805688436dd79_crop_15_word_00.png,Đan
78905e5805688436dd79_crop_15_word_01.png,Linh
78905e5805688436dd79_crop_15_word_02.png,Trần
78905e5805688436dd79_crop_15_word_03.png,Nguyễn
7e32e866be4f3f11665e_crop_01_word_00.png,Huyền
7e32e866be4f3f11665e_crop_01_word_01.png,Khánh
7e32e866be4f3f11665e_crop_01_word_02.png,Ngọc
7e32e866be4f3f11665e_crop_01_word_03.png,Bùi
7e32e866be4f3f11665e_crop_02_word_00.png,Anh
7e32e866be4f3f11665e_crop_02_word_01.png,Mỹ
7e32e866be4f3f11665e_crop_02_word_02.png,Diệp
7e32e866be4f3f11665e_crop_02_word_03.png,Bùi
7e32e866be4f3f11665e_crop_03_word_00.png,Duy
7e32e866be4f3f11665e_crop_03_word_01.png,Đức
7e32e866be4f3f11665e_crop_03_word_02.png,Võ
7e32e866be4f3f11665e_crop_03_word_03.png,Bùi
7e32e866be4f3f11665e_crop_04_word_00.png,Ngọc
7e32e866be4f3f11665e_crop_04_word_01.png,Minh
7e32e866be4f3f11665e_crop_04_word_02.png,Trung
7e32e866be4f3f11665e_crop_04_word_03.png,Bùi
7e32e866be4f3f11665e_crop_05_word_00.png,Anh
7e32e866be4f3f11665e_crop_05_word_01.png,Tuấn
7e32e866be4f3f11665e_crop_05_word_02.png,Duy
7e32e866be4f3f11665e_crop_05_word_03.png,Bùi
7e32e866be4f3f11665e_crop_06_word_00.png,Nhật
7e32e866be4f3f11665e_crop_06_word_01.png,Minh
7e32e866be4f3f11665e_crop_06_word_02.png,Lê
7e32e866be4f3f11665e_crop_06_word_03.png,Dương
7e32e866be4f3f11665e_crop_07_word_00.png,Mỹ
7e32e866be4f3f11665e_crop_07_word_01.png,Trà
7e32e866be4f3f11665e_crop_07_word_02.png,Ái
7e32e866be4f3f11665e_crop_07_word_03.png,Dương
7e32e866be4f3f11665e_crop_08_word_00.png,Băng
7e32e866be4f3f11665e_crop_08_word_01.png,Tuyết
7e32e866be4f3f11665e_crop_08_word_02.png,Hà
7e32e866be4f3f11665e_crop_08_word_03.png,Dương
7e32e866be4f3f11665e_crop_09_word_00.png,Anh
7e32e866be4f3f11665e_crop_09_word_01.png,Minh
7e32e866be4f3f11665e_crop_09_word_02.png,Lê
7e32e866be4f3f11665e_crop_09_word_03.png,Dương
7e32e866be4f3f11665e_crop_10_word_00.png,Trọng
7e32e866be4f3f11665e_crop_10_word_01.png,Phúc
7e32e866be4f3f11665e_crop_10_word_02.png,Huỳnh
7e32e866be4f3f11665e_crop_10_word_03.png,Dương
7e32e866be4f3f11665e_crop_11_word_00.png,Khánh
7e32e866be4f3f11665e_crop_11_word_01.png,Vân
7e32e866be4f3f11665e_crop_11_word_02.png,Trần
7e32e866be4f3f11665e_crop_11_word_03.png,Hoàng
7e32e866be4f3f11665e_crop_12_word_00.png,Khánh
7e32e866be4f3f11665e_crop_12_word_01.png,Ngọc
7e32e866be4f3f11665e_crop_12_word_02.png,Hoàng
7e32e866be4f3f11665e_crop_13_word_00.png,Nghi
7e32e866be4f3f11665e_crop_13_word_01.png,Đông
7e32e866be4f3f11665e_crop_13_word_02.png,Huỳnh
7e32e866be4f3f11665e_crop_13_word_03.png,Hoàng
7e32e866be4f3f11665e_crop_14_word_00.png,Tâm
7e32e866be4f3f11665e_crop_14_word_01.png,Thanh
7e32e866be4f3f11665e_crop_14_word_02.png,Đắc
7e32e866be4f3f11665e_crop_14_word_03.png,Hoàng
7e32e866be4f3f11665e_crop_15_word_00.png,Phước
7e32e866be4f3f11665e_crop_15_word_01.png,Tín
7e32e866be4f3f11665e_crop_15_word_02.png,Phong
7e32e866be4f3f11665e_crop_15_word_03.png,Hoàng
8034f245a875292b7064_crop_01_word_00.png,Tuấn
8034f245a875292b7064_crop_01_word_01.png,Phương
8034f245a875292b7064_crop_01_word_02.png,Trần
8034f245a875292b7064_crop_01_word_03.png,Trịnh
8034f245a875292b7064_crop_02_word_00.png,Cung
8034f245a875292b7064_crop_02_word_01.png,Sinh
8034f245a875292b7064_crop_02_word_02.png,Nguyễn
8034f245a875292b7064_crop_03_word_00.png,Thành
8034f245a875292b7064_crop_03_word_01.png,Tất
8034f245a875292b7064_crop_03_word_02.png,Nguyễn
8034f245a875292b7064_crop_04_word_00.png,Quốc
8034f245a875292b7064_crop_04_word_01.png,Ái
8034f245a875292b7064_crop_04_word_02.png,Nguyễn
8034f245a875292b7064_crop_05_word_00.png,Kiệt
8034f245a875292b7064_crop_05_word_01.png,Thường
8034f245a875292b7064_crop_05_word_02.png,Lý
8034f245a875292b7064_crop_06_word_00.png,Trãi
8034f245a875292b7064_crop_06_word_01.png,Nguyễn
8034f245a875292b7064_crop_07_word_00.png,Tuấn
8034f245a875292b7064_crop_07_word_01.png,Quốc
8034f245a875292b7064_crop_07_word_02.png,Trần
8034f245a875292b7064_crop_08_word_00.png,Giáp
8034f245a875292b7064_crop_08_word_01.png,Nguyên
8034f245a875292b7064_crop_08_word_02.png,Võ
8034f245a875292b7064_crop_09_word_00.png,Quang
8034f245a875292b7064_crop_09_word_01.png,Tam
8034f245a875292b7064_crop_09_word_02.png,Lương
8034f245a875292b7064_crop_10_word_00.png,Giang
8034f245a875292b7064_crop_10_word_01.png,Văn
8034f245a875292b7064_crop_10_word_02.png,Phan
8034f245a875292b7064_crop_11_word_00.png,Lâm
8034f245a875292b7064_crop_11_word_01.png,Tô
8034f245a875292b7064_crop_12_word_00.png,Mẫn
8034f245a875292b7064_crop_12_word_01.png,Thanh
8034f245a875292b7064_crop_12_word_02.png,Trần
8034f245a875292b7064_crop_13_word_00.png,Hưng
8034f245a875292b7064_crop_13_word_01.png,Minh
8034f245a875292b7064_crop_13_word_02.png,Lê
8034f245a875292b7064_crop_14_word_00.png,Tú
8034f245a875292b7064_crop_14_word_01.png,Cầm
8034f245a875292b7064_crop_14_word_02.png,Trần
8034f245a875292b7064_crop_15_word_00.png,Trọng
8034f245a875292b7064_crop_15_word_01.png,Phúc
8034f245a875292b7064_crop_15_word_02.png,Nguyễn
8442421114389566cc29_crop_01_word_00.png,Tuấn
8442421114389566cc29_crop_01_word_01.png,Phương
8442421114389566cc29_crop_01_word_02.png,Trần
8442421114389566cc29_crop_01_word_03.png,Trịnh
8442421114389566cc29_crop_02_word_00.png,Cung
8442421114389566cc29_crop_02_word_01.png,Sinh
8442421114389566cc29_crop_02_word_02.png,Nguyễn
8442421114389566cc29_crop_03_word_00.png,Thành
8442421114389566cc29_crop_03_word_01.png,Tất
8442421114389566cc29_crop_03_word_02.png,Nguyễn
8442421114389566cc29_crop_04_word_00.png,Quốc
8442421114389566cc29_crop_04_word_01.png,Ái
8442421114389566cc29_crop_04_word_02.png,Nguyễn
8442421114389566cc29_crop_05_word_00.png,Kiệt
8442421114389566cc29_crop_05_word_01.png,Thường
8442421114389566cc29_crop_05_word_02.png,Lý
8442421114389566cc29_crop_06_word_00.png,Trãi
8442421114389566cc29_crop_06_word_01.png,Nguyễn
8442421114389566cc29_crop_07_word_00.png,Tuấn
8442421114389566cc29_crop_07_word_01.png,Quốc
8442421114389566cc29_crop_07_word_02.png,Trần
8442421114389566cc29_crop_08_word_00.png,Giáp
8442421114389566cc29_crop_08_word_01.png,Nguyên
8442421114389566cc29_crop_08_word_02.png,Võ
8442421114389566cc29_crop_09_word_00.png,Quang
8442421114389566cc29_crop_09_word_01.png,Tam
8442421114389566cc29_crop_09_word_02.png,Lương
8442421114389566cc29_crop_10_word_00.png,Giang
8442421114389566cc29_crop_10_word_01.png,Văn
8442421114389566cc29_crop_10_word_02.png,Phan
8442421114389566cc29_crop_11_word_00.png,Lâm
8442421114389566cc29_crop_11_word_01.png,Tô
8442421114389566cc29_crop_12_word_00.png,Mẫn
8442421114389566cc29_crop_12_word_01.png,Thanh
8442421114389566cc29_crop_12_word_02.png,Trần
8442421114389566cc29_crop_13_word_00.png,Hưng
8442421114389566cc29_crop_13_word_01.png,Minh
8442421114389566cc29_crop_13_word_02.png,Lê
8442421114389566cc29_crop_14_word_00.png,Tú
8442421114389566cc29_crop_14_word_01.png,Cầm
8442421114389566cc29_crop_14_word_02.png,Trần
8442421114389566cc29_crop_15_word_00.png,Trọng
8442421114389566cc29_crop_15_word_01.png,Phúc
8442421114389566cc29_crop_15_word_02.png,Nguyễn
889b50350b058a5bd314_crop_01_word_00.png,Huy
889b50350b058a5bd314_crop_01_word_01.png,Gia
889b50350b058a5bd314_crop_01_word_02.png,Minh
889b50350b058a5bd314_crop_01_word_03.png,Tuấn
889b50350b058a5bd314_crop_01_word_04.png,Nguyễn
889b50350b058a5bd314_crop_02_word_00.png,Anh
889b50350b058a5bd314_crop_02_word_01.png,Ngọc
889b50350b058a5bd314_crop_02_word_02.png,Khánh
889b50350b058a5bd314_crop_02_word_03.png,Hàng
889b50350b058a5bd314_crop_02_word_04.png,Trần
889b50350b058a5bd314_crop_03_word_00.png,Khang
889b50350b058a5bd314_crop_03_word_01.png,Minh
889b50350b058a5bd314_crop_03_word_02.png,Anh
889b50350b058a5bd314_crop_03_word_03.png,Nhật
889b50350b058a5bd314_crop_03_word_04.png,Lê
889b50350b058a5bd314_crop_04_word_00.png,Như
889b50350b058a5bd314_crop_04_word_01.png,Quỳnh
889b50350b058a5bd314_crop_04_word_02.png,Bảo
889b50350b058a5bd314_crop_04_word_03.png,Gia
889b50350b058a5bd314_crop_04_word_04.png,Phạm
889b50350b058a5bd314_crop_05_word_00.png,Kim
889b50350b058a5bd314_crop_05_word_01.png,Thiên
889b50350b058a5bd314_crop_05_word_02.png,Châu
889b50350b058a5bd314_crop_05_word_03.png,Minh
889b50350b058a5bd314_crop_05_word_04.png,Đặng
889b50350b058a5bd314_crop_06_word_00.png,Kiệt
889b50350b058a5bd314_crop_06_word_01.png,Tuấn
889b50350b058a5bd314_crop_06_word_02.png,Anh
889b50350b058a5bd314_crop_06_word_03.png,Hoàng
889b50350b058a5bd314_crop_06_word_04.png,Võ
889b50350b058a5bd314_crop_07_word_00.png,Ngọc
889b50350b058a5bd314_crop_07_word_01.png,Hân
889b50350b058a5bd314_crop_07_word_02.png,Gia
889b50350b058a5bd314_crop_07_word_03.png,Thanh
889b50350b058a5bd314_crop_07_word_04.png,Bùi
889b50350b058a5bd314_crop_08_word_00.png,Huy
889b50350b058a5bd314_crop_08_word_01.png,Qang
889b50350b058a5bd314_crop_08_word_02.png,Đức
889b50350b058a5bd314_crop_08_word_03.png,Minh
889b50350b058a5bd314_crop_08_word_04.png,Đỗ
889b50350b058a5bd314_crop_09_word_00.png,Châu
889b50350b058a5bd314_crop_09_word_01.png,Bảo
889b50350b058a5bd314_crop_09_word_02.png,Linh
889b50350b058a5bd314_crop_09_word_03.png,Khánh
889b50350b058a5bd314_crop_09_word_04.png,Huỳnh
889b50350b058a5bd314_crop_10_word_00.png,Anh
889b50350b058a5bd314_crop_10_word_01.png,Nhật
889b50350b058a5bd314_crop_10_word_02.png,Minh
889b50350b058a5bd314_crop_10_word_03.png,Gia
889b50350b058a5bd314_crop_10_word_04.png,Phan
889b50350b058a5bd314_crop_11_word_00.png,Khanh
889b50350b058a5bd314_crop_11_word_01.png,Bảo
889b50350b058a5bd314_crop_11_word_02.png,Gia
889b50350b058a5bd314_crop_11_word_03.png,Hoàng
889b50350b058a5bd314_crop_11_word_04.png,Nguyễn
889b50350b058a5bd314_crop_12_word_00.png,Khoa
889b50350b058a5bd314_crop_12_word_01.png,Anh
889b50350b058a5bd314_crop_12_word_02.png,Tuấn
889b50350b058a5bd314_crop_12_word_03.png,Minh
889b50350b058a5bd314_crop_12_word_04.png,Trần
889b50350b058a5bd314_crop_13_word_00.png,Hân
889b50350b058a5bd314_crop_13_word_01.png,Bảo
889b50350b058a5bd314_crop_13_word_02.png,Như
889b50350b058a5bd314_crop_13_word_03.png,Quỳnh
889b50350b058a5bd314_crop_13_word_04.png,Lê
889b50350b058a5bd314_crop_14_word_00.png,Anh
889b50350b058a5bd314_crop_14_word_01.png,Đức
889b50350b058a5bd314_crop_14_word_02.png,Minh
889b50350b058a5bd314_crop_14_word_03.png,Nhật
889b50350b058a5bd314_crop_14_word_04.png,Phạm
889b50350b058a5bd314_crop_15_word_00.png,Công
889b50350b058a5bd314_crop_15_word_01.png,Thành
889b50350b058a5bd314_crop_15_word_02.png,Huy
889b50350b058a5bd314_crop_15_word_03.png,Gia
889b50350b058a5bd314_crop_15_word_04.png,Đặng
8cda73d400e481bad8f5_crop_01_word_00.png,Hải
8cda73d400e481bad8f5_crop_01_word_01.png,Ngọc
8cda73d400e481bad8f5_crop_01_word_02.png,Quế
8cda73d400e481bad8f5_crop_02_word_00.png,Mạnh
8cda73d400e481bad8f5_crop_02_word_01.png,Xuân
8cda73d400e481bad8f5_crop_02_word_02.png,Phạm
8cda73d400e481bad8f5_crop_03_word_00.png,Đức
8cda73d400e481bad8f5_crop_03_word_01.png,Văn
8cda73d400e481bad8f5_crop_03_word_02.png,Phan
8cda73d400e481bad8f5_crop_04_word_00.png,Sơn
8cda73d400e481bad8f5_crop_04_word_01.png,Sỹ
8cda73d400e481bad8f5_crop_04_word_02.png,Văn
8cda73d400e481bad8f5_crop_05_word_00.png,Anh
8cda73d400e481bad8f5_crop_05_word_01.png,Minh
8cda73d400e481bad8f5_crop_05_word_02.png,Lê
8cda73d400e481bad8f5_crop_05_word_03.png,Nguyễn
8cda73d400e481bad8f5_crop_06_word_00.png,Cầm
8cda73d400e481bad8f5_crop_06_word_01.png,Nguyệt
8cda73d400e481bad8f5_crop_06_word_02.png,Kiều
8cda73d400e481bad8f5_crop_06_word_03.png,Hoàng
8cda73d400e481bad8f5_crop_07_word_00.png,Anh
8cda73d400e481bad8f5_crop_07_word_01.png,Tuệ
8cda73d400e481bad8f5_crop_07_word_02.png,Phương
8cda73d400e481bad8f5_crop_07_word_03.png,Lê
8cda73d400e481bad8f5_crop_08_word_00.png,Dung
8cda73d400e481bad8f5_crop_08_word_01.png,Hạnh
8cda73d400e481bad8f5_crop_08_word_02.png,Kiều
8cda73d400e481bad8f5_crop_08_word_03.png,Trần
8cda73d400e481bad8f5_crop_09_word_00.png,Lan
8cda73d400e481bad8f5_crop_09_word_01.png,Tường
8cda73d400e481bad8f5_crop_09_word_02.png,Ngọc
8cda73d400e481bad8f5_crop_09_word_03.png,Phạm
8cda73d400e481bad8f5_crop_10_word_00.png,Anh
8cda73d400e481bad8f5_crop_10_word_01.png,Hải
8cda73d400e481bad8f5_crop_10_word_02.png,Hoàng
8cda73d400e481bad8f5_crop_10_word_03.png,Hữu
8cda73d400e481bad8f5_crop_10_word_04.png,Nguyễn
8cda73d400e481bad8f5_crop_11_word_00.png,Mai
8cda73d400e481bad8f5_crop_11_word_01.png,Chi
8cda73d400e481bad8f5_crop_11_word_02.png,Ngọc
8cda73d400e481bad8f5_crop_11_word_03.png,Vũ
8cda73d400e481bad8f5_crop_12_word_00.png,Chi
8cda73d400e481bad8f5_crop_12_word_01.png,Uyển
8cda73d400e481bad8f5_crop_12_word_02.png,Đỗ
8cda73d400e481bad8f5_crop_13_word_00.png,Khải
8cda73d400e481bad8f5_crop_13_word_01.png,Gia
8cda73d400e481bad8f5_crop_13_word_02.png,Hoàng
8cda73d400e481bad8f5_crop_13_word_03.png,Nguyễn
8cda73d400e481bad8f5_crop_14_word_00.png,Anh
8cda73d400e481bad8f5_crop_14_word_01.png,Đức
8cda73d400e481bad8f5_crop_14_word_02.png,Gia
8cda73d400e481bad8f5_crop_14_word_03.png,Nguyễn
8cda73d400e481bad8f5_crop_15_word_00.png,Đăng
8cda73d400e481bad8f5_crop_15_word_01.png,Minh
8cda73d400e481bad8f5_crop_15_word_02.png,Thi
8cda73d400e481bad8f5_crop_15_word_03.png,Hoàng
8f2a69e332d3b38deac2_crop_01_word_00.png,Vân
8f2a69e332d3b38deac2_crop_01_word_01.png,Uyên
8f2a69e332d3b38deac2_crop_01_word_02.png,Nhã
8f2a69e332d3b38deac2_crop_02_word_00.png,Thư
8f2a69e332d3b38deac2_crop_02_word_01.png,Anh
8f2a69e332d3b38deac2_crop_02_word_02.png,Nhã
8f2a69e332d3b38deac2_crop_03_word_00.png,Tiân
8f2a69e332d3b38deac2_crop_03_word_01.png,Cát
8f2a69e332d3b38deac2_crop_03_word_02.png,Nhã
8f2a69e332d3b38deac2_crop_04_word_00.png,Anh
8f2a69e332d3b38deac2_crop_04_word_01.png,Mai
8f2a69e332d3b38deac2_crop_04_word_02.png,Quỳnh
8f2a69e332d3b38deac2_crop_04_word_03.png,Nhã
8f2a69e332d3b38deac2_crop_05_word_00.png,Vy
8f2a69e332d3b38deac2_crop_05_word_01.png,Tú
8f2a69e332d3b38deac2_crop_05_word_02.png,Nhã
8f2a69e332d3b38deac2_crop_06_word_00.png,Quyên
8f2a69e332d3b38deac2_crop_06_word_01.png,Bảo
8f2a69e332d3b38deac2_crop_06_word_02.png,Thục
8f2a69e332d3b38deac2_crop_07_word_00.png,My
8f2a69e332d3b38deac2_crop_07_word_01.png,Diệu
8f2a69e332d3b38deac2_crop_07_word_02.png,Thục
8f2a69e332d3b38deac2_crop_08_word_00.png,Hân
8f2a69e332d3b38deac2_crop_08_word_01.png,Thúy
8f2a69e332d3b38deac2_crop_08_word_02.png,Thục
8f2a69e332d3b38deac2_crop_09_word_00.png,Nhi
8f2a69e332d3b38deac2_crop_09_word_01.png,Quỳnh
8f2a69e332d3b38deac2_crop_09_word_02.png,Thục
8f2a69e332d3b38deac2_crop_10_word_00.png,Trang
8f2a69e332d3b38deac2_crop_10_word_01.png,Đoan
8f2a69e332d3b38deac2_crop_10_word_02.png,Thục
8f2a69e332d3b38deac2_crop_11_word_00.png,Lan
8f2a69e332d3b38deac2_crop_11_word_01.png,Bảo
8f2a69e332d3b38deac2_crop_11_word_02.png,Tường
8f2a69e332d3b38deac2_crop_12_word_00.png,Anh
8f2a69e332d3b38deac2_crop_12_word_01.png,Lam
8f2a69e332d3b38deac2_crop_12_word_02.png,Tường
8f2a69e332d3b38deac2_crop_13_word_00.png,Anh
8f2a69e332d3b38deac2_crop_13_word_01.png,Trâm
8f2a69e332d3b38deac2_crop_13_word_02.png,Tường
8f2a69e332d3b38deac2_crop_14_word_00.png,Vy
8f2a69e332d3b38deac2_crop_14_word_01.png,Tường
8f2a69e332d3b38deac2_crop_15_word_00.png,Lan
8f2a69e332d3b38deac2_crop_15_word_01.png,Tường
951ac87a924a13144a5b_crop_01_word_00.png,Anh
951ac87a924a13144a5b_crop_01_word_01.png,Tú
951ac87a924a13144a5b_crop_01_word_02.png,Nguyễn
951ac87a924a13144a5b_crop_01_word_03.png,Đỗ
951ac87a924a13144a5b_crop_02_word_00.png,Chi
951ac87a924a13144a5b_crop_02_word_01.png,Thùy
951ac87a924a13144a5b_crop_02_word_02.png,Trần
951ac87a924a13144a5b_crop_02_word_03.png,Đỗ
951ac87a924a13144a5b_crop_03_word_00.png,Huyền
951ac87a924a13144a5b_crop_03_word_01.png,Ngọc
951ac87a924a13144a5b_crop_03_word_02.png,Cao
951ac87a924a13144a5b_crop_03_word_03.png,Đỗ
951ac87a924a13144a5b_crop_04_word_00.png,Lan
951ac87a924a13144a5b_crop_04_word_01.png,Bảo
951ac87a924a13144a5b_crop_04_word_02.png,Trần
951ac87a924a13144a5b_crop_04_word_03.png,Đỗ
951ac87a924a13144a5b_crop_05_word_00.png,Dung
951ac87a924a13144a5b_crop_05_word_01.png,Kiều
951ac87a924a13144a5b_crop_05_word_02.png,Ngọc
951ac87a924a13144a5b_crop_05_word_03.png,Đỗ
951ac87a924a13144a5b_crop_06_word_00.png,Ân
951ac87a924a13144a5b_crop_06_word_01.png,Thiên
951ac87a924a13144a5b_crop_06_word_02.png,Đức
951ac87a924a13144a5b_crop_06_word_03.png,Đỗ
951ac87a924a13144a5b_crop_07_word_00.png,Vũ
951ac87a924a13144a5b_crop_07_word_01.png,Long
951ac87a924a13144a5b_crop_07_word_02.png,Ngọc
951ac87a924a13144a5b_crop_07_word_03.png,Đỗ
951ac87a924a13144a5b_crop_08_word_00.png,Khang
951ac87a924a13144a5b_crop_08_word_01.png,Tuấn
951ac87a924a13144a5b_crop_08_word_02.png,Duy
951ac87a924a13144a5b_crop_08_word_03.png,Đỗ
951ac87a924a13144a5b_crop_09_word_00.png,Phú
951ac87a924a13144a5b_crop_09_word_01.png,Thiên
951ac87a924a13144a5b_crop_09_word_02.png,Bảo
951ac87a924a13144a5b_crop_09_word_03.png,Đỗ
951ac87a924a13144a5b_crop_10_word_00.png,Anh
951ac87a924a13144a5b_crop_10_word_01.png,Tú
951ac87a924a13144a5b_crop_10_word_02.png,Giang
951ac87a924a13144a5b_crop_10_word_03.png,Vũ
951ac87a924a13144a5b_crop_11_word_00.png,Đan
951ac87a924a13144a5b_crop_11_word_01.png,Yên
951ac87a924a13144a5b_crop_11_word_02.png,Hà
951ac87a924a13144a5b_crop_11_word_03.png,Vũ
951ac87a924a13144a5b_crop_12_word_00.png,Khanh
951ac87a924a13144a5b_crop_12_word_01.png,Uyển
951ac87a924a13144a5b_crop_12_word_02.png,Hoàng
951ac87a924a13144a5b_crop_12_word_03.png,Vũ
951ac87a924a13144a5b_crop_13_word_00.png,Khiêm
951ac87a924a13144a5b_crop_13_word_01.png,Gia
951ac87a924a13144a5b_crop_13_word_02.png,Bảo
951ac87a924a13144a5b_crop_13_word_03.png,Đỗ
951ac87a924a13144a5b_crop_14_word_00.png,Đan
951ac87a924a13144a5b_crop_14_word_01.png,Linh
951ac87a924a13144a5b_crop_14_word_02.png,Hà
951ac87a924a13144a5b_crop_14_word_03.png,Vũ
951ac87a924a13144a5b_crop_15_word_00.png,Thái
951ac87a924a13144a5b_crop_15_word_01.png,Yên
951ac87a924a13144a5b_crop_15_word_02.png,Bình
951ac87a924a13144a5b_crop_15_word_03.png,Vũ
9b043b556d7cec22b56d_crop_01_word_00.png,Anh
9b043b556d7cec22b56d_crop_01_word_01.png,Tú
9b043b556d7cec22b56d_crop_01_word_02.png,Nguyễn
9b043b556d7cec22b56d_crop_01_word_03.png,Đỗ
9b043b556d7cec22b56d_crop_02_word_00.png,Chi
9b043b556d7cec22b56d_crop_02_word_01.png,Thùy
9b043b556d7cec22b56d_crop_02_word_02.png,Trần
9b043b556d7cec22b56d_crop_02_word_03.png,Đỗ
9b043b556d7cec22b56d_crop_03_word_00.png,Huyền
9b043b556d7cec22b56d_crop_03_word_01.png,Ngọc
9b043b556d7cec22b56d_crop_03_word_02.png,Cao
9b043b556d7cec22b56d_crop_03_word_03.png,Đỗ
9b043b556d7cec22b56d_crop_04_word_00.png,Lan
9b043b556d7cec22b56d_crop_04_word_01.png,Bảo
9b043b556d7cec22b56d_crop_04_word_02.png,Trần
9b043b556d7cec22b56d_crop_04_word_03.png,Đỗ
9b043b556d7cec22b56d_crop_05_word_00.png,Dung
9b043b556d7cec22b56d_crop_05_word_01.png,Kiều
9b043b556d7cec22b56d_crop_05_word_02.png,Ngọc
9b043b556d7cec22b56d_crop_05_word_03.png,Đỗ
9b043b556d7cec22b56d_crop_06_word_00.png,Ân
9b043b556d7cec22b56d_crop_06_word_01.png,Thiên
9b043b556d7cec22b56d_crop_06_word_02.png,Đức
9b043b556d7cec22b56d_crop_06_word_03.png,Đỗ
9b043b556d7cec22b56d_crop_07_word_00.png,Vũ
9b043b556d7cec22b56d_crop_07_word_01.png,Long
9b043b556d7cec22b56d_crop_07_word_02.png,Ngọc
9b043b556d7cec22b56d_crop_07_word_03.png,Đỗ
9b043b556d7cec22b56d_crop_08_word_00.png,Khang
9b043b556d7cec22b56d_crop_08_word_01.png,Tuấn
9b043b556d7cec22b56d_crop_08_word_02.png,Duy
9b043b556d7cec22b56d_crop_08_word_03.png,Đỗ
9b043b556d7cec22b56d_crop_09_word_00.png,Phú
9b043b556d7cec22b56d_crop_09_word_01.png,Thiên
9b043b556d7cec22b56d_crop_09_word_02.png,Bảo
9b043b556d7cec22b56d_crop_09_word_03.png,Đỗ
9b043b556d7cec22b56d_crop_10_word_00.png,Anh
9b043b556d7cec22b56d_crop_10_word_01.png,Tú
9b043b556d7cec22b56d_crop_10_word_02.png,Giang
9b043b556d7cec22b56d_crop_10_word_03.png,Vũ
9b043b556d7cec22b56d_crop_11_word_00.png,Đan
9b043b556d7cec22b56d_crop_11_word_01.png,Yên
9b043b556d7cec22b56d_crop_11_word_02.png,Hà
9b043b556d7cec22b56d_crop_11_word_03.png,Vũ
9b043b556d7cec22b56d_crop_12_word_00.png,Khanh
9b043b556d7cec22b56d_crop_12_word_01.png,Uyển
9b043b556d7cec22b56d_crop_12_word_02.png,Hoàng
9b043b556d7cec22b56d_crop_12_word_03.png,Vũ
9b043b556d7cec22b56d_crop_13_word_00.png,Khiên
9b043b556d7cec22b56d_crop_13_word_01.png,Gia
9b043b556d7cec22b56d_crop_13_word_02.png,Bảo
9b043b556d7cec22b56d_crop_13_word_03.png,Đỗ
9b043b556d7cec22b56d_crop_14_word_00.png,Đan
9b043b556d7cec22b56d_crop_14_word_01.png,Linh
9b043b556d7cec22b56d_crop_14_word_02.png,Hà
9b043b556d7cec22b56d_crop_14_word_03.png,Vũ
9b043b556d7cec22b56d_crop_15_word_00.png,Thái
9b043b556d7cec22b56d_crop_15_word_01.png,Yên
9b043b556d7cec22b56d_crop_15_word_02.png,Bình
9b043b556d7cec22b56d_crop_15_word_03.png,Vũ
9b06d5f3f1ca709429db_crop_01_word_00.png,Hiếu
9b06d5f3f1ca709429db_crop_01_word_01.png,Minh
9b06d5f3f1ca709429db_crop_01_word_02.png,Lê
9b06d5f3f1ca709429db_crop_02_word_00.png,Thảo
9b06d5f3f1ca709429db_crop_02_word_01.png,Phương
9b06d5f3f1ca709429db_crop_02_word_02.png,Nguyễn
9b06d5f3f1ca709429db_crop_03_word_00.png,Nga
9b06d5f3f1ca709429db_crop_03_word_01.png,Thị
9b06d5f3f1ca709429db_crop_03_word_02.png,Nguyễn
9b06d5f3f1ca709429db_crop_04_word_00.png,Mai
9b06d5f3f1ca709429db_crop_04_word_01.png,Hương
9b06d5f3f1ca709429db_crop_04_word_02.png,Thị
9b06d5f3f1ca709429db_crop_04_word_03.png,Phạm
9b06d5f3f1ca709429db_crop_05_word_00.png,Thu
9b06d5f3f1ca709429db_crop_05_word_01.png,Thị
9b06d5f3f1ca709429db_crop_05_word_02.png,Nguyễn
9b06d5f3f1ca709429db_crop_06_word_00.png,Huyền
9b06d5f3f1ca709429db_crop_06_word_01.png,Thu
9b06d5f3f1ca709429db_crop_06_word_02.png,Thị
9b06d5f3f1ca709429db_crop_06_word_03.png,Vũ
9b06d5f3f1ca709429db_crop_07_word_00.png,Hà
9b06d5f3f1ca709429db_crop_07_word_01.png,Ngọc
9b06d5f3f1ca709429db_crop_07_word_02.png,Lê
9b06d5f3f1ca709429db_crop_08_word_00.png,Phương
9b06d5f3f1ca709429db_crop_08_word_01.png,Hà
9b06d5f3f1ca709429db_crop_08_word_02.png,Lê
9b06d5f3f1ca709429db_crop_09_word_00.png,Nam
9b06d5f3f1ca709429db_crop_09_word_01.png,Duy
9b06d5f3f1ca709429db_crop_09_word_02.png,Phạm
9b06d5f3f1ca709429db_crop_10_word_00.png,Quỳnh
9b06d5f3f1ca709429db_crop_10_word_01.png,Như
9b06d5f3f1ca709429db_crop_10_word_02.png,Vũ
9b06d5f3f1ca709429db_crop_11_word_00.png,Đông
9b06d5f3f1ca709429db_crop_11_word_01.png,Phương
9b06d5f3f1ca709429db_crop_11_word_02.png,Nguyễn
9b06d5f3f1ca709429db_crop_12_word_00.png,Hải
9b06d5f3f1ca709429db_crop_12_word_01.png,Ngọc
9b06d5f3f1ca709429db_crop_12_word_02.png,Lê
9b06d5f3f1ca709429db_crop_13_word_00.png,Trang
9b06d5f3f1ca709429db_crop_13_word_01.png,Quỳnh
9b06d5f3f1ca709429db_crop_13_word_02.png,Thị
9b06d5f3f1ca709429db_crop_13_word_03.png,Nguyễn
9b06d5f3f1ca709429db_crop_14_word_00.png,Châu
9b06d5f3f1ca709429db_crop_14_word_01.png,Minh
9b06d5f3f1ca709429db_crop_14_word_02.png,Võ
9b06d5f3f1ca709429db_crop_15_word_00.png,Long
9b06d5f3f1ca709429db_crop_15_word_01.png,Hải
9b06d5f3f1ca709429db_crop_15_word_02.png,Nguyễn
9f28fde1a6d1278f7ec0_crop_01_word_00.png,Duy
9f28fde1a6d1278f7ec0_crop_01_word_01.png,Công
9f28fde1a6d1278f7ec0_crop_01_word_02.png,Trần
9f28fde1a6d1278f7ec0_crop_02_word_00.png,Lương
9f28fde1a6d1278f7ec0_crop_02_word_01.png,Văn
9f28fde1a6d1278f7ec0_crop_02_word_02.png,Trần
9f28fde1a6d1278f7ec0_crop_03_word_00.png,Quang
9f28fde1a6d1278f7ec0_crop_03_word_01.png,Minh
9f28fde1a6d1278f7ec0_crop_03_word_02.png,Lê
9f28fde1a6d1278f7ec0_crop_04_word_00.png,Thuần
9f28fde1a6d1278f7ec0_crop_04_word_01.png,Trí
9f28fde1a6d1278f7ec0_crop_04_word_02.png,Lương
9f28fde1a6d1278f7ec0_crop_05_word_00.png,Minh
9f28fde1a6d1278f7ec0_crop_05_word_01.png,Văn
9f28fde1a6d1278f7ec0_crop_05_word_02.png,Hoàng
9f28fde1a6d1278f7ec0_crop_06_word_00.png,Hiệu
9f28fde1a6d1278f7ec0_crop_06_word_01.png,Huy
9f28fde1a6d1278f7ec0_crop_06_word_02.png,Nguyễn
9f28fde1a6d1278f7ec0_crop_07_word_00.png,Quốc
9f28fde1a6d1278f7ec0_crop_07_word_01.png,Cường
9f28fde1a6d1278f7ec0_crop_07_word_02.png,Vũ
9f28fde1a6d1278f7ec0_crop_08_word_00.png,Sơn
9f28fde1a6d1278f7ec0_crop_08_word_01.png,Mai
9f28fde1a6d1278f7ec0_crop_08_word_02.png,Đào
9f28fde1a6d1278f7ec0_crop_09_word_00.png,Trình
9f28fde1a6d1278f7ec0_crop_09_word_01.png,Đức
9f28fde1a6d1278f7ec0_crop_09_word_02.png,Nông
9f28fde1a6d1278f7ec0_crop_10_word_00.png,Vỹ
9f28fde1a6d1278f7ec0_crop_10_word_01.png,Tiệu
9f28fde1a6d1278f7ec0_crop_10_word_02.png,Trần
9f28fde1a6d1278f7ec0_crop_11_word_00.png,Trinh
9f28fde1a6d1278f7ec0_crop_11_word_01.png,Ngọc
9f28fde1a6d1278f7ec0_crop_11_word_02.png,Đào
9f28fde1a6d1278f7ec0_crop_12_word_00.png,Giang
9f28fde1a6d1278f7ec0_crop_12_word_01.png,Văn
9f28fde1a6d1278f7ec0_crop_12_word_02.png,Ngô
9f28fde1a6d1278f7ec0_crop_13_word_00.png,Quý
9f28fde1a6d1278f7ec0_crop_13_word_01.png,Phú
9f28fde1a6d1278f7ec0_crop_13_word_02.png,Nguyễn
9f28fde1a6d1278f7ec0_crop_14_word_00.png,Anh
9f28fde1a6d1278f7ec0_crop_14_word_01.png,Thế
9f28fde1a6d1278f7ec0_crop_14_word_02.png,Nguyễn
9f28fde1a6d1278f7ec0_crop_15_word_00.png,Đức
9f28fde1a6d1278f7ec0_crop_15_word_01.png,Hoàng
9f28fde1a6d1278f7ec0_crop_15_word_02.png,Đặng
a09290c6caf64ba812e7_crop_01_word_00.png,Hải
a09290c6caf64ba812e7_crop_01_word_01.png,Ngọc
a09290c6caf64ba812e7_crop_01_word_02.png,Quế
a09290c6caf64ba812e7_crop_02_word_00.png,Mạnh
a09290c6caf64ba812e7_crop_02_word_01.png,Xuân
a09290c6caf64ba812e7_crop_02_word_02.png,Phạm
a09290c6caf64ba812e7_crop_03_word_00.png,Đức
a09290c6caf64ba812e7_crop_03_word_01.png,Văn
a09290c6caf64ba812e7_crop_03_word_02.png,Phan
a09290c6caf64ba812e7_crop_04_word_00.png,Sn
a09290c6caf64ba812e7_crop_04_word_01.png,Sỹ
a09290c6caf64ba812e7_crop_04_word_02.png,Văn
a09290c6caf64ba812e7_crop_05_word_00.png,Anh
a09290c6caf64ba812e7_crop_05_word_01.png,Minh
a09290c6caf64ba812e7_crop_05_word_02.png,Lê
a09290c6caf64ba812e7_crop_05_word_03.png,Nguyễn
a09290c6caf64ba812e7_crop_06_word_00.png,Cầm
a09290c6caf64ba812e7_crop_06_word_01.png,Nguyệt
a09290c6caf64ba812e7_crop_06_word_02.png,Kiều
a09290c6caf64ba812e7_crop_06_word_03.png,Hoàng
a09290c6caf64ba812e7_crop_07_word_00.png,Anh
a09290c6caf64ba812e7_crop_07_word_01.png,Tuệ
a09290c6caf64ba812e7_crop_07_word_02.png,Phương
a09290c6caf64ba812e7_crop_07_word_03.png,Lê
a09290c6caf64ba812e7_crop_08_word_00.png,Dung
a09290c6caf64ba812e7_crop_08_word_01.png,Hạnh
a09290c6caf64ba812e7_crop_08_word_02.png,Kiều
a09290c6caf64ba812e7_crop_08_word_03.png,Trần
a09290c6caf64ba812e7_crop_09_word_00.png,Lam
a09290c6caf64ba812e7_crop_09_word_01.png,Tường
a09290c6caf64ba812e7_crop_09_word_02.png,Ngọc
a09290c6caf64ba812e7_crop_09_word_03.png,Phạm
a09290c6caf64ba812e7_crop_10_word_00.png,Anh
a09290c6caf64ba812e7_crop_10_word_01.png,Hải
a09290c6caf64ba812e7_crop_10_word_02.png,Hoàng
a09290c6caf64ba812e7_crop_10_word_03.png,Hữu
a09290c6caf64ba812e7_crop_10_word_04.png,Nguyễn
a09290c6caf64ba812e7_crop_11_word_00.png,Mai
a09290c6caf64ba812e7_crop_11_word_01.png,Chi
a09290c6caf64ba812e7_crop_11_word_02.png,Ngọc
a09290c6caf64ba812e7_crop_11_word_03.png,Vũ
a09290c6caf64ba812e7_crop_12_word_00.png,Chi
a09290c6caf64ba812e7_crop_12_word_01.png,Uyển
a09290c6caf64ba812e7_crop_12_word_02.png,Đỗ
a09290c6caf64ba812e7_crop_13_word_00.png,Khải
a09290c6caf64ba812e7_crop_13_word_01.png,Gia
a09290c6caf64ba812e7_crop_13_word_02.png,Hoàng
a09290c6caf64ba812e7_crop_13_word_03.png,Nguyễn
a09290c6caf64ba812e7_crop_14_word_00.png,Anh
a09290c6caf64ba812e7_crop_14_word_01.png,Đức
a09290c6caf64ba812e7_crop_14_word_02.png,Gia
a09290c6caf64ba812e7_crop_14_word_03.png,Nguyễn
a09290c6caf64ba812e7_crop_15_word_00.png,Đăng
a09290c6caf64ba812e7_crop_15_word_01.png,Minh
a09290c6caf64ba812e7_crop_15_word_02.png,Thái
a09290c6caf64ba812e7_crop_15_word_03.png,Hoàng
a2276d281e189f46c609_crop_01_word_00.png,Nam
a2276d281e189f46c609_crop_01_word_01.png,Văn
a2276d281e189f46c609_crop_01_word_02.png,Nguyễn
a2276d281e189f46c609_crop_02_word_00.png,Nam
a2276d281e189f46c609_crop_02_word_01.png,Phương
a2276d281e189f46c609_crop_02_word_02.png,Phạm
a2276d281e189f46c609_crop_03_word_00.png,Hoàng
a2276d281e189f46c609_crop_03_word_01.png,Quốc
a2276d281e189f46c609_crop_03_word_02.png,Dương
a2276d281e189f46c609_crop_04_word_00.png,Tuấn
a2276d281e189f46c609_crop_04_word_01.png,Anh
a2276d281e189f46c609_crop_04_word_02.png,Nguyễn
a2276d281e189f46c609_crop_05_word_00.png,Kiên
a2276d281e189f46c609_crop_05_word_01.png,Thành
a2276d281e189f46c609_crop_05_word_02.png,Đặng
a2276d281e189f46c609_crop_06_word_00.png,Đăng
a2276d281e189f46c609_crop_06_word_01.png,Văn
a2276d281e189f46c609_crop_06_word_02.png,Trần
a2276d281e189f46c609_crop_07_word_00.png,Hải
a2276d281e189f46c609_crop_07_word_01.png,Quang
a2276d281e189f46c609_crop_07_word_02.png,Nguyễn
a2276d281e189f46c609_crop_08_word_00.png,Lâm
a2276d281e189f46c609_crop_08_word_01.png,Văn
a2276d281e189f46c609_crop_08_word_02.png,Đặng
a2276d281e189f46c609_crop_09_word_00.png,Tuấn
a2276d281e189f46c609_crop_09_word_01.png,Anh
a2276d281e189f46c609_crop_09_word_02.png,Bùi
a2276d281e189f46c609_crop_10_word_00.png,Linh
a2276d281e189f46c609_crop_10_word_01.png,Khánh
a2276d281e189f46c609_crop_10_word_02.png,Thị
a2276d281e189f46c609_crop_10_word_03.png,Phạm
a2276d281e189f46c609_crop_11_word_00.png,Đào
a2276d281e189f46c609_crop_11_word_01.png,Anh
a2276d281e189f46c609_crop_11_word_02.png,Phương
a2276d281e189f46c609_crop_11_word_03.png,Đào
a2276d281e189f46c609_crop_12_word_00.png,Chiến
a2276d281e189f46c609_crop_12_word_01.png,Quyết
a2276d281e189f46c609_crop_12_word_02.png,Trần
a2276d281e189f46c609_crop_13_word_00.png,Nam
a2276d281e189f46c609_crop_13_word_01.png,Văn
a2276d281e189f46c609_crop_13_word_02.png,Hoàng
a2276d281e189f46c609_crop_14_word_00.png,Dũng
a2276d281e189f46c609_crop_14_word_01.png,Hùng
a2276d281e189f46c609_crop_14_word_02.png,Đỗ
a2276d281e189f46c609_crop_15_word_00.png,Liệu
a2276d281e189f46c609_crop_15_word_01.png,Nguyễn
a7c34ea6149695c8cc87_crop_01_word_00.png,Loan
a7c34ea6149695c8cc87_crop_01_word_01.png,Thúc
a7c34ea6149695c8cc87_crop_01_word_02.png,Mai
a7c34ea6149695c8cc87_crop_02_word_00.png,Sơn
a7c34ea6149695c8cc87_crop_02_word_01.png,Nguyễn
a7c34ea6149695c8cc87_crop_02_word_02.png,Đinh
a7c34ea6149695c8cc87_crop_03_word_00.png,Linh
a7c34ea6149695c8cc87_crop_03_word_01.png,Khánh
a7c34ea6149695c8cc87_crop_03_word_02.png,Lê
a7c34ea6149695c8cc87_crop_04_word_00.png,Loan
a7c34ea6149695c8cc87_crop_04_word_01.png,Khánh
a7c34ea6149695c8cc87_crop_04_word_02.png,Thị
a7c34ea6149695c8cc87_crop_04_word_03.png,Hồ
a7c34ea6149695c8cc87_crop_05_word_00.png,Quỳnh
a7c34ea6149695c8cc87_crop_05_word_01.png,Trúc
a7c34ea6149695c8cc87_crop_05_word_02.png,Mai
a7c34ea6149695c8cc87_crop_05_word_03.png,Nguyễn
a7c34ea6149695c8cc87_crop_06_word_00.png,Hưng
a7c34ea6149695c8cc87_crop_06_word_01.png,Khánh
a7c34ea6149695c8cc87_crop_06_word_02.png,Duy
a7c34ea6149695c8cc87_crop_06_word_03.png,Nguyễn
a7c34ea6149695c8cc87_crop_07_word_00.png,Toàn
a7c34ea6149695c8cc87_crop_07_word_01.png,Cảnh
a7c34ea6149695c8cc87_crop_07_word_02.png,Minh
a7c34ea6149695c8cc87_crop_07_word_03.png,Nguyễn
a7c34ea6149695c8cc87_crop_08_word_00.png,Dao
a7c34ea6149695c8cc87_crop_08_word_01.png,Quỳnh
a7c34ea6149695c8cc87_crop_08_word_02.png,Nhã
a7c34ea6149695c8cc87_crop_08_word_03.png,Trần
a7c34ea6149695c8cc87_crop_09_word_00.png,Phát
a7c34ea6149695c8cc87_crop_09_word_01.png,Tấn
a7c34ea6149695c8cc87_crop_09_word_02.png,Nam
a7c34ea6149695c8cc87_crop_09_word_03.png,Trần
a7c34ea6149695c8cc87_crop_10_word_00.png,Di
a7c34ea6149695c8cc87_crop_10_word_01.png,Băng
a7c34ea6149695c8cc87_crop_10_word_02.png,Kiều
a7c34ea6149695c8cc87_crop_10_word_03.png,Lê
a7c34ea6149695c8cc87_crop_11_word_00.png,San
a7c34ea6149695c8cc87_crop_11_word_01.png,Thục
a7c34ea6149695c8cc87_crop_11_word_02.png,Vy
a7c34ea6149695c8cc87_crop_11_word_03.png,Lê
a7c34ea6149695c8cc87_crop_12_word_00.png,Minh
a7c34ea6149695c8cc87_crop_12_word_01.png,Khánh
a7c34ea6149695c8cc87_crop_12_word_02.png,Nhật
a7c34ea6149695c8cc87_crop_12_word_03.png,Lê
a7c34ea6149695c8cc87_crop_13_word_00.png,Phương
a7c34ea6149695c8cc87_crop_13_word_01.png,Uyên
a7c34ea6149695c8cc87_crop_13_word_02.png,Phúc
a7c34ea6149695c8cc87_crop_13_word_03.png,Phạm
a7c34ea6149695c8cc87_crop_14_word_00.png,Đăng
a7c34ea6149695c8cc87_crop_14_word_01.png,Hoàng
a7c34ea6149695c8cc87_crop_14_word_02.png,Tuệ
a7c34ea6149695c8cc87_crop_14_word_03.png,Phạm
a7c34ea6149695c8cc87_crop_15_word_00.png,Liên
a7c34ea6149695c8cc87_crop_15_word_01.png,Như
a7c34ea6149695c8cc87_crop_15_word_02.png,Ngọc
a7c34ea6149695c8cc87_crop_15_word_03.png,Đinh
a7f96f9c35acb4f2edbd_crop_01_word_00.png,Huyền
a7f96f9c35acb4f2edbd_crop_01_word_01.png,Khánh
a7f96f9c35acb4f2edbd_crop_01_word_02.png,Ngọc
a7f96f9c35acb4f2edbd_crop_01_word_03.png,Bùi
a7f96f9c35acb4f2edbd_crop_02_word_00.png,Anh
a7f96f9c35acb4f2edbd_crop_02_word_01.png,Mỹ
a7f96f9c35acb4f2edbd_crop_02_word_02.png,Diệp
a7f96f9c35acb4f2edbd_crop_02_word_03.png,Bùi
a7f96f9c35acb4f2edbd_crop_03_word_00.png,Duy
a7f96f9c35acb4f2edbd_crop_03_word_01.png,Đức
a7f96f9c35acb4f2edbd_crop_03_word_02.png,Võ
a7f96f9c35acb4f2edbd_crop_03_word_03.png,Bùi
a7f96f9c35acb4f2edbd_crop_04_word_00.png,Ngọc
a7f96f9c35acb4f2edbd_crop_04_word_01.png,Minh
a7f96f9c35acb4f2edbd_crop_04_word_02.png,Trung
a7f96f9c35acb4f2edbd_crop_04_word_03.png,Bùi
a7f96f9c35acb4f2edbd_crop_05_word_00.png,Anh
a7f96f9c35acb4f2edbd_crop_05_word_01.png,Tuấn
a7f96f9c35acb4f2edbd_crop_05_word_02.png,Duy
a7f96f9c35acb4f2edbd_crop_05_word_03.png,Bùi
a7f96f9c35acb4f2edbd_crop_06_word_00.png,Nhật
a7f96f9c35acb4f2edbd_crop_06_word_01.png,Minh
a7f96f9c35acb4f2edbd_crop_06_word_02.png,Lê
a7f96f9c35acb4f2edbd_crop_06_word_03.png,Dương
a7f96f9c35acb4f2edbd_crop_07_word_00.png,Mỹ
a7f96f9c35acb4f2edbd_crop_07_word_01.png,Trà
a7f96f9c35acb4f2edbd_crop_07_word_02.png,Ái
a7f96f9c35acb4f2edbd_crop_07_word_03.png,Dương
a7f96f9c35acb4f2edbd_crop_08_word_00.png,Băng
a7f96f9c35acb4f2edbd_crop_08_word_01.png,Tuyết
a7f96f9c35acb4f2edbd_crop_08_word_02.png,Hà
a7f96f9c35acb4f2edbd_crop_08_word_03.png,Dương
a7f96f9c35acb4f2edbd_crop_09_word_00.png,Anh
a7f96f9c35acb4f2edbd_crop_09_word_01.png,Minh
a7f96f9c35acb4f2edbd_crop_09_word_02.png,Lê
a7f96f9c35acb4f2edbd_crop_09_word_03.png,Dương
a7f96f9c35acb4f2edbd_crop_10_word_00.png,Trọng
a7f96f9c35acb4f2edbd_crop_10_word_01.png,Phúc
a7f96f9c35acb4f2edbd_crop_10_word_02.png,Huỳnh
a7f96f9c35acb4f2edbd_crop_10_word_03.png,Dương
a7f96f9c35acb4f2edbd_crop_11_word_00.png,Khánh
a7f96f9c35acb4f2edbd_crop_11_word_01.png,Vân
a7f96f9c35acb4f2edbd_crop_11_word_02.png,Trần
a7f96f9c35acb4f2edbd_crop_11_word_03.png,Hoàng
a7f96f9c35acb4f2edbd_crop_12_word_00.png,Khánh
a7f96f9c35acb4f2edbd_crop_12_word_01.png,Ngọc
a7f96f9c35acb4f2edbd_crop_12_word_02.png,Hoàng
a7f96f9c35acb4f2edbd_crop_13_word_00.png,Nghi
a7f96f9c35acb4f2edbd_crop_13_word_01.png,Đông
a7f96f9c35acb4f2edbd_crop_13_word_02.png,Huỳnh
a7f96f9c35acb4f2edbd_crop_13_word_03.png,Hoàng
a7f96f9c35acb4f2edbd_crop_14_word_00.png,Tâm
a7f96f9c35acb4f2edbd_crop_14_word_01.png,Thanh
a7f96f9c35acb4f2edbd_crop_14_word_02.png,Đắc
a7f96f9c35acb4f2edbd_crop_14_word_03.png,Hoàng
a7f96f9c35acb4f2edbd_crop_15_word_00.png,Phước
a7f96f9c35acb4f2edbd_crop_15_word_01.png,Tín
a7f96f9c35acb4f2edbd_crop_15_word_02.png,Phong
a7f96f9c35acb4f2edbd_crop_15_word_03.png,Hoàng
af759c17c62747791e36_crop_01_word_00.png,Lâm
af759c17c62747791e36_crop_01_word_01.png,Tùng
af759c17c62747791e36_crop_01_word_02.png,Nguyễn
af759c17c62747791e36_crop_02_word_00.png,Trang
af759c17c62747791e36_crop_02_word_01.png,Thúy
af759c17c62747791e36_crop_02_word_02.png,Thị
af759c17c62747791e36_crop_02_word_03.png,Vũ
af759c17c62747791e36_crop_03_word_00.png,Nga
af759c17c62747791e36_crop_03_word_01.png,Hằng
af759c17c62747791e36_crop_03_word_02.png,Thanh
af759c17c62747791e36_crop_03_word_03.png,Vũ
af759c17c62747791e36_crop_04_word_00.png,Nga
af759c17c62747791e36_crop_04_word_01.png,Thúy
af759c17c62747791e36_crop_04_word_02.png,Hoàng
af759c17c62747791e36_crop_05_word_00.png,Tâm
af759c17c62747791e36_crop_05_word_01.png,Lương
af759c17c62747791e36_crop_05_word_02.png,Văn
af759c17c62747791e36_crop_05_word_03.png,Trần
af759c17c62747791e36_crop_06_word_00.png,Trình
af759c17c62747791e36_crop_06_word_01.png,Đức
af759c17c62747791e36_crop_06_word_02.png,Nông
af759c17c62747791e36_crop_07_word_00.png,Yến
af759c17c62747791e36_crop_07_word_01.png,Hải
af759c17c62747791e36_crop_07_word_02.png,Thị
af759c17c62747791e36_crop_07_word_03.png,Nguyễn
af759c17c62747791e36_crop_08_word_00.png,Thảo
af759c17c62747791e36_crop_08_word_01.png,Huyền
af759c17c62747791e36_crop_08_word_02.png,Thị
af759c17c62747791e36_crop_08_word_03.png,Phạm
af759c17c62747791e36_crop_09_word_00.png,Phương
af759c17c62747791e36_crop_09_word_01.png,Lan
af759c17c62747791e36_crop_09_word_02.png,Trần
af759c17c62747791e36_crop_10_word_00.png,Nụ
af759c17c62747791e36_crop_10_word_01.png,Thị
af759c17c62747791e36_crop_10_word_02.png,Nguyễn
af759c17c62747791e36_crop_11_word_00.png,Nga
af759c17c62747791e36_crop_11_word_01.png,Thu
af759c17c62747791e36_crop_11_word_02.png,Thị
af759c17c62747791e36_crop_11_word_03.png,Nguyễn
af759c17c62747791e36_crop_12_word_00.png,Duy
af759c17c62747791e36_crop_12_word_01.png,Công
af759c17c62747791e36_crop_12_word_02.png,Trần
af759c17c62747791e36_crop_13_word_00.png,Dương
af759c17c62747791e36_crop_13_word_01.png,Tuấn
af759c17c62747791e36_crop_13_word_02.png,Phan
af759c17c62747791e36_crop_14_word_00.png,Nam
af759c17c62747791e36_crop_14_word_01.png,Văn
af759c17c62747791e36_crop_14_word_02.png,Phạm
af759c17c62747791e36_crop_15_word_00.png,Cát
af759c17c62747791e36_crop_15_word_01.png,Cường
af759c17c62747791e36_crop_15_word_02.png,Quốc
af759c17c62747791e36_crop_15_word_03.png,Vũ
afad20cc7afcfba2a2ed_crop_01_word_00.png,Ly
afad20cc7afcfba2a2ed_crop_01_word_01.png,Hà
afad20cc7afcfba2a2ed_crop_01_word_02.png,Phương
afad20cc7afcfba2a2ed_crop_02_word_00.png,Ngọc
afad20cc7afcfba2a2ed_crop_02_word_01.png,Minh
afad20cc7afcfba2a2ed_crop_02_word_02.png,Phương
afad20cc7afcfba2a2ed_crop_03_word_00.png,Thanh
afad20cc7afcfba2a2ed_crop_03_word_01.png,Bảo
afad20cc7afcfba2a2ed_crop_03_word_02.png,Phương
afad20cc7afcfba2a2ed_crop_04_word_00.png,Tâm
afad20cc7afcfba2a2ed_crop_04_word_01.png,Ngọc
afad20cc7afcfba2a2ed_crop_04_word_02.png,Phương
afad20cc7afcfba2a2ed_crop_05_word_00.png,Đào
afad20cc7afcfba2a2ed_crop_05_word_01.png,Trúc
afad20cc7afcfba2a2ed_crop_05_word_02.png,Phương
afad20cc7afcfba2a2ed_crop_06_word_00.png,Đan
afad20cc7afcfba2a2ed_crop_06_word_01.png,Yên
afad20cc7afcfba2a2ed_crop_06_word_02.png,Cát
afad20cc7afcfba2a2ed_crop_07_word_00.png,Đường
afad20cc7afcfba2a2ed_crop_07_word_01.png,Hải
afad20cc7afcfba2a2ed_crop_07_word_02.png,Cát
afad20cc7afcfba2a2ed_crop_08_word_00.png,Yên
afad20cc7afcfba2a2ed_crop_08_word_01.png,Tường
afad20cc7afcfba2a2ed_crop_08_word_02.png,Cát
afad20cc7afcfba2a2ed_crop_09_word_00.png,Phương
afad20cc7afcfba2a2ed_crop_09_word_01.png,Nhã
afad20cc7afcfba2a2ed_crop_09_word_02.png,Cát
afad20cc7afcfba2a2ed_crop_10_word_00.png,Anh
afad20cc7afcfba2a2ed_crop_10_word_01.png,Diệu
afad20cc7afcfba2a2ed_crop_10_word_02.png,Cát
afad20cc7afcfba2a2ed_crop_11_word_00.png,Dung
afad20cc7afcfba2a2ed_crop_11_word_01.png,Thanh
afad20cc7afcfba2a2ed_crop_11_word_02.png,Kim
afad20cc7afcfba2a2ed_crop_12_word_00.png,Ngọc
afad20cc7afcfba2a2ed_crop_12_word_01.png,Lan
afad20cc7afcfba2a2ed_crop_12_word_02.png,Kim
afad20cc7afcfba2a2ed_crop_13_word_00.png,Trinh
afad20cc7afcfba2a2ed_crop_13_word_01.png,Ngọc
afad20cc7afcfba2a2ed_crop_13_word_02.png,Kim
afad20cc7afcfba2a2ed_crop_14_word_00.png,Vân
afad20cc7afcfba2a2ed_crop_14_word_01.png,Thanh
afad20cc7afcfba2a2ed_crop_14_word_02.png,Kim
afad20cc7afcfba2a2ed_crop_15_word_00.png,Hiền
afad20cc7afcfba2a2ed_crop_15_word_01.png,Diệu
afad20cc7afcfba2a2ed_crop_15_word_02.png,Kim
b068b238e411654f3c00_crop_01_word_00.png,Nam
b068b238e411654f3c00_crop_01_word_01.png,Văn
b068b238e411654f3c00_crop_01_word_02.png,Nguyễn
b068b238e411654f3c00_crop_02_word_00.png,Nam
b068b238e411654f3c00_crop_02_word_01.png,Phương
b068b238e411654f3c00_crop_02_word_02.png,Pham
b068b238e411654f3c00_crop_03_word_00.png,Hoàng
b068b238e411654f3c00_crop_03_word_01.png,Quốc
b068b238e411654f3c00_crop_03_word_02.png,Dương
b068b238e411654f3c00_crop_04_word_00.png,Tuấn
b068b238e411654f3c00_crop_04_word_01.png,Anh
b068b238e411654f3c00_crop_04_word_02.png,Nguyễn
b068b238e411654f3c00_crop_05_word_00.png,Kiên
b068b238e411654f3c00_crop_05_word_01.png,Thành
b068b238e411654f3c00_crop_05_word_02.png,Đặng
b068b238e411654f3c00_crop_06_word_00.png,Đăng
b068b238e411654f3c00_crop_06_word_01.png,Văn
b068b238e411654f3c00_crop_06_word_02.png,Trần
b068b238e411654f3c00_crop_07_word_00.png,Hải
b068b238e411654f3c00_crop_07_word_01.png,Quang
b068b238e411654f3c00_crop_07_word_02.png,Nguyễn
b068b238e411654f3c00_crop_08_word_00.png,Lâm
b068b238e411654f3c00_crop_08_word_01.png,Văn
b068b238e411654f3c00_crop_08_word_02.png,Đặng
b068b238e411654f3c00_crop_09_word_00.png,Tuấn
b068b238e411654f3c00_crop_09_word_01.png,Anh
b068b238e411654f3c00_crop_09_word_02.png,Bùi
b068b238e411654f3c00_crop_10_word_00.png,Linh
b068b238e411654f3c00_crop_10_word_01.png,Khánh
b068b238e411654f3c00_crop_10_word_02.png,Thị
b068b238e411654f3c00_crop_10_word_03.png,Phạm
b068b238e411654f3c00_crop_11_word_00.png,Đào
b068b238e411654f3c00_crop_11_word_01.png,Anh
b068b238e411654f3c00_crop_11_word_02.png,Phương
b068b238e411654f3c00_crop_11_word_03.png,Đào
b068b238e411654f3c00_crop_12_word_00.png,Chiến
b068b238e411654f3c00_crop_12_word_01.png,Quyết
b068b238e411654f3c00_crop_12_word_02.png,Trần
b068b238e411654f3c00_crop_13_word_00.png,Nam
b068b238e411654f3c00_crop_13_word_01.png,Văn
b068b238e411654f3c00_crop_13_word_02.png,Hoàng
b068b238e411654f3c00_crop_14_word_00.png,Dũng
b068b238e411654f3c00_crop_14_word_01.png,Hùng
b068b238e411654f3c00_crop_14_word_02.png,Đỗ
b068b238e411654f3c00_crop_15_word_00.png,Liệu
b068b238e411654f3c00_crop_15_word_01.png,Nguyễn
b65cb20ce425657b3c34_crop_01_word_00.png,Hải
b65cb20ce425657b3c34_crop_01_word_01.png,Ngọc
b65cb20ce425657b3c34_crop_01_word_02.png,Quế
b65cb20ce425657b3c34_crop_02_word_00.png,Mạnh
b65cb20ce425657b3c34_crop_02_word_01.png,Xuân
b65cb20ce425657b3c34_crop_02_word_02.png,Phạm
b65cb20ce425657b3c34_crop_03_word_00.png,Đức
b65cb20ce425657b3c34_crop_03_word_01.png,Văn
b65cb20ce425657b3c34_crop_03_word_02.png,Phan
b65cb20ce425657b3c34_crop_04_word_00.png,Sơn
b65cb20ce425657b3c34_crop_04_word_01.png,Sỹ
b65cb20ce425657b3c34_crop_04_word_02.png,Văn
b65cb20ce425657b3c34_crop_05_word_00.png,Anh
b65cb20ce425657b3c34_crop_05_word_01.png,Minh
b65cb20ce425657b3c34_crop_05_word_02.png,Lê
b65cb20ce425657b3c34_crop_05_word_03.png,Nguyễn
b65cb20ce425657b3c34_crop_06_word_00.png,Cầm
b65cb20ce425657b3c34_crop_06_word_01.png,Nguyệt
b65cb20ce425657b3c34_crop_06_word_02.png,Kiều
b65cb20ce425657b3c34_crop_06_word_03.png,Hoàng
b65cb20ce425657b3c34_crop_07_word_00.png,Anh
b65cb20ce425657b3c34_crop_07_word_01.png,Tuệ
b65cb20ce425657b3c34_crop_07_word_02.png,Phương
b65cb20ce425657b3c34_crop_07_word_03.png,Lê
b65cb20ce425657b3c34_crop_08_word_00.png,Dung
b65cb20ce425657b3c34_crop_08_word_01.png,Hạnh
b65cb20ce425657b3c34_crop_08_word_02.png,Kiều
b65cb20ce425657b3c34_crop_08_word_03.png,Trần
b65cb20ce425657b3c34_crop_09_word_00.png,Lan
b65cb20ce425657b3c34_crop_09_word_01.png,Tường
b65cb20ce425657b3c34_crop_09_word_02.png,Ngọc
b65cb20ce425657b3c34_crop_09_word_03.png,Phạm
b65cb20ce425657b3c34_crop_10_word_00.png,Anh
b65cb20ce425657b3c34_crop_10_word_01.png,Hải
b65cb20ce425657b3c34_crop_10_word_02.png,Hoàng
b65cb20ce425657b3c34_crop_10_word_03.png,Hữu
b65cb20ce425657b3c34_crop_10_word_04.png,Nguyễn
b65cb20ce425657b3c34_crop_11_word_00.png,Mai
b65cb20ce425657b3c34_crop_11_word_01.png,Chi
b65cb20ce425657b3c34_crop_11_word_02.png,Ngọc
b65cb20ce425657b3c34_crop_11_word_03.png,Vũ
b65cb20ce425657b3c34_crop_12_word_00.png,Chi
b65cb20ce425657b3c34_crop_12_word_01.png,Uyển
b65cb20ce425657b3c34_crop_12_word_02.png,Đỗ
b65cb20ce425657b3c34_crop_13_word_00.png,Khải
b65cb20ce425657b3c34_crop_13_word_01.png,Gia
b65cb20ce425657b3c34_crop_13_word_02.png,Hoàng
b65cb20ce425657b3c34_crop_13_word_03.png,Nguyễn
b65cb20ce425657b3c34_crop_14_word_00.png,Anh
b65cb20ce425657b3c34_crop_14_word_01.png,Đức
b65cb20ce425657b3c34_crop_14_word_02.png,Gia
b65cb20ce425657b3c34_crop_14_word_03.png,Nguyễn
b65cb20ce425657b3c34_crop_15_word_00.png,Đăng
b65cb20ce425657b3c34_crop_15_word_01.png,Minh
b65cb20ce425657b3c34_crop_15_word_02.png,Thái
b65cb20ce425657b3c34_crop_15_word_03.png,Hoàng
b9186cb63786b6d8ef97_crop_01_word_00.png,Huyền
b9186cb63786b6d8ef97_crop_01_word_01.png,Khánh
b9186cb63786b6d8ef97_crop_01_word_02.png,Ngọc
b9186cb63786b6d8ef97_crop_01_word_03.png,Bùi
b9186cb63786b6d8ef97_crop_02_word_00.png,Anh
b9186cb63786b6d8ef97_crop_02_word_01.png,Mỹ
b9186cb63786b6d8ef97_crop_02_word_02.png,Diệp
b9186cb63786b6d8ef97_crop_02_word_03.png,Bùi
b9186cb63786b6d8ef97_crop_03_word_00.png,Duy
b9186cb63786b6d8ef97_crop_03_word_01.png,Đức
b9186cb63786b6d8ef97_crop_03_word_02.png,Võ
b9186cb63786b6d8ef97_crop_03_word_03.png,Bùi
b9186cb63786b6d8ef97_crop_04_word_00.png,Ngọc
b9186cb63786b6d8ef97_crop_04_word_01.png,Minh
b9186cb63786b6d8ef97_crop_04_word_02.png,Trung
b9186cb63786b6d8ef97_crop_04_word_03.png,Bùi
b9186cb63786b6d8ef97_crop_05_word_00.png,Anh
b9186cb63786b6d8ef97_crop_05_word_01.png,Tuấn
b9186cb63786b6d8ef97_crop_05_word_02.png,Duy
b9186cb63786b6d8ef97_crop_05_word_03.png,Bùi
b9186cb63786b6d8ef97_crop_06_word_00.png,Nhật
b9186cb63786b6d8ef97_crop_06_word_01.png,Minh
b9186cb63786b6d8ef97_crop_06_word_02.png,Lê
b9186cb63786b6d8ef97_crop_06_word_03.png,Dương
b9186cb63786b6d8ef97_crop_07_word_00.png,Mỹ
b9186cb63786b6d8ef97_crop_07_word_01.png,Trà
b9186cb63786b6d8ef97_crop_07_word_02.png,Ái
b9186cb63786b6d8ef97_crop_07_word_03.png,Dương
b9186cb63786b6d8ef97_crop_08_word_00.png,Băng
b9186cb63786b6d8ef97_crop_08_word_01.png,Tuyết
b9186cb63786b6d8ef97_crop_08_word_02.png,Hà
b9186cb63786b6d8ef97_crop_08_word_03.png,Dương
b9186cb63786b6d8ef97_crop_09_word_00.png,Anh
b9186cb63786b6d8ef97_crop_09_word_01.png,Minh
b9186cb63786b6d8ef97_crop_09_word_02.png,Lê
b9186cb63786b6d8ef97_crop_09_word_03.png,Dương
b9186cb63786b6d8ef97_crop_10_word_00.png,Trọng
b9186cb63786b6d8ef97_crop_10_word_01.png,Phúc
b9186cb63786b6d8ef97_crop_10_word_02.png,Huỳnh
b9186cb63786b6d8ef97_crop_10_word_03.png,Dương
b9186cb63786b6d8ef97_crop_11_word_00.png,Khánh
b9186cb63786b6d8ef97_crop_11_word_01.png,Vân
b9186cb63786b6d8ef97_crop_11_word_02.png,Trần
b9186cb63786b6d8ef97_crop_11_word_03.png,Hoàng
b9186cb63786b6d8ef97_crop_12_word_00.png,Khánh
b9186cb63786b6d8ef97_crop_12_word_01.png,Ngọc
b9186cb63786b6d8ef97_crop_12_word_02.png,Hoàng
b9186cb63786b6d8ef97_crop_13_word_00.png,Nghi
b9186cb63786b6d8ef97_crop_13_word_01.png,Đông
b9186cb63786b6d8ef97_crop_13_word_02.png,Huỳnh
b9186cb63786b6d8ef97_crop_13_word_03.png,Hoàng
b9186cb63786b6d8ef97_crop_14_word_00.png,Tâm
b9186cb63786b6d8ef97_crop_14_word_01.png,Thanh
b9186cb63786b6d8ef97_crop_14_word_02.png,Đắc
b9186cb63786b6d8ef97_crop_14_word_03.png,Hoàng
b9186cb63786b6d8ef97_crop_15_word_00.png,Phước
b9186cb63786b6d8ef97_crop_15_word_01.png,Tín
b9186cb63786b6d8ef97_crop_15_word_02.png,Phong
b9186cb63786b6d8ef97_crop_15_word_03.png,Hoàng
b94eaf76f95f7801214e_crop_01_word_00.png,Nam
b94eaf76f95f7801214e_crop_01_word_01.png,Văn
b94eaf76f95f7801214e_crop_01_word_02.png,Nguyễn
b94eaf76f95f7801214e_crop_02_word_00.png,Nam
b94eaf76f95f7801214e_crop_02_word_01.png,Phương
b94eaf76f95f7801214e_crop_02_word_02.png,Phạm
b94eaf76f95f7801214e_crop_03_word_00.png,Hoàng
b94eaf76f95f7801214e_crop_03_word_01.png,Quốc
b94eaf76f95f7801214e_crop_03_word_02.png,Dương
b94eaf76f95f7801214e_crop_04_word_00.png,Tuấn
b94eaf76f95f7801214e_crop_04_word_01.png,Anh
b94eaf76f95f7801214e_crop_04_word_02.png,Nguyễn
b94eaf76f95f7801214e_crop_05_word_00.png,Kiên
b94eaf76f95f7801214e_crop_05_word_01.png,Thành
b94eaf76f95f7801214e_crop_05_word_02.png,Đặng
b94eaf76f95f7801214e_crop_06_word_00.png,Đăng
b94eaf76f95f7801214e_crop_06_word_01.png,Văn
b94eaf76f95f7801214e_crop_06_word_02.png,Trần
b94eaf76f95f7801214e_crop_07_word_00.png,Hải
b94eaf76f95f7801214e_crop_07_word_01.png,Quang
b94eaf76f95f7801214e_crop_07_word_02.png,Nguyễn
b94eaf76f95f7801214e_crop_08_word_00.png,Lâm
b94eaf76f95f7801214e_crop_08_word_01.png,Văn
b94eaf76f95f7801214e_crop_08_word_02.png,Đặng
b94eaf76f95f7801214e_crop_09_word_00.png,Tuấn
b94eaf76f95f7801214e_crop_09_word_01.png,Anh
b94eaf76f95f7801214e_crop_09_word_02.png,Bùi
b94eaf76f95f7801214e_crop_10_word_00.png,Linh
b94eaf76f95f7801214e_crop_10_word_01.png,Khánh
b94eaf76f95f7801214e_crop_10_word_02.png,Thị
b94eaf76f95f7801214e_crop_10_word_03.png,Phạm
b94eaf76f95f7801214e_crop_11_word_00.png,Đào
b94eaf76f95f7801214e_crop_11_word_01.png,Anh
b94eaf76f95f7801214e_crop_11_word_02.png,Phương
b94eaf76f95f7801214e_crop_11_word_03.png,Đào
b94eaf76f95f7801214e_crop_12_word_00.png,Chiến
b94eaf76f95f7801214e_crop_12_word_01.png,Quyết
b94eaf76f95f7801214e_crop_12_word_02.png,Trần
b94eaf76f95f7801214e_crop_13_word_00.png,Nam
b94eaf76f95f7801214e_crop_13_word_01.png,Văn
b94eaf76f95f7801214e_crop_13_word_02.png,Hoàng
b94eaf76f95f7801214e_crop_14_word_00.png,Dũng
b94eaf76f95f7801214e_crop_14_word_01.png,Hùng
b94eaf76f95f7801214e_crop_14_word_02.png,Đỗ
b94eaf76f95f7801214e_crop_15_word_00.png,Liệu
b94eaf76f95f7801214e_crop_15_word_01.png,Nguyễn
baf4d9b2518dd0d3899c_crop_01_word_00.png,Hưng
baf4d9b2518dd0d3899c_crop_01_word_01.png,Duy
baf4d9b2518dd0d3899c_crop_01_word_02.png,Trần
baf4d9b2518dd0d3899c_crop_02_word_00.png,Phóng
baf4d9b2518dd0d3899c_crop_02_word_01.png,Giải
baf4d9b2518dd0d3899c_crop_03_word_00.png,Tông
baf4d9b2518dd0d3899c_crop_03_word_01.png,Thánh
baf4d9b2518dd0d3899c_crop_03_word_02.png,Trần
baf4d9b2518dd0d3899c_crop_04_word_00.png,Linh
baf4d9b2518dd0d3899c_crop_04_word_01.png,Hà
baf4d9b2518dd0d3899c_crop_04_word_02.png,Trần
baf4d9b2518dd0d3899c_crop_05_word_00.png,Uyên
baf4d9b2518dd0d3899c_crop_05_word_01.png,Tú
baf4d9b2518dd0d3899c_crop_05_word_02.png,Thị
baf4d9b2518dd0d3899c_crop_05_word_03.png,Nguyễn
baf4d9b2518dd0d3899c_crop_06_word_00.png,Duy
baf4d9b2518dd0d3899c_crop_06_word_01.png,Công
baf4d9b2518dd0d3899c_crop_06_word_02.png,Trần
baf4d9b2518dd0d3899c_crop_07_word_00.png,Hoàng
baf4d9b2518dd0d3899c_crop_07_word_01.png,Tiến
baf4d9b2518dd0d3899c_crop_07_word_02.png,Đặng
baf4d9b2518dd0d3899c_crop_08_word_00.png,Độ
baf4d9b2518dd0d3899c_crop_08_word_01.png,Thanh
baf4d9b2518dd0d3899c_crop_08_word_02.png,Phùng
baf4d9b2518dd0d3899c_crop_09_word_00.png,Thư
baf4d9b2518dd0d3899c_crop_09_word_01.png,Minh
baf4d9b2518dd0d3899c_crop_09_word_02.png,Phạm
baf4d9b2518dd0d3899c_crop_10_word_00.png,Huyền
baf4d9b2518dd0d3899c_crop_10_word_01.png,Thu
baf4d9b2518dd0d3899c_crop_10_word_02.png,Vũ
baf4d9b2518dd0d3899c_crop_11_word_00.png,Loan
baf4d9b2518dd0d3899c_crop_11_word_01.png,Thúy
baf4d9b2518dd0d3899c_crop_11_word_02.png,Phạm
baf4d9b2518dd0d3899c_crop_12_word_00.png,Lãm
baf4d9b2518dd0d3899c_crop_12_word_01.png,Phong
baf4d9b2518dd0d3899c_crop_12_word_02.png,Trần
baf4d9b2518dd0d3899c_crop_13_word_00.png,Dương
baf4d9b2518dd0d3899c_crop_13_word_01.png,Thùy
baf4d9b2518dd0d3899c_crop_13_word_02.png,Thị
baf4d9b2518dd0d3899c_crop_13_word_03.png,Trần
baf4d9b2518dd0d3899c_crop_14_word_00.png,Thảo
baf4d9b2518dd0d3899c_crop_14_word_01.png,Thanh
baf4d9b2518dd0d3899c_crop_14_word_02.png,Phạm
baf4d9b2518dd0d3899c_crop_15_word_00.png,Hiếu
baf4d9b2518dd0d3899c_crop_15_word_01.png,Đình
baf4d9b2518dd0d3899c_crop_15_word_02.png,Tô
bb4e041d5234d36a8a25_crop_01_word_00.png,Dũng
bb4e041d5234d36a8a25_crop_01_word_01.png,Vũ
bb4e041d5234d36a8a25_crop_01_word_02.png,Nguyễn
bb4e041d5234d36a8a25_crop_02_word_00.png,Yến
bb4e041d5234d36a8a25_crop_02_word_01.png,Thảo
bb4e041d5234d36a8a25_crop_02_word_02.png,Mai
bb4e041d5234d36a8a25_crop_02_word_03.png,Nguyễn
bb4e041d5234d36a8a25_crop_03_word_00.png,Thủy
bb4e041d5234d36a8a25_crop_03_word_01.png,Mai
bb4e041d5234d36a8a25_crop_03_word_02.png,Trương
bb4e041d5234d36a8a25_crop_04_word_00.png,Thành
bb4e041d5234d36a8a25_crop_04_word_01.png,Tiến
bb4e041d5234d36a8a25_crop_04_word_02.png,Nguyễn
bb4e041d5234d36a8a25_crop_05_word_00.png,Đạt
bb4e041d5234d36a8a25_crop_05_word_01.png,Tiến
bb4e041d5234d36a8a25_crop_05_word_02.png,Nguyn
bb4e041d5234d36a8a25_crop_06_word_00.png,Tuấn
bb4e041d5234d36a8a25_crop_06_word_01.png,Quốc
bb4e041d5234d36a8a25_crop_06_word_02.png,Nguyễn
bb4e041d5234d36a8a25_crop_07_word_00.png,Tuyết
bb4e041d5234d36a8a25_crop_07_word_01.png,Thị
bb4e041d5234d36a8a25_crop_07_word_02.png,Lê
bb4e041d5234d36a8a25_crop_08_word_00.png,Quang
bb4e041d5234d36a8a25_crop_08_word_01.png,Huy
bb4e041d5234d36a8a25_crop_08_word_02.png,Trần
bb4e041d5234d36a8a25_crop_09_word_00.png,Huy
bb4e041d5234d36a8a25_crop_09_word_01.png,Quang
bb4e041d5234d36a8a25_crop_09_word_02.png,Trần
bb4e041d5234d36a8a25_crop_10_word_00.png,Anh
bb4e041d5234d36a8a25_crop_10_word_01.png,Thế
bb4e041d5234d36a8a25_crop_10_word_02.png,Nguyễn
bb4e041d5234d36a8a25_crop_11_word_00.png,Minh
bb4e041d5234d36a8a25_crop_11_word_01.png,Ngọc
bb4e041d5234d36a8a25_crop_11_word_02.png,Trần
bb4e041d5234d36a8a25_crop_12_word_00.png,Quý
bb4e041d5234d36a8a25_crop_12_word_01.png,Thanh
bb4e041d5234d36a8a25_crop_12_word_02.png,Thị
bb4e041d5234d36a8a25_crop_12_word_03.png,Nguyễn
bb4e041d5234d36a8a25_crop_13_word_00.png,Quân
bb4e041d5234d36a8a25_crop_13_word_01.png,Hoàng
bb4e041d5234d36a8a25_crop_13_word_02.png,Đình
bb4e041d5234d36a8a25_crop_13_word_03.png,Nguyễn
bb4e041d5234d36a8a25_crop_14_word_00.png,Thủy
bb4e041d5234d36a8a25_crop_14_word_01.png,Thị
bb4e041d5234d36a8a25_crop_14_word_02.png,Lê
bb4e041d5234d36a8a25_crop_15_word_00.png,Hoàng
bb4e041d5234d36a8a25_crop_15_word_01.png,Văn
bb4e041d5234d36a8a25_crop_15_word_02.png,Trần
c219c751917810264969_crop_01_word_00.png,Huyền
c219c751917810264969_crop_01_word_01.png,Khánh
c219c751917810264969_crop_01_word_02.png,Ngọc
c219c751917810264969_crop_01_word_03.png,Bùi
c219c751917810264969_crop_02_word_00.png,Anh
c219c751917810264969_crop_02_word_01.png,Mỹ
c219c751917810264969_crop_02_word_02.png,Diệp
c219c751917810264969_crop_02_word_03.png,Bùi
c219c751917810264969_crop_03_word_00.png,Duy
c219c751917810264969_crop_03_word_01.png,Đức
c219c751917810264969_crop_03_word_02.png,Võ
c219c751917810264969_crop_03_word_03.png,Bùi
c219c751917810264969_crop_04_word_00.png,Ngọc
c219c751917810264969_crop_04_word_01.png,Minh
c219c751917810264969_crop_04_word_02.png,Trung
c219c751917810264969_crop_04_word_03.png,Bùi
c219c751917810264969_crop_05_word_00.png,Anh
c219c751917810264969_crop_05_word_01.png,Tuấn
c219c751917810264969_crop_05_word_02.png,Duy
c219c751917810264969_crop_05_word_03.png,Bùi
c219c751917810264969_crop_06_word_00.png,Nhật
c219c751917810264969_crop_06_word_01.png,Minh
c219c751917810264969_crop_06_word_02.png,Lê
c219c751917810264969_crop_06_word_03.png,Dương
c219c751917810264969_crop_07_word_00.png,Mỹ
c219c751917810264969_crop_07_word_01.png,Trà
c219c751917810264969_crop_07_word_02.png,Ái
c219c751917810264969_crop_07_word_03.png,Dương
c219c751917810264969_crop_08_word_00.png,Băng
c219c751917810264969_crop_08_word_01.png,Tuyết
c219c751917810264969_crop_08_word_02.png,Hà
c219c751917810264969_crop_08_word_03.png,Dương
c219c751917810264969_crop_09_word_00.png,Anh
c219c751917810264969_crop_09_word_01.png,Minh
c219c751917810264969_crop_09_word_02.png,Lê
c219c751917810264969_crop_09_word_03.png,Dương
c219c751917810264969_crop_10_word_00.png,Trọng
c219c751917810264969_crop_10_word_01.png,Phúc
c219c751917810264969_crop_10_word_02.png,Huỳnh
c219c751917810264969_crop_10_word_03.png,Dương
c219c751917810264969_crop_11_word_00.png,Khánh
c219c751917810264969_crop_11_word_01.png,Vân
c219c751917810264969_crop_11_word_02.png,Trần
c219c751917810264969_crop_11_word_03.png,Hoàng
c219c751917810264969_crop_12_word_00.png,Khánh
c219c751917810264969_crop_12_word_01.png,Ngọc
c219c751917810264969_crop_12_word_02.png,Hoàng
c219c751917810264969_crop_13_word_00.png,Nghi
c219c751917810264969_crop_13_word_01.png,Đông
c219c751917810264969_crop_13_word_02.png,Huỳnh
c219c751917810264969_crop_13_word_03.png,Hoàng
c219c751917810264969_crop_14_word_00.png,Tâm
c219c751917810264969_crop_14_word_01.png,Thanh
c219c751917810264969_crop_14_word_02.png,Đắc
c219c751917810264969_crop_14_word_03.png,Hoàng
c219c751917810264969_crop_15_word_00.png,Phước
c219c751917810264969_crop_15_word_01.png,Tín
c219c751917810264969_crop_15_word_02.png,Phong
c219c751917810264969_crop_15_word_03.png,Hoàng
c9c0e88760b8e1e6b8a9_crop_01_word_00.png,Hưng
c9c0e88760b8e1e6b8a9_crop_01_word_01.png,Duy
c9c0e88760b8e1e6b8a9_crop_01_word_02.png,Trần
c9c0e88760b8e1e6b8a9_crop_02_word_00.png,Phóng
c9c0e88760b8e1e6b8a9_crop_02_word_01.png,Giải
c9c0e88760b8e1e6b8a9_crop_03_word_00.png,Tông
c9c0e88760b8e1e6b8a9_crop_03_word_01.png,Thánh
c9c0e88760b8e1e6b8a9_crop_03_word_02.png,Trần
c9c0e88760b8e1e6b8a9_crop_04_word_00.png,Linh
c9c0e88760b8e1e6b8a9_crop_04_word_01.png,Hà
c9c0e88760b8e1e6b8a9_crop_04_word_02.png,Trần
c9c0e88760b8e1e6b8a9_crop_05_word_00.png,Uyên
c9c0e88760b8e1e6b8a9_crop_05_word_01.png,Tú
c9c0e88760b8e1e6b8a9_crop_05_word_02.png,Thị
c9c0e88760b8e1e6b8a9_crop_05_word_03.png,Nguyễn
c9c0e88760b8e1e6b8a9_crop_06_word_00.png,Duy
c9c0e88760b8e1e6b8a9_crop_06_word_01.png,Công
c9c0e88760b8e1e6b8a9_crop_06_word_02.png,Trần
c9c0e88760b8e1e6b8a9_crop_07_word_00.png,Hoàng
c9c0e88760b8e1e6b8a9_crop_07_word_01.png,Tiến
c9c0e88760b8e1e6b8a9_crop_07_word_02.png,Đặng
c9c0e88760b8e1e6b8a9_crop_08_word_00.png,Độ
c9c0e88760b8e1e6b8a9_crop_08_word_01.png,Thanh
c9c0e88760b8e1e6b8a9_crop_08_word_02.png,Phùng
c9c0e88760b8e1e6b8a9_crop_09_word_00.png,Thư
c9c0e88760b8e1e6b8a9_crop_09_word_01.png,Minh
c9c0e88760b8e1e6b8a9_crop_09_word_02.png,Phạm
c9c0e88760b8e1e6b8a9_crop_10_word_00.png,Huyền
c9c0e88760b8e1e6b8a9_crop_10_word_01.png,Thu
c9c0e88760b8e1e6b8a9_crop_10_word_02.png,Vũ
c9c0e88760b8e1e6b8a9_crop_11_word_00.png,Loan
c9c0e88760b8e1e6b8a9_crop_11_word_01.png,Thúy
c9c0e88760b8e1e6b8a9_crop_11_word_02.png,Phạm
c9c0e88760b8e1e6b8a9_crop_12_word_00.png,Lãm
c9c0e88760b8e1e6b8a9_crop_12_word_01.png,Phong
c9c0e88760b8e1e6b8a9_crop_12_word_02.png,Trần
c9c0e88760b8e1e6b8a9_crop_13_word_00.png,Dương
c9c0e88760b8e1e6b8a9_crop_13_word_01.png,Thùy
c9c0e88760b8e1e6b8a9_crop_13_word_02.png,Thị
c9c0e88760b8e1e6b8a9_crop_13_word_03.png,Trần
c9c0e88760b8e1e6b8a9_crop_14_word_00.png,Thảo
c9c0e88760b8e1e6b8a9_crop_14_word_01.png,Thanh
c9c0e88760b8e1e6b8a9_crop_14_word_02.png,Phạm
c9c0e88760b8e1e6b8a9_crop_15_word_00.png,Hiếu
c9c0e88760b8e1e6b8a9_crop_15_word_01.png,Đình
c9c0e88760b8e1e6b8a9_crop_15_word_02.png,Tô
ccde8f25ab1c2a42730d_crop_01_word_00.png,Yến
ccde8f25ab1c2a42730d_crop_01_word_01.png,Thị
ccde8f25ab1c2a42730d_crop_01_word_02.png,Chu
ccde8f25ab1c2a42730d_crop_02_word_00.png,Hằng
ccde8f25ab1c2a42730d_crop_02_word_01.png,Thanh
ccde8f25ab1c2a42730d_crop_02_word_02.png,Vũ
ccde8f25ab1c2a42730d_crop_03_word_00.png,Nghĩa
ccde8f25ab1c2a42730d_crop_03_word_01.png,Chính
ccde8f25ab1c2a42730d_crop_03_word_02.png,Anh
ccde8f25ab1c2a42730d_crop_03_word_03.png,Nguyễn
ccde8f25ab1c2a42730d_crop_04_word_00.png,Nụ
ccde8f25ab1c2a42730d_crop_04_word_01.png,Thị
ccde8f25ab1c2a42730d_crop_04_word_02.png,Nguyễn
ccde8f25ab1c2a42730d_crop_05_word_00.png,Thắng
ccde8f25ab1c2a42730d_crop_05_word_01.png,Đức
ccde8f25ab1c2a42730d_crop_05_word_02.png,Trần
ccde8f25ab1c2a42730d_crop_06_word_00.png,Linh
ccde8f25ab1c2a42730d_crop_06_word_01.png,Quang
ccde8f25ab1c2a42730d_crop_06_word_02.png,Phạm
ccde8f25ab1c2a42730d_crop_07_word_00.png,Anh
ccde8f25ab1c2a42730d_crop_07_word_01.png,Tú
ccde8f25ab1c2a42730d_crop_07_word_02.png,Lê
ccde8f25ab1c2a42730d_crop_08_word_00.png,Anh
ccde8f25ab1c2a42730d_crop_08_word_01.png,Vân
ccde8f25ab1c2a42730d_crop_08_word_02.png,Thị
ccde8f25ab1c2a42730d_crop_08_word_03.png,Phùng
ccde8f25ab1c2a42730d_crop_09_word_00.png,Chinh
ccde8f25ab1c2a42730d_crop_09_word_01.png,Việt
ccde8f25ab1c2a42730d_crop_09_word_02.png,Thị
ccde8f25ab1c2a42730d_crop_09_word_03.png,Trần
ccde8f25ab1c2a42730d_crop_10_word_00.png,Nhung
ccde8f25ab1c2a42730d_crop_10_word_01.png,Hồng
ccde8f25ab1c2a42730d_crop_10_word_02.png,Thị
ccde8f25ab1c2a42730d_crop_10_word_03.png,Nguyễn
ccde8f25ab1c2a42730d_crop_11_word_00.png,Long
ccde8f25ab1c2a42730d_crop_11_word_01.png,Hà
ccde8f25ab1c2a42730d_crop_11_word_02.png,Dương
ccde8f25ab1c2a42730d_crop_12_word_00.png,Khải
ccde8f25ab1c2a42730d_crop_12_word_01.png,Văn
ccde8f25ab1c2a42730d_crop_12_word_02.png,Nguyễn
ccde8f25ab1c2a42730d_crop_13_word_00.png,Quyên
ccde8f25ab1c2a42730d_crop_13_word_01.png,Hoàng
ccde8f25ab1c2a42730d_crop_13_word_02.png,Thị
ccde8f25ab1c2a42730d_crop_13_word_03.png,Nguyễn
ccde8f25ab1c2a42730d_crop_14_word_00.png,Liên
ccde8f25ab1c2a42730d_crop_14_word_01.png,Thị
ccde8f25ab1c2a42730d_crop_14_word_02.png,Đỗ
ccde8f25ab1c2a42730d_crop_15_word_00.png,Hiên
ccde8f25ab1c2a42730d_crop_15_word_01.png,Thị
ccde8f25ab1c2a42730d_crop_15_word_02.png,Hoàng
d3440eb42a8dabd3f29c_crop_01_word_00.png,Hiếu
d3440eb42a8dabd3f29c_crop_01_word_01.png,Minh
d3440eb42a8dabd3f29c_crop_01_word_02.png,Lê
d3440eb42a8dabd3f29c_crop_02_word_00.png,Thảo
d3440eb42a8dabd3f29c_crop_02_word_01.png,Phương
d3440eb42a8dabd3f29c_crop_02_word_02.png,Nguyễn
d3440eb42a8dabd3f29c_crop_03_word_00.png,Nga
d3440eb42a8dabd3f29c_crop_03_word_01.png,Thị
d3440eb42a8dabd3f29c_crop_03_word_02.png,Nguyễn
d3440eb42a8dabd3f29c_crop_04_word_00.png,Mai
d3440eb42a8dabd3f29c_crop_04_word_01.png,Hương
d3440eb42a8dabd3f29c_crop_04_word_02.png,Thị
d3440eb42a8dabd3f29c_crop_04_word_03.png,Phạm
d3440eb42a8dabd3f29c_crop_05_word_00.png,Thu
d3440eb42a8dabd3f29c_crop_05_word_01.png,Thị
d3440eb42a8dabd3f29c_crop_05_word_02.png,Nguyễn
d3440eb42a8dabd3f29c_crop_06_word_00.png,Huyền
d3440eb42a8dabd3f29c_crop_06_word_01.png,Thu
d3440eb42a8dabd3f29c_crop_06_word_02.png,Thị
d3440eb42a8dabd3f29c_crop_06_word_03.png,Vũ
d3440eb42a8dabd3f29c_crop_07_word_00.png,Hà
d3440eb42a8dabd3f29c_crop_07_word_01.png,Ngọc
d3440eb42a8dabd3f29c_crop_07_word_02.png,Lê
d3440eb42a8dabd3f29c_crop_08_word_00.png,Phương
d3440eb42a8dabd3f29c_crop_08_word_01.png,Hà
d3440eb42a8dabd3f29c_crop_08_word_02.png,Lê
d3440eb42a8dabd3f29c_crop_09_word_00.png,Nam
d3440eb42a8dabd3f29c_crop_09_word_01.png,Duy
d3440eb42a8dabd3f29c_crop_09_word_02.png,Phạm
d3440eb42a8dabd3f29c_crop_10_word_00.png,Quỳnh
d3440eb42a8dabd3f29c_crop_10_word_01.png,Như
d3440eb42a8dabd3f29c_crop_10_word_02.png,Vũ
d3440eb42a8dabd3f29c_crop_11_word_00.png,Đông
d3440eb42a8dabd3f29c_crop_11_word_01.png,Phương
d3440eb42a8dabd3f29c_crop_11_word_02.png,Nguyễn
d3440eb42a8dabd3f29c_crop_12_word_00.png,Hải
d3440eb42a8dabd3f29c_crop_12_word_01.png,Ngọc
d3440eb42a8dabd3f29c_crop_12_word_02.png,Lê
d3440eb42a8dabd3f29c_crop_13_word_00.png,Trang
d3440eb42a8dabd3f29c_crop_13_word_01.png,Quỳnh
d3440eb42a8dabd3f29c_crop_13_word_02.png,Thị
d3440eb42a8dabd3f29c_crop_13_word_03.png,Nguyễn
d3440eb42a8dabd3f29c_crop_14_word_00.png,Châu
d3440eb42a8dabd3f29c_crop_14_word_01.png,Minh
d3440eb42a8dabd3f29c_crop_14_word_02.png,Võ
d3440eb42a8dabd3f29c_crop_15_word_00.png,Long
d3440eb42a8dabd3f29c_crop_15_word_01.png,Hải
d3440eb42a8dabd3f29c_crop_15_word_02.png,Nguyễn
d90d09ea2dd3ac8df5c2_crop_01_word_00.png,Quốc
d90d09ea2dd3ac8df5c2_crop_01_word_01.png,Cường
d90d09ea2dd3ac8df5c2_crop_01_word_02.png,Vũ
d90d09ea2dd3ac8df5c2_crop_02_word_00.png,Phương
d90d09ea2dd3ac8df5c2_crop_02_word_01.png,Thị
d90d09ea2dd3ac8df5c2_crop_02_word_02.png,Nguyễn
d90d09ea2dd3ac8df5c2_crop_03_word_00.png,Thúc
d90d09ea2dd3ac8df5c2_crop_03_word_01.png,Văn
d90d09ea2dd3ac8df5c2_crop_03_word_02.png,Lê
d90d09ea2dd3ac8df5c2_crop_04_word_00.png,Thủy
d90d09ea2dd3ac8df5c2_crop_04_word_01.png,Thu
d90d09ea2dd3ac8df5c2_crop_04_word_02.png,Thị
d90d09ea2dd3ac8df5c2_crop_04_word_03.png,Phạm
d90d09ea2dd3ac8df5c2_crop_05_word_00.png,Thắng
d90d09ea2dd3ac8df5c2_crop_05_word_01.png,Đức
d90d09ea2dd3ac8df5c2_crop_05_word_02.png,Vũ
d90d09ea2dd3ac8df5c2_crop_06_word_00.png,Đức
d90d09ea2dd3ac8df5c2_crop_06_word_01.png,Anh
d90d09ea2dd3ac8df5c2_crop_06_word_02.png,Hà
d90d09ea2dd3ac8df5c2_crop_07_word_00.png,Thịnh
d90d09ea2dd3ac8df5c2_crop_07_word_01.png,Huy
d90d09ea2dd3ac8df5c2_crop_07_word_02.png,Khổng
d90d09ea2dd3ac8df5c2_crop_08_word_00.png,Dũng
d90d09ea2dd3ac8df5c2_crop_08_word_01.png,Đình
d90d09ea2dd3ac8df5c2_crop_08_word_02.png,Đỗ
d90d09ea2dd3ac8df5c2_crop_09_word_00.png,Phương
d90d09ea2dd3ac8df5c2_crop_09_word_01.png,Lan
d90d09ea2dd3ac8df5c2_crop_09_word_02.png,Trần
d90d09ea2dd3ac8df5c2_crop_10_word_00.png,Xuyên
d90d09ea2dd3ac8df5c2_crop_10_word_01.png,Thị
d90d09ea2dd3ac8df5c2_crop_10_word_02.png,Nguyễn
d90d09ea2dd3ac8df5c2_crop_11_word_00.png,Hoàng
d90d09ea2dd3ac8df5c2_crop_11_word_01.png,Tuấn
d90d09ea2dd3ac8df5c2_crop_11_word_02.png,Nguyễn
d90d09ea2dd3ac8df5c2_crop_12_word_00.png,Diện
d90d09ea2dd3ac8df5c2_crop_12_word_01.png,Văn
d90d09ea2dd3ac8df5c2_crop_12_word_02.png,Hà
d90d09ea2dd3ac8df5c2_crop_13_word_00.png,Ngân
d90d09ea2dd3ac8df5c2_crop_13_word_01.png,Kim
d90d09ea2dd3ac8df5c2_crop_13_word_02.png,Thị
d90d09ea2dd3ac8df5c2_crop_13_word_03.png,Nguyễn
d90d09ea2dd3ac8df5c2_crop_14_word_00.png,Nam
d90d09ea2dd3ac8df5c2_crop_14_word_01.png,Văn
d90d09ea2dd3ac8df5c2_crop_14_word_02.png,Phạm
d90d09ea2dd3ac8df5c2_crop_15_word_00.png,Quý
d90d09ea2dd3ac8df5c2_crop_15_word_01.png,Phú
d90d09ea2dd3ac8df5c2_crop_15_word_02.png,Nguyễn
d9ec05bd5394d2ca8b85_crop_01_word_00.png,Nam
d9ec05bd5394d2ca8b85_crop_01_word_01.png,Văn
d9ec05bd5394d2ca8b85_crop_01_word_02.png,Nguyễn
d9ec05bd5394d2ca8b85_crop_02_word_00.png,Nam
d9ec05bd5394d2ca8b85_crop_02_word_01.png,Phương
d9ec05bd5394d2ca8b85_crop_02_word_02.png,Phạm
d9ec05bd5394d2ca8b85_crop_03_word_00.png,Hoàng
d9ec05bd5394d2ca8b85_crop_03_word_01.png,Quốc
d9ec05bd5394d2ca8b85_crop_03_word_02.png,Dương
d9ec05bd5394d2ca8b85_crop_04_word_00.png,Tuấn
d9ec05bd5394d2ca8b85_crop_04_word_01.png,Anh
d9ec05bd5394d2ca8b85_crop_04_word_02.png,Nguyễn
d9ec05bd5394d2ca8b85_crop_05_word_00.png,Kiên
d9ec05bd5394d2ca8b85_crop_05_word_01.png,Thành
d9ec05bd5394d2ca8b85_crop_05_word_02.png,Đặng
d9ec05bd5394d2ca8b85_crop_06_word_00.png,Đăng
d9ec05bd5394d2ca8b85_crop_06_word_01.png,Văn
d9ec05bd5394d2ca8b85_crop_06_word_02.png,Trần
d9ec05bd5394d2ca8b85_crop_07_word_00.png,Hải
d9ec05bd5394d2ca8b85_crop_07_word_01.png,Quang
d9ec05bd5394d2ca8b85_crop_07_word_02.png,Nguyễn
d9ec05bd5394d2ca8b85_crop_08_word_00.png,Lâm
d9ec05bd5394d2ca8b85_crop_08_word_01.png,Văn
d9ec05bd5394d2ca8b85_crop_08_word_02.png,Đặng
d9ec05bd5394d2ca8b85_crop_09_word_00.png,Tuấn
d9ec05bd5394d2ca8b85_crop_09_word_01.png,Anh
d9ec05bd5394d2ca8b85_crop_09_word_02.png,Bùi
d9ec05bd5394d2ca8b85_crop_10_word_00.png,Linh
d9ec05bd5394d2ca8b85_crop_10_word_01.png,Khánh
d9ec05bd5394d2ca8b85_crop_10_word_02.png,Thị
d9ec05bd5394d2ca8b85_crop_10_word_03.png,Phạm
d9ec05bd5394d2ca8b85_crop_11_word_00.png,Đào
d9ec05bd5394d2ca8b85_crop_11_word_01.png,Anh
d9ec05bd5394d2ca8b85_crop_11_word_02.png,Phương
d9ec05bd5394d2ca8b85_crop_11_word_03.png,Đào
d9ec05bd5394d2ca8b85_crop_12_word_00.png,Chiến
d9ec05bd5394d2ca8b85_crop_12_word_01.png,Quyết
d9ec05bd5394d2ca8b85_crop_12_word_02.png,Trần
d9ec05bd5394d2ca8b85_crop_13_word_00.png,Nam
d9ec05bd5394d2ca8b85_crop_13_word_01.png,Văn
d9ec05bd5394d2ca8b85_crop_13_word_02.png,Hoàng
d9ec05bd5394d2ca8b85_crop_14_word_00.png,Dũng
d9ec05bd5394d2ca8b85_crop_14_word_01.png,Hùng
d9ec05bd5394d2ca8b85_crop_14_word_02.png,Đỗ
d9ec05bd5394d2ca8b85_crop_15_word_00.png,Liệu
d9ec05bd5394d2ca8b85_crop_15_word_01.png,Nguyễn
daffd9af8f860ed85797_crop_01_word_00.png,Hải
daffd9af8f860ed85797_crop_01_word_01.png,Ngọc
daffd9af8f860ed85797_crop_01_word_02.png,Quế
daffd9af8f860ed85797_crop_02_word_00.png,Mạnh
daffd9af8f860ed85797_crop_02_word_01.png,Xuân
daffd9af8f860ed85797_crop_02_word_02.png,Phạm
daffd9af8f860ed85797_crop_03_word_00.png,Đức
daffd9af8f860ed85797_crop_03_word_01.png,Văn
daffd9af8f860ed85797_crop_03_word_02.png,Phan
daffd9af8f860ed85797_crop_04_word_00.png,Sơn
daffd9af8f860ed85797_crop_04_word_01.png,Sỹ
daffd9af8f860ed85797_crop_04_word_02.png,Văn
daffd9af8f860ed85797_crop_05_word_00.png,Anh
daffd9af8f860ed85797_crop_05_word_01.png,Minh
daffd9af8f860ed85797_crop_05_word_02.png,Lê
daffd9af8f860ed85797_crop_05_word_03.png,Nguyễn
daffd9af8f860ed85797_crop_06_word_00.png,Cầm
daffd9af8f860ed85797_crop_06_word_01.png,Nguyệt
daffd9af8f860ed85797_crop_06_word_02.png,Kiều
daffd9af8f860ed85797_crop_06_word_03.png,Hoàng
daffd9af8f860ed85797_crop_07_word_00.png,Anh
daffd9af8f860ed85797_crop_07_word_01.png,Tuệ
daffd9af8f860ed85797_crop_07_word_02.png,Phương
daffd9af8f860ed85797_crop_07_word_03.png,Lê
daffd9af8f860ed85797_crop_08_word_00.png,Dung
daffd9af8f860ed85797_crop_08_word_01.png,Hạnh
daffd9af8f860ed85797_crop_08_word_02.png,Kiều
daffd9af8f860ed85797_crop_08_word_03.png,Trần
daffd9af8f860ed85797_crop_09_word_00.png,Lam
daffd9af8f860ed85797_crop_09_word_01.png,Tường
daffd9af8f860ed85797_crop_09_word_02.png,Ngọc
daffd9af8f860ed85797_crop_09_word_03.png,Phạm
daffd9af8f860ed85797_crop_10_word_00.png,Anh
daffd9af8f860ed85797_crop_10_word_01.png,Hải
daffd9af8f860ed85797_crop_10_word_02.png,Hoàng
daffd9af8f860ed85797_crop_10_word_03.png,Hữu
daffd9af8f860ed85797_crop_10_word_04.png,Nguyễn
daffd9af8f860ed85797_crop_11_word_00.png,Mai
daffd9af8f860ed85797_crop_11_word_01.png,Chi
daffd9af8f860ed85797_crop_11_word_02.png,Ngọc
daffd9af8f860ed85797_crop_11_word_03.png,Vũ
daffd9af8f860ed85797_crop_12_word_00.png,Chi
daffd9af8f860ed85797_crop_12_word_01.png,Uyển
daffd9af8f860ed85797_crop_12_word_02.png,Đỗ
daffd9af8f860ed85797_crop_13_word_00.png,Khải
daffd9af8f860ed85797_crop_13_word_01.png,Gia
daffd9af8f860ed85797_crop_13_word_02.png,Hoàng
daffd9af8f860ed85797_crop_13_word_03.png,Nguyễn
daffd9af8f860ed85797_crop_14_word_00.png,Anh
daffd9af8f860ed85797_crop_14_word_01.png,Đức
daffd9af8f860ed85797_crop_14_word_02.png,Gia
daffd9af8f860ed85797_crop_14_word_03.png,Nguyễn
daffd9af8f860ed85797_crop_15_word_00.png,Đăng
daffd9af8f860ed85797_crop_15_word_01.png,Minh
daffd9af8f860ed85797_crop_15_word_02.png,Thái
daffd9af8f860ed85797_crop_15_word_03.png,Hoàng
db3a336f695fe801b14e_crop_01_word_00.png,Tuấn
db3a336f695fe801b14e_crop_01_word_01.png,Phương
db3a336f695fe801b14e_crop_01_word_02.png,Trần
db3a336f695fe801b14e_crop_01_word_03.png,Trịnh
db3a336f695fe801b14e_crop_02_word_00.png,Cung
db3a336f695fe801b14e_crop_02_word_01.png,Sinh
db3a336f695fe801b14e_crop_02_word_02.png,Nguyễn
db3a336f695fe801b14e_crop_03_word_00.png,Thành
db3a336f695fe801b14e_crop_03_word_01.png,Tất
db3a336f695fe801b14e_crop_03_word_02.png,Nguyễn
db3a336f695fe801b14e_crop_04_word_00.png,Quốc
db3a336f695fe801b14e_crop_04_word_01.png,Ái
db3a336f695fe801b14e_crop_04_word_02.png,Nguyễn
db3a336f695fe801b14e_crop_05_word_00.png,Kiệt
db3a336f695fe801b14e_crop_05_word_01.png,Thường
db3a336f695fe801b14e_crop_05_word_02.png,Lý
db3a336f695fe801b14e_crop_06_word_00.png,Trãi
db3a336f695fe801b14e_crop_06_word_01.png,Nguyễn
db3a336f695fe801b14e_crop_07_word_00.png,Tuấn
db3a336f695fe801b14e_crop_07_word_01.png,Quốc
db3a336f695fe801b14e_crop_07_word_02.png,Trần
db3a336f695fe801b14e_crop_08_word_00.png,Giáp
db3a336f695fe801b14e_crop_08_word_01.png,Nguyên
db3a336f695fe801b14e_crop_08_word_02.png,Võ
db3a336f695fe801b14e_crop_09_word_00.png,Quang
db3a336f695fe801b14e_crop_09_word_01.png,Tam
db3a336f695fe801b14e_crop_09_word_02.png,Lương
db3a336f695fe801b14e_crop_10_word_00.png,Giang
db3a336f695fe801b14e_crop_10_word_01.png,Văn
db3a336f695fe801b14e_crop_10_word_02.png,Phan
db3a336f695fe801b14e_crop_11_word_00.png,Lâm
db3a336f695fe801b14e_crop_11_word_01.png,Tô
db3a336f695fe801b14e_crop_12_word_00.png,Mẫn
db3a336f695fe801b14e_crop_12_word_01.png,Thanh
db3a336f695fe801b14e_crop_12_word_02.png,Trần
db3a336f695fe801b14e_crop_13_word_00.png,Hưng
db3a336f695fe801b14e_crop_13_word_01.png,Minh
db3a336f695fe801b14e_crop_13_word_02.png,Lê
db3a336f695fe801b14e_crop_14_word_00.png,Tú
db3a336f695fe801b14e_crop_14_word_01.png,Cầm
db3a336f695fe801b14e_crop_14_word_02.png,Trần
db3a336f695fe801b14e_crop_15_word_00.png,Trng
db3a336f695fe801b14e_crop_15_word_01.png,Phúc
db3a336f695fe801b14e_crop_15_word_02.png,Nguyễn
ddd88644dd745c2a0565_crop_01_word_00.png,Huy
ddd88644dd745c2a0565_crop_01_word_01.png,Gia
ddd88644dd745c2a0565_crop_01_word_02.png,Minh
ddd88644dd745c2a0565_crop_01_word_03.png,Tuấn
ddd88644dd745c2a0565_crop_01_word_04.png,Nguyễn
ddd88644dd745c2a0565_crop_02_word_00.png,Anh
ddd88644dd745c2a0565_crop_02_word_01.png,Ngọc
ddd88644dd745c2a0565_crop_02_word_02.png,Khánh
ddd88644dd745c2a0565_crop_02_word_03.png,Hoàng
ddd88644dd745c2a0565_crop_02_word_04.png,Trần
ddd88644dd745c2a0565_crop_03_word_00.png,Khang
ddd88644dd745c2a0565_crop_03_word_01.png,Minh
ddd88644dd745c2a0565_crop_03_word_02.png,Anh
ddd88644dd745c2a0565_crop_03_word_03.png,Nhật
ddd88644dd745c2a0565_crop_03_word_04.png,Lê
ddd88644dd745c2a0565_crop_04_word_00.png,Như
ddd88644dd745c2a0565_crop_04_word_01.png,Quỳnh
ddd88644dd745c2a0565_crop_04_word_02.png,Bảo
ddd88644dd745c2a0565_crop_04_word_03.png,Gia
ddd88644dd745c2a0565_crop_04_word_04.png,Phạm
ddd88644dd745c2a0565_crop_05_word_00.png,Kim
ddd88644dd745c2a0565_crop_05_word_01.png,Thiên
ddd88644dd745c2a0565_crop_05_word_02.png,Châu
ddd88644dd745c2a0565_crop_05_word_03.png,Minh
ddd88644dd745c2a0565_crop_05_word_04.png,Đặng
ddd88644dd745c2a0565_crop_06_word_00.png,Kiệt
ddd88644dd745c2a0565_crop_06_word_01.png,Tuấn
ddd88644dd745c2a0565_crop_06_word_02.png,Anh
ddd88644dd745c2a0565_crop_06_word_03.png,Hoàng
ddd88644dd745c2a0565_crop_06_word_04.png,Võ
ddd88644dd745c2a0565_crop_07_word_00.png,Ngọc
ddd88644dd745c2a0565_crop_07_word_01.png,Hân
ddd88644dd745c2a0565_crop_07_word_02.png,Gia
ddd88644dd745c2a0565_crop_07_word_03.png,Thanh
ddd88644dd745c2a0565_crop_07_word_04.png,Bùi
ddd88644dd745c2a0565_crop_08_word_00.png,Huy
ddd88644dd745c2a0565_crop_08_word_01.png,Qang
ddd88644dd745c2a0565_crop_08_word_02.png,Đức
ddd88644dd745c2a0565_crop_08_word_03.png,Minh
ddd88644dd745c2a0565_crop_08_word_04.png,Đỗ
ddd88644dd745c2a0565_crop_09_word_00.png,Châu
ddd88644dd745c2a0565_crop_09_word_01.png,Bảo
ddd88644dd745c2a0565_crop_09_word_02.png,Linh
ddd88644dd745c2a0565_crop_09_word_03.png,Khánh
ddd88644dd745c2a0565_crop_09_word_04.png,Huỳnh
ddd88644dd745c2a0565_crop_10_word_00.png,Anh
ddd88644dd745c2a0565_crop_10_word_01.png,Nhật
ddd88644dd745c2a0565_crop_10_word_02.png,Minh
ddd88644dd745c2a0565_crop_10_word_03.png,Gia
ddd88644dd745c2a0565_crop_10_word_04.png,Pham
ddd88644dd745c2a0565_crop_11_word_00.png,Khanh
ddd88644dd745c2a0565_crop_11_word_01.png,Bảo
ddd88644dd745c2a0565_crop_11_word_02.png,Gia
ddd88644dd745c2a0565_crop_11_word_03.png,Hoàng
ddd88644dd745c2a0565_crop_11_word_04.png,Nguyễn
ddd88644dd745c2a0565_crop_12_word_00.png,Khoa
ddd88644dd745c2a0565_crop_12_word_01.png,Anh
ddd88644dd745c2a0565_crop_12_word_02.png,Tuấn
ddd88644dd745c2a0565_crop_12_word_03.png,Minh
ddd88644dd745c2a0565_crop_12_word_04.png,Trần
ddd88644dd745c2a0565_crop_13_word_00.png,Hân
ddd88644dd745c2a0565_crop_13_word_01.png,Bảo
ddd88644dd745c2a0565_crop_13_word_02.png,Như
ddd88644dd745c2a0565_crop_13_word_03.png,Quỳnh
ddd88644dd745c2a0565_crop_13_word_04.png,Lê
ddd88644dd745c2a0565_crop_14_word_00.png,Anh
ddd88644dd745c2a0565_crop_14_word_01.png,Đức
ddd88644dd745c2a0565_crop_14_word_02.png,Minh
ddd88644dd745c2a0565_crop_14_word_03.png,Nhật
ddd88644dd745c2a0565_crop_14_word_04.png,Phạm
ddd88644dd745c2a0565_crop_15_word_00.png,Công
ddd88644dd745c2a0565_crop_15_word_01.png,Thành
ddd88644dd745c2a0565_crop_15_word_02.png,Huy
ddd88644dd745c2a0565_crop_15_word_03.png,Gia
ddd88644dd745c2a0565_crop_15_word_04.png,Đặng
e43816fd4dcdcc9395dc_crop_01_word_00.png,Hiệp
e43816fd4dcdcc9395dc_crop_01_word_01.png,Tuấn
e43816fd4dcdcc9395dc_crop_01_word_02.png,Nguyễn
e43816fd4dcdcc9395dc_crop_02_word_00.png,Thắng
e43816fd4dcdcc9395dc_crop_02_word_01.png,Đức
e43816fd4dcdcc9395dc_crop_02_word_02.png,Trần
e43816fd4dcdcc9395dc_crop_03_word_00.png,Huyền
e43816fd4dcdcc9395dc_crop_03_word_01.png,Thu
e43816fd4dcdcc9395dc_crop_03_word_02.png,Thị
e43816fd4dcdcc9395dc_crop_03_word_03.png,Vũ
e43816fd4dcdcc9395dc_crop_04_word_00.png,Nụ
e43816fd4dcdcc9395dc_crop_04_word_01.png,Thị
e43816fd4dcdcc9395dc_crop_04_word_02.png,Nguyễn
e43816fd4dcdcc9395dc_crop_05_word_00.png,Thu
e43816fd4dcdcc9395dc_crop_05_word_01.png,Thị
e43816fd4dcdcc9395dc_crop_05_word_02.png,Nguyễn
e43816fd4dcdcc9395dc_crop_06_word_00.png,Anh
e43816fd4dcdcc9395dc_crop_06_word_01.png,Tú
e43816fd4dcdcc9395dc_crop_06_word_02.png,Lê
e43816fd4dcdcc9395dc_crop_07_word_00.png,Ánh
e43816fd4dcdcc9395dc_crop_07_word_01.png,Thị
e43816fd4dcdcc9395dc_crop_07_word_02.png,Đặng
e43816fd4dcdcc9395dc_crop_08_word_00.png,Loan
e43816fd4dcdcc9395dc_crop_08_word_01.png,Thanh
e43816fd4dcdcc9395dc_crop_08_word_02.png,Nguyễn
e43816fd4dcdcc9395dc_crop_09_word_00.png,Tang
e43816fd4dcdcc9395dc_crop_09_word_01.png,Thu
e43816fd4dcdcc9395dc_crop_09_word_02.png,Nguyễn
e43816fd4dcdcc9395dc_crop_10_word_00.png,Anh
e43816fd4dcdcc9395dc_crop_10_word_01.png,Lan
e43816fd4dcdcc9395dc_crop_10_word_02.png,Thị
e43816fd4dcdcc9395dc_crop_10_word_03.png,Trịnh
e43816fd4dcdcc9395dc_crop_11_word_00.png,Anh
e43816fd4dcdcc9395dc_crop_11_word_01.png,Vân
e43816fd4dcdcc9395dc_crop_11_word_02.png,Thị
e43816fd4dcdcc9395dc_crop_11_word_03.png,Phùng
e43816fd4dcdcc9395dc_crop_12_word_00.png,Liên
e43816fd4dcdcc9395dc_crop_12_word_01.png,Thúy
e43816fd4dcdcc9395dc_crop_12_word_02.png,Bùi
e43816fd4dcdcc9395dc_crop_13_word_00.png,Nghĩa
e43816fd4dcdcc9395dc_crop_13_word_01.png,Minh
e43816fd4dcdcc9395dc_crop_13_word_02.png,Thị
e43816fd4dcdcc9395dc_crop_13_word_03.png,Vũ
e43816fd4dcdcc9395dc_crop_14_word_00.png,Hải
e43816fd4dcdcc9395dc_crop_14_word_01.png,Đức
e43816fd4dcdcc9395dc_crop_14_word_02.png,Tôn
e43816fd4dcdcc9395dc_crop_15_word_00.png,Khải
e43816fd4dcdcc9395dc_crop_15_word_01.png,Gia
e43816fd4dcdcc9395dc_crop_15_word_02.png,Hoàng
e43816fd4dcdcc9395dc_crop_15_word_03.png,Nguyễn
e692eed666e9e7b7bef8_crop_01_word_00.png,Anh
e692eed666e9e7b7bef8_crop_01_word_01.png,Phương
e692eed666e9e7b7bef8_crop_01_word_02.png,Nguyễn
e692eed666e9e7b7bef8_crop_02_word_00.png,Trâm
e692eed666e9e7b7bef8_crop_02_word_01.png,Mai
e692eed666e9e7b7bef8_crop_02_word_02.png,Thị
e692eed666e9e7b7bef8_crop_02_word_03.png,Ph
e692eed666e9e7b7bef8_crop_02_word_04.png,Phạm
e692eed666e9e7b7bef8_crop_03_word_00.png,Phương
e692eed666e9e7b7bef8_crop_03_word_01.png,Thu
e692eed666e9e7b7bef8_crop_03_word_02.png,Vũ
e692eed666e9e7b7bef8_crop_04_word_00.png,My
e692eed666e9e7b7bef8_crop_04_word_01.png,Thảo
e692eed666e9e7b7bef8_crop_04_word_02.png,Nguyễn
e692eed666e9e7b7bef8_crop_05_word_00.png,Vân
e692eed666e9e7b7bef8_crop_05_word_01.png,Hồng
e692eed666e9e7b7bef8_crop_05_word_02.png,Thị
e692eed666e9e7b7bef8_crop_05_word_03.png,Nguyễn
e692eed666e9e7b7bef8_crop_06_word_00.png,Tân
e692eed666e9e7b7bef8_crop_06_word_01.png,Minh
e692eed666e9e7b7bef8_crop_06_word_02.png,Thi
e692eed666e9e7b7bef8_crop_06_word_03.png,Giáp
e692eed666e9e7b7bef8_crop_07_word_00.png,Thảo
e692eed666e9e7b7bef8_crop_07_word_01.png,Thạch
e692eed666e9e7b7bef8_crop_07_word_02.png,Ngọc
e692eed666e9e7b7bef8_crop_07_word_03.png,Nguyễn
e692eed666e9e7b7bef8_crop_08_word_00.png,Anh
e692eed666e9e7b7bef8_crop_08_word_01.png,Hương
e692eed666e9e7b7bef8_crop_08_word_02.png,Lý
e692eed666e9e7b7bef8_crop_09_word_00.png,Nguyệt
e692eed666e9e7b7bef8_crop_09_word_01.png,Minh
e692eed666e9e7b7bef8_crop_09_word_02.png,Thị
e692eed666e9e7b7bef8_crop_09_word_03.png,Nguyễn
e692eed666e9e7b7bef8_crop_10_word_00.png,Dũng
e692eed666e9e7b7bef8_crop_10_word_01.png,Vũ
e692eed666e9e7b7bef8_crop_10_word_02.png,Nguyễn
e692eed666e9e7b7bef8_crop_11_word_00.png,Lâm
e692eed666e9e7b7bef8_crop_11_word_01.png,Tùng
e692eed666e9e7b7bef8_crop_11_word_02.png,Nguyễn
e692eed666e9e7b7bef8_crop_12_word_00.png,Quỳnh
e692eed666e9e7b7bef8_crop_12_word_01.png,Anh
e692eed666e9e7b7bef8_crop_12_word_02.png,Thị
e692eed666e9e7b7bef8_crop_12_word_03.png,Nguyễn
e692eed666e9e7b7bef8_crop_13_word_00.png,Anh
e692eed666e9e7b7bef8_crop_13_word_01.png,Quỳnh
e692eed666e9e7b7bef8_crop_13_word_02.png,Trần
e692eed666e9e7b7bef8_crop_14_word_00.png,Trang
e692eed666e9e7b7bef8_crop_14_word_01.png,Mai
e692eed666e9e7b7bef8_crop_14_word_02.png,Đỗ
e692eed666e9e7b7bef8_crop_15_word_00.png,Vy
e692eed666e9e7b7bef8_crop_15_word_01.png,Ngọc
e692eed666e9e7b7bef8_crop_15_word_02.png,Hoàng
e692eed666e9e7b7bef8_crop_15_word_03.png,Nguyễn
e692eed666e9e7b7bef8_crop_15_word_04.png,Ng
e8c0d5cfa6ff27a17eee_crop_01_word_00.png,Dng
e8c0d5cfa6ff27a17eee_crop_01_word_01.png,Vũ
e8c0d5cfa6ff27a17eee_crop_01_word_02.png,Nguyễn
e8c0d5cfa6ff27a17eee_crop_02_word_00.png,Yến
e8c0d5cfa6ff27a17eee_crop_02_word_01.png,Thảo
e8c0d5cfa6ff27a17eee_crop_02_word_02.png,Mai
e8c0d5cfa6ff27a17eee_crop_02_word_03.png,Nguyễn
e8c0d5cfa6ff27a17eee_crop_03_word_00.png,Thủy
e8c0d5cfa6ff27a17eee_crop_03_word_01.png,Nai
e8c0d5cfa6ff27a17eee_crop_03_word_02.png,Trương
e8c0d5cfa6ff27a17eee_crop_04_word_00.png,Thành
e8c0d5cfa6ff27a17eee_crop_04_word_01.png,Tiến
e8c0d5cfa6ff27a17eee_crop_04_word_02.png,Nguyễn
e8c0d5cfa6ff27a17eee_crop_05_word_00.png,Đạt
e8c0d5cfa6ff27a17eee_crop_05_word_01.png,Tiến
e8c0d5cfa6ff27a17eee_crop_05_word_02.png,Nguyn
e8c0d5cfa6ff27a17eee_crop_06_word_00.png,Tuấn
e8c0d5cfa6ff27a17eee_crop_06_word_01.png,Quốc
e8c0d5cfa6ff27a17eee_crop_06_word_02.png,Nguyễn
e8c0d5cfa6ff27a17eee_crop_07_word_00.png,Tuyết
e8c0d5cfa6ff27a17eee_crop_07_word_01.png,Thị
e8c0d5cfa6ff27a17eee_crop_07_word_02.png,Lê
e8c0d5cfa6ff27a17eee_crop_08_word_00.png,Quang
e8c0d5cfa6ff27a17eee_crop_08_word_01.png,Huy
e8c0d5cfa6ff27a17eee_crop_08_word_02.png,Trần
e8c0d5cfa6ff27a17eee_crop_09_word_00.png,Huy
e8c0d5cfa6ff27a17eee_crop_09_word_01.png,Quang
e8c0d5cfa6ff27a17eee_crop_09_word_02.png,Trần
e8c0d5cfa6ff27a17eee_crop_10_word_00.png,Anh
e8c0d5cfa6ff27a17eee_crop_10_word_01.png,Thế
e8c0d5cfa6ff27a17eee_crop_10_word_02.png,Nguyễn
e8c0d5cfa6ff27a17eee_crop_11_word_00.png,Minh
e8c0d5cfa6ff27a17eee_crop_11_word_01.png,Ngọc
e8c0d5cfa6ff27a17eee_crop_11_word_02.png,Trần
e8c0d5cfa6ff27a17eee_crop_12_word_00.png,Quý
e8c0d5cfa6ff27a17eee_crop_12_word_01.png,Thanh
e8c0d5cfa6ff27a17eee_crop_12_word_02.png,Thị
e8c0d5cfa6ff27a17eee_crop_12_word_03.png,Nguyễn
e8c0d5cfa6ff27a17eee_crop_13_word_00.png,Quân
e8c0d5cfa6ff27a17eee_crop_13_word_01.png,Hoàng
e8c0d5cfa6ff27a17eee_crop_13_word_02.png,Đình
e8c0d5cfa6ff27a17eee_crop_13_word_03.png,Nguyễn
e8c0d5cfa6ff27a17eee_crop_14_word_00.png,Thủy
e8c0d5cfa6ff27a17eee_crop_14_word_01.png,Thị
e8c0d5cfa6ff27a17eee_crop_14_word_02.png,Lê
e8c0d5cfa6ff27a17eee_crop_15_word_00.png,Hoàng
e8c0d5cfa6ff27a17eee_crop_15_word_01.png,Văn
e8c0d5cfa6ff27a17eee_crop_15_word_02.png,Trần
eac63d686658e706be49_crop_01_word_00.png,Vân
eac63d686658e706be49_crop_01_word_01.png,Uyên
eac63d686658e706be49_crop_01_word_02.png,Nhã
eac63d686658e706be49_crop_02_word_00.png,Thư
eac63d686658e706be49_crop_02_word_01.png,Anh
eac63d686658e706be49_crop_02_word_02.png,Nhã
eac63d686658e706be49_crop_03_word_00.png,Tiên
eac63d686658e706be49_crop_03_word_01.png,Cát
eac63d686658e706be49_crop_03_word_02.png,Nhã
eac63d686658e706be49_crop_04_word_00.png,Anh
eac63d686658e706be49_crop_04_word_01.png,Mai
eac63d686658e706be49_crop_04_word_02.png,Quỳnh
eac63d686658e706be49_crop_04_word_03.png,Nhã
eac63d686658e706be49_crop_05_word_00.png,Vy
eac63d686658e706be49_crop_05_word_01.png,Tú
eac63d686658e706be49_crop_05_word_02.png,Nhã
eac63d686658e706be49_crop_06_word_00.png,Quyên
eac63d686658e706be49_crop_06_word_01.png,Bảo
eac63d686658e706be49_crop_06_word_02.png,Thục
eac63d686658e706be49_crop_07_word_00.png,My
eac63d686658e706be49_crop_07_word_01.png,Diệu
eac63d686658e706be49_crop_07_word_02.png,Thục
eac63d686658e706be49_crop_08_word_00.png,Hân
eac63d686658e706be49_crop_08_word_01.png,Thúy
eac63d686658e706be49_crop_08_word_02.png,Thục
eac63d686658e706be49_crop_09_word_00.png,Nhi
eac63d686658e706be49_crop_09_word_01.png,Quỳnh
eac63d686658e706be49_crop_09_word_02.png,Thục
eac63d686658e706be49_crop_10_word_00.png,Trang
eac63d686658e706be49_crop_10_word_01.png,Đan
eac63d686658e706be49_crop_10_word_02.png,Thục
eac63d686658e706be49_crop_11_word_00.png,Lan
eac63d686658e706be49_crop_11_word_01.png,Bảo
eac63d686658e706be49_crop_11_word_02.png,Tường
eac63d686658e706be49_crop_12_word_00.png,Anh
eac63d686658e706be49_crop_12_word_01.png,Lam
eac63d686658e706be49_crop_12_word_02.png,Tường
eac63d686658e706be49_crop_13_word_00.png,Anh
eac63d686658e706be49_crop_13_word_01.png,Trânm
eac63d686658e706be49_crop_13_word_02.png,Tường
eac63d686658e706be49_crop_14_word_00.png,Vy
eac63d686658e706be49_crop_14_word_01.png,Tường
eac63d686658e706be49_crop_15_word_00.png,Lan
eac63d686658e706be49_crop_15_word_01.png,Tường
ee0cfa5dac742d2a7465_crop_01_word_00.png,Anh
ee0cfa5dac742d2a7465_crop_01_word_01.png,Tú
ee0cfa5dac742d2a7465_crop_01_word_02.png,Nguyễn
ee0cfa5dac742d2a7465_crop_01_word_03.png,Đỗ
ee0cfa5dac742d2a7465_crop_02_word_00.png,Chi
ee0cfa5dac742d2a7465_crop_02_word_01.png,Thùy
ee0cfa5dac742d2a7465_crop_02_word_02.png,Trần
ee0cfa5dac742d2a7465_crop_02_word_03.png,Đỗ
ee0cfa5dac742d2a7465_crop_03_word_00.png,Huyền
ee0cfa5dac742d2a7465_crop_03_word_01.png,Ngọc
ee0cfa5dac742d2a7465_crop_03_word_02.png,Cao
ee0cfa5dac742d2a7465_crop_03_word_03.png,Đỗ
ee0cfa5dac742d2a7465_crop_04_word_00.png,Lan
ee0cfa5dac742d2a7465_crop_04_word_01.png,Bảo
ee0cfa5dac742d2a7465_crop_04_word_02.png,Trần
ee0cfa5dac742d2a7465_crop_04_word_03.png,Đỗ
ee0cfa5dac742d2a7465_crop_05_word_00.png,Dung
ee0cfa5dac742d2a7465_crop_05_word_01.png,Kiều
ee0cfa5dac742d2a7465_crop_05_word_02.png,Ngọc
ee0cfa5dac742d2a7465_crop_05_word_03.png,Đỗ
ee0cfa5dac742d2a7465_crop_06_word_00.png,Ân
ee0cfa5dac742d2a7465_crop_06_word_01.png,Thiên
ee0cfa5dac742d2a7465_crop_06_word_02.png,Đức
ee0cfa5dac742d2a7465_crop_06_word_03.png,Đỗ
ee0cfa5dac742d2a7465_crop_07_word_00.png,Vũ
ee0cfa5dac742d2a7465_crop_07_word_01.png,Long
ee0cfa5dac742d2a7465_crop_07_word_02.png,Ngọc
ee0cfa5dac742d2a7465_crop_07_word_03.png,Đỗ
ee0cfa5dac742d2a7465_crop_08_word_00.png,Khang
ee0cfa5dac742d2a7465_crop_08_word_01.png,Tuấn
ee0cfa5dac742d2a7465_crop_08_word_02.png,Duy
ee0cfa5dac742d2a7465_crop_08_word_03.png,Đỗ
ee0cfa5dac742d2a7465_crop_09_word_00.png,Phú
ee0cfa5dac742d2a7465_crop_09_word_01.png,Thiên
ee0cfa5dac742d2a7465_crop_09_word_02.png,Bảo
ee0cfa5dac742d2a7465_crop_09_word_03.png,Đỗ
ee0cfa5dac742d2a7465_crop_10_word_00.png,Anh
ee0cfa5dac742d2a7465_crop_10_word_01.png,Tú
ee0cfa5dac742d2a7465_crop_10_word_02.png,Giang
ee0cfa5dac742d2a7465_crop_10_word_03.png,Vũ
ee0cfa5dac742d2a7465_crop_11_word_00.png,Đan
ee0cfa5dac742d2a7465_crop_11_word_01.png,Yên
ee0cfa5dac742d2a7465_crop_11_word_02.png,Hà
ee0cfa5dac742d2a7465_crop_11_word_03.png,Vũ
ee0cfa5dac742d2a7465_crop_12_word_00.png,Khanh
ee0cfa5dac742d2a7465_crop_12_word_01.png,Uyển
ee0cfa5dac742d2a7465_crop_12_word_02.png,Hoàng
ee0cfa5dac742d2a7465_crop_12_word_03.png,Vũ
ee0cfa5dac742d2a7465_crop_13_word_00.png,Khiêm
ee0cfa5dac742d2a7465_crop_13_word_01.png,Gia
ee0cfa5dac742d2a7465_crop_13_word_02.png,Bảo
ee0cfa5dac742d2a7465_crop_13_word_03.png,Đỗ
ee0cfa5dac742d2a7465_crop_14_word_00.png,Đan
ee0cfa5dac742d2a7465_crop_14_word_01.png,Linh
ee0cfa5dac742d2a7465_crop_14_word_02.png,Hà
ee0cfa5dac742d2a7465_crop_14_word_03.png,Vũ
ee0cfa5dac742d2a7465_crop_15_word_00.png,Thái
ee0cfa5dac742d2a7465_crop_15_word_01.png,Yên
ee0cfa5dac742d2a7465_crop_15_word_02.png,Bình
ee0cfa5dac742d2a7465_crop_15_word_03.png,Vũ
ef79c92b9f021e5c4713_crop_01_word_00.png,Kiệt
ef79c92b9f021e5c4713_crop_01_word_01.png,Tuấn
ef79c92b9f021e5c4713_crop_01_word_02.png,Lý
ef79c92b9f021e5c4713_crop_01_word_03.png,Vũ
ef79c92b9f021e5c4713_crop_02_word_00.png,Lng
ef79c92b9f021e5c4713_crop_02_word_01.png,Thiện
ef79c92b9f021e5c4713_crop_02_word_02.png,Đức
ef79c92b9f021e5c4713_crop_02_word_03.png,Vũ
ef79c92b9f021e5c4713_crop_03_word_00.png,Luân
ef79c92b9f021e5c4713_crop_03_word_01.png,Gia
ef79c92b9f021e5c4713_crop_03_word_02.png,Phạm
ef79c92b9f021e5c4713_crop_03_word_03.png,Vũ
ef79c92b9f021e5c4713_crop_04_word_00.png,Khang
ef79c92b9f021e5c4713_crop_04_word_01.png,Vỹ
ef79c92b9f021e5c4713_crop_04_word_02.png,Lê
ef79c92b9f021e5c4713_crop_04_word_03.png,Vũ
ef79c92b9f021e5c4713_crop_05_word_00.png,Bảo
ef79c92b9f021e5c4713_crop_05_word_01.png,Thiên
ef79c92b9f021e5c4713_crop_05_word_02.png,Minh
ef79c92b9f021e5c4713_crop_05_word_03.png,Vũ
ef79c92b9f021e5c4713_crop_06_word_00.png,An
ef79c92b9f021e5c4713_crop_06_word_01.png,Thúy
ef79c92b9f021e5c4713_crop_06_word_02.png,Mai
ef79c92b9f021e5c4713_crop_07_word_00.png,Linh
ef79c92b9f021e5c4713_crop_07_word_01.png,Diệu
ef79c92b9f021e5c4713_crop_07_word_02.png,Mai
ef79c92b9f021e5c4713_crop_08_word_00.png,Hân
ef79c92b9f021e5c4713_crop_08_word_01.png,Gia
ef79c92b9f021e5c4713_crop_08_word_02.png,Mai
ef79c92b9f021e5c4713_crop_09_word_00.png,Hân
ef79c92b9f021e5c4713_crop_09_word_01.png,Bảo
ef79c92b9f021e5c4713_crop_09_word_02.png,Mai
ef79c92b9f021e5c4713_crop_10_word_00.png,Quốc
ef79c92b9f021e5c4713_crop_10_word_01.png,Cường
ef79c92b9f021e5c4713_crop_10_word_02.png,Mai
ef79c92b9f021e5c4713_crop_11_word_00.png,Lan
ef79c92b9f021e5c4713_crop_11_word_01.png,Hạ
ef79c92b9f021e5c4713_crop_11_word_02.png,Diệp
ef79c92b9f021e5c4713_crop_12_word_00.png,Vũ
ef79c92b9f021e5c4713_crop_12_word_01.png,Hạ
ef79c92b9f021e5c4713_crop_12_word_02.png,Diệp
ef79c92b9f021e5c4713_crop_13_word_00.png,Mai
ef79c92b9f021e5c4713_crop_13_word_01.png,Chi
ef79c92b9f021e5c4713_crop_13_word_02.png,Diệp
ef79c92b9f021e5c4713_crop_14_word_00.png,Chi
ef79c92b9f021e5c4713_crop_14_word_01.png,Thảo
ef79c92b9f021e5c4713_crop_14_word_02.png,Diệp
ef79c92b9f021e5c4713_crop_15_word_00.png,Nguyên
ef79c92b9f021e5c4713_crop_15_word_01.png,Thảo
ef79c92b9f021e5c4713_crop_15_word_02.png,Diệp
f52d6edd4ae4cbba92f5_crop_01_word_00.png,Yến
f52d6edd4ae4cbba92f5_crop_01_word_01.png,Thị
f52d6edd4ae4cbba92f5_crop_01_word_02.png,Chu
f52d6edd4ae4cbba92f5_crop_02_word_00.png,Hằng
f52d6edd4ae4cbba92f5_crop_02_word_01.png,Thanh
f52d6edd4ae4cbba92f5_crop_02_word_02.png,Vũ
f52d6edd4ae4cbba92f5_crop_03_word_00.png,Nghĩa
f52d6edd4ae4cbba92f5_crop_03_word_01.png,Chính
f52d6edd4ae4cbba92f5_crop_03_word_02.png,Anh
f52d6edd4ae4cbba92f5_crop_03_word_03.png,Nguyễn
f52d6edd4ae4cbba92f5_crop_04_word_00.png,Nụ
f52d6edd4ae4cbba92f5_crop_04_word_01.png,Thị
f52d6edd4ae4cbba92f5_crop_04_word_02.png,Nguyễn
f52d6edd4ae4cbba92f5_crop_05_word_00.png,Thắng
f52d6edd4ae4cbba92f5_crop_05_word_01.png,Đức
f52d6edd4ae4cbba92f5_crop_05_word_02.png,Trần
f52d6edd4ae4cbba92f5_crop_06_word_00.png,Linh
f52d6edd4ae4cbba92f5_crop_06_word_01.png,Quang
f52d6edd4ae4cbba92f5_crop_06_word_02.png,Phạm
f52d6edd4ae4cbba92f5_crop_07_word_00.png,Anh
f52d6edd4ae4cbba92f5_crop_07_word_01.png,Tú
f52d6edd4ae4cbba92f5_crop_07_word_02.png,Lê
f52d6edd4ae4cbba92f5_crop_08_word_00.png,Anh
f52d6edd4ae4cbba92f5_crop_08_word_01.png,Vân
f52d6edd4ae4cbba92f5_crop_08_word_02.png,Thị
f52d6edd4ae4cbba92f5_crop_08_word_03.png,Phùng
f52d6edd4ae4cbba92f5_crop_09_word_00.png,Chinh
f52d6edd4ae4cbba92f5_crop_09_word_01.png,Việt
f52d6edd4ae4cbba92f5_crop_09_word_02.png,Thị
f52d6edd4ae4cbba92f5_crop_09_word_03.png,Trần
f52d6edd4ae4cbba92f5_crop_10_word_00.png,Nhung
f52d6edd4ae4cbba92f5_crop_10_word_01.png,Hồng
f52d6edd4ae4cbba92f5_crop_10_word_02.png,Thị
f52d6edd4ae4cbba92f5_crop_10_word_03.png,Nguyễn
f52d6edd4ae4cbba92f5_crop_11_word_00.png,Long
f52d6edd4ae4cbba92f5_crop_11_word_01.png,Hà
f52d6edd4ae4cbba92f5_crop_11_word_02.png,Dương
f52d6edd4ae4cbba92f5_crop_12_word_00.png,Khải
f52d6edd4ae4cbba92f5_crop_12_word_01.png,Văn
f52d6edd4ae4cbba92f5_crop_12_word_02.png,Nguyễn
f52d6edd4ae4cbba92f5_crop_13_word_00.png,Quyên
f52d6edd4ae4cbba92f5_crop_13_word_01.png,Hoàng
f52d6edd4ae4cbba92f5_crop_13_word_02.png,Thị
f52d6edd4ae4cbba92f5_crop_13_word_03.png,Nguyễn
f52d6edd4ae4cbba92f5_crop_14_word_00.png,Liên
f52d6edd4ae4cbba92f5_crop_14_word_01.png,Thị
f52d6edd4ae4cbba92f5_crop_14_word_02.png,Đỗ
f52d6edd4ae4cbba92f5_crop_15_word_00.png,Hiên
f52d6edd4ae4cbba92f5_crop_15_word_01.png,Thị
f52d6edd4ae4cbba92f5_crop_15_word_02.png,Hoàng
f75dec0fba263b786237_crop_01_word_00.png,Dũng
f75dec0fba263b786237_crop_01_word_01.png,Vũ
f75dec0fba263b786237_crop_01_word_02.png,Nguyễn
f75dec0fba263b786237_crop_02_word_00.png,Yến
f75dec0fba263b786237_crop_02_word_01.png,Thảo
f75dec0fba263b786237_crop_02_word_02.png,Mi
f75dec0fba263b786237_crop_02_word_03.png,Nguyễn
f75dec0fba263b786237_crop_03_word_00.png,Thủy
f75dec0fba263b786237_crop_03_word_01.png,Mai
f75dec0fba263b786237_crop_03_word_02.png,Trương
f75dec0fba263b786237_crop_04_word_00.png,Thành
f75dec0fba263b786237_crop_04_word_01.png,Tiến
f75dec0fba263b786237_crop_04_word_02.png,Nguyễn
f75dec0fba263b786237_crop_05_word_00.png,Đạt
f75dec0fba263b786237_crop_05_word_01.png,Tiến
f75dec0fba263b786237_crop_05_word_02.png,Nguyn
f75dec0fba263b786237_crop_06_word_00.png,Tuấn
f75dec0fba263b786237_crop_06_word_01.png,Quốc
f75dec0fba263b786237_crop_06_word_02.png,Nguyễn
f75dec0fba263b786237_crop_07_word_00.png,Tuyết
f75dec0fba263b786237_crop_07_word_01.png,Thị
f75dec0fba263b786237_crop_07_word_02.png,Lê
f75dec0fba263b786237_crop_08_word_00.png,Quang
f75dec0fba263b786237_crop_08_word_01.png,Huy
f75dec0fba263b786237_crop_08_word_02.png,Trần
f75dec0fba263b786237_crop_09_word_00.png,Huy
f75dec0fba263b786237_crop_09_word_01.png,Quang
f75dec0fba263b786237_crop_09_word_02.png,Trần
f75dec0fba263b786237_crop_10_word_00.png,Anh
f75dec0fba263b786237_crop_10_word_01.png,Thế
f75dec0fba263b786237_crop_10_word_02.png,Nguyễn
f75dec0fba263b786237_crop_11_word_00.png,Minh
f75dec0fba263b786237_crop_11_word_01.png,Ngọc
f75dec0fba263b786237_crop_11_word_02.png,Trần
f75dec0fba263b786237_crop_12_word_00.png,Quý
f75dec0fba263b786237_crop_12_word_01.png,Thanh
f75dec0fba263b786237_crop_12_word_02.png,Thị
f75dec0fba263b786237_crop_12_word_03.png,Nguyễn
f75dec0fba263b786237_crop_13_word_00.png,Quân
f75dec0fba263b786237_crop_13_word_01.png,Hoàng
f75dec0fba263b786237_crop_13_word_02.png,Đình
f75dec0fba263b786237_crop_13_word_03.png,Nguyễn
f75dec0fba263b786237_crop_14_word_00.png,Thủy
f75dec0fba263b786237_crop_14_word_01.png,Thị
f75dec0fba263b786237_crop_14_word_02.png,Lê
f75dec0fba263b786237_crop_15_word_00.png,Hoàng
f75dec0fba263b786237_crop_15_word_01.png,Văn
f75dec0fba263b786237_crop_15_word_02.png,Trần
f794bd9bceab4ff516ba_crop_01_word_00.png,Loan
f794bd9bceab4ff516ba_crop_01_word_01.png,Thúc
f794bd9bceab4ff516ba_crop_01_word_02.png,Mai
f794bd9bceab4ff516ba_crop_02_word_00.png,Sơn
f794bd9bceab4ff516ba_crop_02_word_01.png,Nguyễn
f794bd9bceab4ff516ba_crop_02_word_02.png,Đinh
f794bd9bceab4ff516ba_crop_03_word_00.png,Linh
f794bd9bceab4ff516ba_crop_03_word_01.png,Khánh
f794bd9bceab4ff516ba_crop_03_word_02.png,Lê
f794bd9bceab4ff516ba_crop_04_word_00.png,Loan
f794bd9bceab4ff516ba_crop_04_word_01.png,Khánh
f794bd9bceab4ff516ba_crop_04_word_02.png,Thị
f794bd9bceab4ff516ba_crop_04_word_03.png,Hồ
f794bd9bceab4ff516ba_crop_05_word_00.png,Quỳnh
f794bd9bceab4ff516ba_crop_05_word_01.png,Trúc
f794bd9bceab4ff516ba_crop_05_word_02.png,Mai
f794bd9bceab4ff516ba_crop_05_word_03.png,Nguyễn
f794bd9bceab4ff516ba_crop_06_word_00.png,Hưng
f794bd9bceab4ff516ba_crop_06_word_01.png,Khánh
f794bd9bceab4ff516ba_crop_06_word_02.png,Duy
f794bd9bceab4ff516ba_crop_06_word_03.png,Nguyễn
f794bd9bceab4ff516ba_crop_07_word_00.png,Toàn
f794bd9bceab4ff516ba_crop_07_word_01.png,Cảnh
f794bd9bceab4ff516ba_crop_07_word_02.png,Minh
f794bd9bceab4ff516ba_crop_07_word_03.png,Nguyễn
f794bd9bceab4ff516ba_crop_08_word_00.png,Dao
f794bd9bceab4ff516ba_crop_08_word_01.png,Quỳnh
f794bd9bceab4ff516ba_crop_08_word_02.png,Nhã
f794bd9bceab4ff516ba_crop_08_word_03.png,Trần
f794bd9bceab4ff516ba_crop_09_word_00.png,Phát
f794bd9bceab4ff516ba_crop_09_word_01.png,Tấn
f794bd9bceab4ff516ba_crop_09_word_02.png,Nam
f794bd9bceab4ff516ba_crop_09_word_03.png,Trần
f794bd9bceab4ff516ba_crop_10_word_00.png,Di
f794bd9bceab4ff516ba_crop_10_word_01.png,Băng
f794bd9bceab4ff516ba_crop_10_word_02.png,Kiều
f794bd9bceab4ff516ba_crop_10_word_03.png,Lê
f794bd9bceab4ff516ba_crop_11_word_00.png,San
f794bd9bceab4ff516ba_crop_11_word_01.png,Thục
f794bd9bceab4ff516ba_crop_11_word_02.png,Vy
f794bd9bceab4ff516ba_crop_11_word_03.png,Lê
f794bd9bceab4ff516ba_crop_12_word_00.png,Minh
f794bd9bceab4ff516ba_crop_12_word_01.png,Khánh
f794bd9bceab4ff516ba_crop_12_word_02.png,Nhật
f794bd9bceab4ff516ba_crop_12_word_03.png,Lê
f794bd9bceab4ff516ba_crop_13_word_00.png,Phương
f794bd9bceab4ff516ba_crop_13_word_01.png,Uyên
f794bd9bceab4ff516ba_crop_13_word_02.png,Phúc
f794bd9bceab4ff516ba_crop_13_word_03.png,Phạm
f794bd9bceab4ff516ba_crop_14_word_00.png,Đăng
f794bd9bceab4ff516ba_crop_14_word_01.png,Hoàng
f794bd9bceab4ff516ba_crop_14_word_02.png,Tuệ
f794bd9bceab4ff516ba_crop_14_word_03.png,Phạm
f794bd9bceab4ff516ba_crop_15_word_00.png,Liên
f794bd9bceab4ff516ba_crop_15_word_01.png,Như
f794bd9bceab4ff516ba_crop_15_word_02.png,Ngọc
f794bd9bceab4ff516ba_crop_15_word_03.png,Đinh
f7aebae132deb380eacf_crop_01_word_00.png,Tổ
f7aebae132deb380eacf_crop_01_word_01.png,Thái
f7aebae132deb380eacf_crop_01_word_02.png,Lý
f7aebae132deb380eacf_crop_02_word_00.png,Duy
f7aebae132deb380eacf_crop_02_word_01.png,Tô
f7aebae132deb380eacf_crop_02_word_02.png,Ngũ
f7aebae132deb380eacf_crop_03_word_00.png,Khanh
f7aebae132deb380eacf_crop_03_word_01.png,Hải
f7aebae132deb380eacf_crop_03_word_02.png,Vũ
f7aebae132deb380eacf_crop_04_word_00.png,Thảo
f7aebae132deb380eacf_crop_04_word_01.png,Phương
f7aebae132deb380eacf_crop_04_word_02.png,Trần
f7aebae132deb380eacf_crop_04_word_03.png,Nguyễn
f7aebae132deb380eacf_crop_05_word_00.png,Huy
f7aebae132deb380eacf_crop_05_word_01.png,Quang
f7aebae132deb380eacf_crop_05_word_02.png,Vũ
f7aebae132deb380eacf_crop_05_word_03.png,Nguyễn
f7aebae132deb380eacf_crop_06_word_00.png,Uyên
f7aebae132deb380eacf_crop_06_word_01.png,Tố
f7aebae132deb380eacf_crop_06_word_02.png,Trần
f7aebae132deb380eacf_crop_07_word_00.png,Trinh
f7aebae132deb380eacf_crop_07_word_01.png,Chu
f7aebae132deb380eacf_crop_07_word_02.png,Phan
f7aebae132deb380eacf_crop_08_word_00.png,Minh
f7aebae132deb380eacf_crop_08_word_01.png,Quang
f7aebae132deb380eacf_crop_08_word_02.png,Vũ
f7aebae132deb380eacf_crop_09_word_00.png,Chi
f7aebae132deb380eacf_crop_09_word_01.png,Uyên
f7aebae132deb380eacf_crop_09_word_02.png,Đỗ
f7aebae132deb380eacf_crop_10_word_00.png,Bá
f7aebae132deb380eacf_crop_10_word_01.png,Xuân
f7aebae132deb380eacf_crop_10_word_02.png,Trần
f7aebae132deb380eacf_crop_11_word_00.png,Nguyên
f7aebae132deb380eacf_crop_11_word_01.png,Bá
f7aebae132deb380eacf_crop_11_word_02.png,Nguyễn
f7aebae132deb380eacf_crop_12_word_00.png,Nam
f7aebae132deb380eacf_crop_12_word_01.png,Đình
f7aebae132deb380eacf_crop_12_word_02.png,Phạm
f7aebae132deb380eacf_crop_13_word_00.png,Châu
f7aebae132deb380eacf_crop_13_word_01.png,Minh
f7aebae132deb380eacf_crop_13_word_02.png,Thị
f7aebae132deb380eacf_crop_13_word_03.png,Nguyễn
f7aebae132deb380eacf_crop_14_word_00.png,Huyền
f7aebae132deb380eacf_crop_14_word_01.png,Thanh
f7aebae132deb380eacf_crop_14_word_02.png,Thị
f7aebae132deb380eacf_crop_14_word_03.png,Lê
f7aebae132deb380eacf_crop_15_word_00.png,Anh
f7aebae132deb380eacf_crop_15_word_01.png,Ngọc
f7aebae132deb380eacf_crop_15_word_02.png,Đinh
fd6d73a62896a9c8f087_crop_01_word_00.png,Minh
fd6d73a62896a9c8f087_crop_01_word_01.png,Nguyễn
fd6d73a62896a9c8f087_crop_02_word_00.png,Khải
fd6d73a62896a9c8f087_crop_02_word_01.png,Lê
fd6d73a62896a9c8f087_crop_03_word_00.png,Giang
fd6d73a62896a9c8f087_crop_03_word_01.png,Võ
fd6d73a62896a9c8f087_crop_04_word_00.png,My
fd6d73a62896a9c8f087_crop_04_word_01.png,Trà
fd6d73a62896a9c8f087_crop_05_word_00.png,Vũ
fd6d73a62896a9c8f087_crop_05_word_01.png,Khánh
fd6d73a62896a9c8f087_crop_06_word_00.png,Ngọc
fd6d73a62896a9c8f087_crop_06_word_01.png,Quý
fd6d73a62896a9c8f087_crop_06_word_02.png,Đặng
fd6d73a62896a9c8f087_crop_06_word_03.png,Lê
fd6d73a62896a9c8f087_crop_07_word_00.png,Ngọc
fd6d73a62896a9c8f087_crop_07_word_01.png,Bảo
fd6d73a62896a9c8f087_crop_07_word_02.png,Thị
fd6d73a62896a9c8f087_crop_07_word_03.png,Đặng
fd6d73a62896a9c8f087_crop_08_word_00.png,Ngọc
fd6d73a62896a9c8f087_crop_08_word_01.png,Minh
fd6d73a62896a9c8f087_crop_08_word_02.png,Thân
fd6d73a62896a9c8f087_crop_09_word_00.png,Truyền
fd6d73a62896a9c8f087_crop_09_word_01.png,Kế
fd6d73a62896a9c8f087_crop_09_word_02.png,Nguyễn
fd6d73a62896a9c8f087_crop_10_word_00.png,Công
fd6d73a62896a9c8f087_crop_10_word_01.png,Thành
fd6d73a62896a9c8f087_crop_10_word_02.png,Lê
fd6d73a62896a9c8f087_crop_11_word_00.png,Phong
fd6d73a62896a9c8f087_crop_11_word_01.png,Hồng
fd6d73a62896a9c8f087_crop_11_word_02.png,Lê
fd6d73a62896a9c8f087_crop_12_word_00.png,Trung
fd6d73a62896a9c8f087_crop_12_word_01.png,Quang
fd6d73a62896a9c8f087_crop_13_word_00.png,Hệ
fd6d73a62896a9c8f087_crop_13_word_01.png,Nguyễn
fd6d73a62896a9c8f087_crop_14_word_00.png,Khai
fd6d73a62896a9c8f087_crop_14_word_01.png,Minh
fd6d73a62896a9c8f087_crop_14_word_02.png,Thị
fd6d73a62896a9c8f087_crop_14_word_03.png,Nguyễn
fd6d73a62896a9c8f087_crop_15_word_00.png,Châu
fd6d73a62896a9c8f087_crop_15_word_01.png,Minh
fd6d73a62896a9c8f087_crop_15_word_02.png,Tín
fd6d73a62896a9c8f087_crop_15_word_03.png,Bảo
