image_name,label
06751a1a402ac174983b_crop_01_word_01.png,Tùng
06751a1a402ac174983b_crop_01_word_02.png,Nguyễn
06751a1a402ac174983b_crop_02_word_00.png,Trang
06751a1a402ac174983b_crop_02_word_01.png,Thị
06751a1a402ac174983b_crop_02_word_02.png,Thúy
06751a1a402ac174983b_crop_02_word_03.png,Vũ
06751a1a402ac174983b_crop_03_word_00.png,Vũ
06751a1a402ac174983b_crop_03_word_01.png,Hằng
06751a1a402ac174983b_crop_03_word_02.png,Thanh
06751a1a402ac174983b_crop_03_word_03.png,Nga
06751a1a402ac174983b_crop_04_word_00.png,Thúy
06751a1a402ac174983b_crop_04_word_01.png,Nga
06751a1a402ac174983b_crop_04_word_02.png,Hoàng
06751a1a402ac174983b_crop_05_word_00.png,Văn
06751a1a402ac174983b_crop_05_word_01.png,Tâm
06751a1a402ac174983b_crop_05_word_02.png,Trần
06751a1a402ac174983b_crop_05_word_03.png,Lương
06751a1a402ac174983b_crop_06_word_00.png,Trình
06751a1a402ac174983b_crop_06_word_01.png,Đức
06751a1a402ac174983b_crop_06_word_02.png,Nông
06751a1a402ac174983b_crop_07_word_00.png,Yến
06751a1a402ac174983b_crop_07_word_01.png,Thị
06751a1a402ac174983b_crop_07_word_02.png,Nguyễn
06751a1a402ac174983b_crop_07_word_03.png,Hải
06751a1a402ac174983b_crop_08_word_00.png,Thị
06751a1a402ac174983b_crop_08_word_01.png,Thảo
06751a1a402ac174983b_crop_08_word_02.png,Huyền
06751a1a402ac174983b_crop_08_word_03.png,Phạm
06751a1a402ac174983b_crop_09_word_00.png,Trần
06751a1a402ac174983b_crop_09_word_01.png,Lan
06751a1a402ac174983b_crop_09_word_02.png,Phương
06751a1a402ac174983b_crop_10_word_00.png,Thị
06751a1a402ac174983b_crop_10_word_01.png,Nụ
06751a1a402ac174983b_crop_10_word_02.png,Nguyễn
06751a1a402ac174983b_crop_11_word_00.png,Nga
06751a1a402ac174983b_crop_11_word_01.png,Thu
06751a1a402ac174983b_crop_11_word_02.png,Thị
06751a1a402ac174983b_crop_11_word_03.png,Nguyễn
06751a1a402ac174983b_crop_12_word_00.png,Trần
06751a1a402ac174983b_crop_12_word_01.png,Duy
06751a1a402ac174983b_crop_12_word_02.png,Công
06751a1a402ac174983b_crop_13_word_00.png,Dương
06751a1a402ac174983b_crop_13_word_01.png,Tuấn
06751a1a402ac174983b_crop_13_word_02.png,Phan
06751a1a402ac174983b_crop_14_word_00.png,Phạm
06751a1a402ac174983b_crop_14_word_01.png,Nam
06751a1a402ac174983b_crop_14_word_02.png,Văn
06751a1a402ac174983b_crop_15_word_00.png,Cường
06751a1a402ac174983b_crop_15_word_01.png,Cát
06751a1a402ac174983b_crop_15_word_02.png,Vũ
06751a1a402ac174983b_crop_15_word_03.png,Quốc
0b904d5916699737ce78_crop_01_word_00.png,Hiệp
0b904d5916699737ce78_crop_01_word_01.png,Tuấn
0b904d5916699737ce78_crop_01_word_02.png,Nguyễn
0b904d5916699737ce78_crop_02_word_00.png,Thắng
0b904d5916699737ce78_crop_02_word_01.png,Đức
0b904d5916699737ce78_crop_02_word_02.png,Trần
0b904d5916699737ce78_crop_03_word_00.png,Vũ
0b904d5916699737ce78_crop_03_word_01.png,Huyền
0b904d5916699737ce78_crop_03_word_02.png,Thị
0b904d5916699737ce78_crop_03_word_03.png,Thu
0b904d5916699737ce78_crop_04_word_00.png,Nụ
0b904d5916699737ce78_crop_04_word_01.png,Nguyễn
0b904d5916699737ce78_crop_04_word_02.png,Thị
0b904d5916699737ce78_crop_05_word_00.png,Thu
0b904d5916699737ce78_crop_05_word_01.png,Thị
0b904d5916699737ce78_crop_05_word_02.png,Nguyễn
0b904d5916699737ce78_crop_06_word_00.png,Anh
0b904d5916699737ce78_crop_06_word_01.png,Tú
0b904d5916699737ce78_crop_06_word_02.png,Lê
0b904d5916699737ce78_crop_07_word_00.png,Ánh
0b904d5916699737ce78_crop_07_word_01.png,Đặng
0b904d5916699737ce78_crop_07_word_02.png,Thị
0b904d5916699737ce78_crop_08_word_00.png,Thanh
0b904d5916699737ce78_crop_08_word_01.png,Nguyễn
0b904d5916699737ce78_crop_08_word_02.png,Loan
0b904d5916699737ce78_crop_09_word_00.png,Trang
0b904d5916699737ce78_crop_09_word_01.png,Thu
0b904d5916699737ce78_crop_09_word_02.png,Nguyễn
0b904d5916699737ce78_crop_10_word_00.png,Lan
0b904d5916699737ce78_crop_10_word_01.png,Anh
0b904d5916699737ce78_crop_10_word_02.png,Trịnh
0b904d5916699737ce78_crop_10_word_03.png,Thị
0b904d5916699737ce78_crop_11_word_00.png,Vân
0b904d5916699737ce78_crop_11_word_01.png,Phùng
0b904d5916699737ce78_crop_11_word_02.png,Anh
0b904d5916699737ce78_crop_11_word_03.png,Thị
0b904d5916699737ce78_crop_12_word_00.png,Bùi
0b904d5916699737ce78_crop_12_word_01.png,Liên
0b904d5916699737ce78_crop_12_word_02.png,Thúy
0b904d5916699737ce78_crop_13_word_00.png,Minh
0b904d5916699737ce78_crop_13_word_01.png,Thị
0b904d5916699737ce78_crop_13_word_02.png,Nghĩa
0b904d5916699737ce78_crop_13_word_03.png,Vũ
0b904d5916699737ce78_crop_14_word_00.png,Tôn
0b904d5916699737ce78_crop_14_word_01.png,Hải
0b904d5916699737ce78_crop_14_word_02.png,Đức
0b904d5916699737ce78_crop_15_word_00.png,Hoàng
0b904d5916699737ce78_crop_15_word_01.png,Khải
0b904d5916699737ce78_crop_15_word_02.png,Gia
0b904d5916699737ce78_crop_15_word_03.png,Nguyễn
200aeec3b5f334ad6de2_crop_01_word_00.png,Công
200aeec3b5f334ad6de2_crop_01_word_01.png,Trần
200aeec3b5f334ad6de2_crop_01_word_02.png,Duy
200aeec3b5f334ad6de2_crop_02_word_00.png,Văn
200aeec3b5f334ad6de2_crop_02_word_01.png,Trần
200aeec3b5f334ad6de2_crop_02_word_02.png,Lương
200aeec3b5f334ad6de2_crop_03_word_00.png,Minh
200aeec3b5f334ad6de2_crop_03_word_01.png,Quang
200aeec3b5f334ad6de2_crop_03_word_02.png,Lê
200aeec3b5f334ad6de2_crop_04_word_00.png,Trí
200aeec3b5f334ad6de2_crop_04_word_01.png,Lương
200aeec3b5f334ad6de2_crop_04_word_02.png,Thuần
200aeec3b5f334ad6de2_crop_05_word_00.png,Văn
200aeec3b5f334ad6de2_crop_05_word_01.png,Minh
200aeec3b5f334ad6de2_crop_05_word_02.png,Hoàng
200aeec3b5f334ad6de2_crop_06_word_00.png,Huy
200aeec3b5f334ad6de2_crop_06_word_01.png,Hiệu
200aeec3b5f334ad6de2_crop_06_word_02.png,Nguyễn
200aeec3b5f334ad6de2_crop_07_word_00.png,Vũ
200aeec3b5f334ad6de2_crop_07_word_01.png,Quốc
200aeec3b5f334ad6de2_crop_07_word_02.png,Cường
200aeec3b5f334ad6de2_crop_08_word_00.png,Sơn
200aeec3b5f334ad6de2_crop_08_word_01.png,Đào
200aeec3b5f334ad6de2_crop_08_word_02.png,Mai
200aeec3b5f334ad6de2_crop_09_word_00.png,Nông
200aeec3b5f334ad6de2_crop_09_word_01.png,Đức
200aeec3b5f334ad6de2_crop_09_word_02.png,Trình
200aeec3b5f334ad6de2_crop_10_word_00.png,Vỹ
200aeec3b5f334ad6de2_crop_10_word_01.png,Trần
200aeec3b5f334ad6de2_crop_10_word_02.png,Triệu
200aeec3b5f334ad6de2_crop_11_word_00.png,Ngọc
200aeec3b5f334ad6de2_crop_11_word_01.png,Đào
200aeec3b5f334ad6de2_crop_11_word_02.png,Trinh
200aeec3b5f334ad6de2_crop_12_word_00.png,Văn
200aeec3b5f334ad6de2_crop_12_word_01.png,Giang
200aeec3b5f334ad6de2_crop_12_word_02.png,Ngô
200aeec3b5f334ad6de2_crop_13_word_00.png,Quý
200aeec3b5f334ad6de2_crop_13_word_01.png,Nguyễn
200aeec3b5f334ad6de2_crop_13_word_02.png,Phú
200aeec3b5f334ad6de2_crop_14_word_00.png,Anh
200aeec3b5f334ad6de2_crop_14_word_01.png,Nguyễn
200aeec3b5f334ad6de2_crop_14_word_02.png,Thế
200aeec3b5f334ad6de2_crop_15_word_00.png,Hoàng
200aeec3b5f334ad6de2_crop_15_word_01.png,Đức
200aeec3b5f334ad6de2_crop_15_word_02.png,Đặng
2066e537b31e32406b0f_crop_01_word_00.png,Mai
2066e537b31e32406b0f_crop_01_word_01.png,Loan
2066e537b31e32406b0f_crop_01_word_02.png,Thúc
2066e537b31e32406b0f_crop_02_word_00.png,Sơn
2066e537b31e32406b0f_crop_02_word_01.png,Đinh
2066e537b31e32406b0f_crop_02_word_02.png,Nguyễn
2066e537b31e32406b0f_crop_03_word_00.png,Linh
2066e537b31e32406b0f_crop_03_word_01.png,Lê
2066e537b31e32406b0f_crop_03_word_02.png,Khánh
2066e537b31e32406b0f_crop_04_word_00.png,Loan
2066e537b31e32406b0f_crop_04_word_01.png,Khánh
2066e537b31e32406b0f_crop_04_word_02.png,Thị
2066e537b31e32406b0f_crop_04_word_03.png,Hồ
2066e537b31e32406b0f_crop_05_word_00.png,Trúc
2066e537b31e32406b0f_crop_05_word_01.png,Quỳnh
2066e537b31e32406b0f_crop_05_word_02.png,Nguyễn
2066e537b31e32406b0f_crop_05_word_03.png,Mai
2066e537b31e32406b0f_crop_06_word_00.png,Hưng
2066e537b31e32406b0f_crop_06_word_01.png,Khánh
2066e537b31e32406b0f_crop_06_word_02.png,Duy
2066e537b31e32406b0f_crop_06_word_03.png,Nguyễn
2066e537b31e32406b0f_crop_07_word_00.png,Minh
2066e537b31e32406b0f_crop_07_word_01.png,Cảnh
2066e537b31e32406b0f_crop_07_word_02.png,Toàn
2066e537b31e32406b0f_crop_07_word_03.png,Nguyễn
2066e537b31e32406b0f_crop_08_word_00.png,Dao
2066e537b31e32406b0f_crop_08_word_01.png,Nhã
2066e537b31e32406b0f_crop_08_word_02.png,Trần
2066e537b31e32406b0f_crop_08_word_03.png,Quỳnh
2066e537b31e32406b0f_crop_09_word_00.png,Phát
2066e537b31e32406b0f_crop_09_word_01.png,Nam
2066e537b31e32406b0f_crop_09_word_02.png,Trần
2066e537b31e32406b0f_crop_09_word_03.png,Tấn
2066e537b31e32406b0f_crop_10_word_00.png,Kiều
2066e537b31e32406b0f_crop_10_word_01.png,Lê
2066e537b31e32406b0f_crop_10_word_02.png,Di
2066e537b31e32406b0f_crop_10_word_03.png,Băng
2066e537b31e32406b0f_crop_11_word_00.png,San
2066e537b31e32406b0f_crop_11_word_01.png,Thục
2066e537b31e32406b0f_crop_11_word_02.png,Vy
2066e537b31e32406b0f_crop_11_word_03.png,Lê
2066e537b31e32406b0f_crop_12_word_00.png,Minh
2066e537b31e32406b0f_crop_12_word_01.png,Khánh
2066e537b31e32406b0f_crop_12_word_02.png,Nhật
2066e537b31e32406b0f_crop_12_word_03.png,Lê
2066e537b31e32406b0f_crop_13_word_00.png,Phúc
2066e537b31e32406b0f_crop_13_word_01.png,Uyên
2066e537b31e32406b0f_crop_13_word_02.png,Phạm
2066e537b31e32406b0f_crop_13_word_03.png,Phương
2066e537b31e32406b0f_crop_14_word_00.png,Đăng
2066e537b31e32406b0f_crop_14_word_01.png,Tuệ
2066e537b31e32406b0f_crop_14_word_02.png,Phạm
2066e537b31e32406b0f_crop_14_word_03.png,Hoàng
2066e537b31e32406b0f_crop_15_word_00.png,Liên
2066e537b31e32406b0f_crop_15_word_01.png,Như
2066e537b31e32406b0f_crop_15_word_02.png,Đinh
2066e537b31e32406b0f_crop_15_word_03.png,Ngọc
2d5b8590dea05ffe06b1_crop_01_word_00.png,Minh
2d5b8590dea05ffe06b1_crop_01_word_01.png,Nguyễn
2d5b8590dea05ffe06b1_crop_02_word_00.png,Khải
2d5b8590dea05ffe06b1_crop_02_word_01.png,Lê
2d5b8590dea05ffe06b1_crop_03_word_00.png,Võ
2d5b8590dea05ffe06b1_crop_03_word_01.png,Giang
2d5b8590dea05ffe06b1_crop_04_word_00.png,My
2d5b8590dea05ffe06b1_crop_04_word_01.png,Trà
2d5b8590dea05ffe06b1_crop_05_word_00.png,Vi
2d5b8590dea05ffe06b1_crop_05_word_01.png,Khánh
2d5b8590dea05ffe06b1_crop_06_word_00.png,Ngọc
2d5b8590dea05ffe06b1_crop_06_word_01.png,Lê
2d5b8590dea05ffe06b1_crop_06_word_02.png,Đặng
2d5b8590dea05ffe06b1_crop_06_word_03.png,Quý
2d5b8590dea05ffe06b1_crop_07_word_00.png,Thị
2d5b8590dea05ffe06b1_crop_07_word_01.png,Đặng
2d5b8590dea05ffe06b1_crop_07_word_02.png,Ngọc
2d5b8590dea05ffe06b1_crop_07_word_03.png,Bảo
2d5b8590dea05ffe06b1_crop_08_word_00.png,Minh
2d5b8590dea05ffe06b1_crop_08_word_01.png,Ngọc
2d5b8590dea05ffe06b1_crop_08_word_02.png,Thân
2d5b8590dea05ffe06b1_crop_09_word_00.png,Truyền
2d5b8590dea05ffe06b1_crop_09_word_01.png,Kế
2d5b8590dea05ffe06b1_crop_09_word_02.png,Nguyễn
2d5b8590dea05ffe06b1_crop_10_word_00.png,Công
2d5b8590dea05ffe06b1_crop_10_word_01.png,Lê
2d5b8590dea05ffe06b1_crop_10_word_02.png,Thành
2d5b8590dea05ffe06b1_crop_11_word_00.png,Phong
2d5b8590dea05ffe06b1_crop_11_word_01.png,Hồng
2d5b8590dea05ffe06b1_crop_11_word_02.png,Lê
2d5b8590dea05ffe06b1_crop_12_word_00.png,Trung
2d5b8590dea05ffe06b1_crop_12_word_01.png,Quang
2d5b8590dea05ffe06b1_crop_13_word_00.png,Nguyễn
2d5b8590dea05ffe06b1_crop_13_word_01.png,Huệ
2d5b8590dea05ffe06b1_crop_14_word_00.png,Minh
2d5b8590dea05ffe06b1_crop_14_word_01.png,Khai
2d5b8590dea05ffe06b1_crop_14_word_02.png,Thị
2d5b8590dea05ffe06b1_crop_14_word_03.png,Nguyễn
2d5b8590dea05ffe06b1_crop_15_word_00.png,Châu
2d5b8590dea05ffe06b1_crop_15_word_01.png,Minh
2d5b8590dea05ffe06b1_crop_15_word_02.png,Bảo
2d5b8590dea05ffe06b1_crop_15_word_03.png,Tín
2e0b523104188546dc09_crop_01_word_00.png,Tuấn
2e0b523104188546dc09_crop_01_word_01.png,Trần
2e0b523104188546dc09_crop_01_word_02.png,Trịnh
2e0b523104188546dc09_crop_01_word_03.png,Phương
2e0b523104188546dc09_crop_02_word_00.png,Sinh
2e0b523104188546dc09_crop_02_word_01.png,Cung
2e0b523104188546dc09_crop_02_word_02.png,Nguyễn
2e0b523104188546dc09_crop_03_word_00.png,Thành
2e0b523104188546dc09_crop_03_word_01.png,Tất
2e0b523104188546dc09_crop_03_word_02.png,Nguyễn
2e0b523104188546dc09_crop_04_word_00.png,Quốc
2e0b523104188546dc09_crop_04_word_01.png,Nguyễn
2e0b523104188546dc09_crop_04_word_02.png,Ái
2e0b523104188546dc09_crop_05_word_00.png,Thường
2e0b523104188546dc09_crop_05_word_01.png,Kiệt
2e0b523104188546dc09_crop_05_word_02.png,Lý
2e0b523104188546dc09_crop_06_word_00.png,Trãi
2e0b523104188546dc09_crop_06_word_01.png,Nguyễn
2e0b523104188546dc09_crop_07_word_00.png,Quốc
2e0b523104188546dc09_crop_07_word_01.png,Trần
2e0b523104188546dc09_crop_07_word_02.png,Tuấn
2e0b523104188546dc09_crop_08_word_00.png,Võ
2e0b523104188546dc09_crop_08_word_01.png,Giáp
2e0b523104188546dc09_crop_08_word_02.png,Nguyên
2e0b523104188546dc09_crop_09_word_00.png,Tam
2e0b523104188546dc09_crop_09_word_01.png,Lương
2e0b523104188546dc09_crop_09_word_02.png,Quang
2e0b523104188546dc09_crop_10_word_00.png,Giang
2e0b523104188546dc09_crop_10_word_01.png,Văn
2e0b523104188546dc09_crop_10_word_02.png,Phan
2e0b523104188546dc09_crop_11_word_00.png,Tô
2e0b523104188546dc09_crop_11_word_01.png,Lâm
2e0b523104188546dc09_crop_12_word_00.png,Trần
2e0b523104188546dc09_crop_12_word_01.png,Mẫu
2e0b523104188546dc09_crop_12_word_02.png,Thanh
2e0b523104188546dc09_crop_13_word_00.png,Minh
2e0b523104188546dc09_crop_13_word_01.png,Lê
2e0b523104188546dc09_crop_13_word_02.png,Hưng
2e0b523104188546dc09_crop_14_word_00.png,Trần
2e0b523104188546dc09_crop_14_word_01.png,Cẩm
2e0b523104188546dc09_crop_14_word_02.png,Tú
2e0b523104188546dc09_crop_15_word_00.png,Trọng
2e0b523104188546dc09_crop_15_word_01.png,Phú
2e0b523104188546dc09_crop_15_word_02.png,Nguyễn
33f097a1c18840d61999_crop_01_word_00.png,Ngọc
33f097a1c18840d61999_crop_01_word_01.png,Hải
33f097a1c18840d61999_crop_01_word_02.png,Quế
33f097a1c18840d61999_crop_02_word_00.png,Xuân
33f097a1c18840d61999_crop_02_word_01.png,Mạnh
33f097a1c18840d61999_crop_02_word_02.png,Phạm
33f097a1c18840d61999_crop_03_word_00.png,Văn
33f097a1c18840d61999_crop_03_word_01.png,Đức
33f097a1c18840d61999_crop_03_word_02.png,Phan
33f097a1c18840d61999_crop_04_word_00.png,Văn
33f097a1c18840d61999_crop_04_word_01.png,Sơn
33f097a1c18840d61999_crop_04_word_02.png,Sỹ
33f097a1c18840d61999_crop_05_word_00.png,Minh
33f097a1c18840d61999_crop_05_word_01.png,Nguyễn
33f097a1c18840d61999_crop_05_word_02.png,Anh
33f097a1c18840d61999_crop_05_word_03.png,Lê
33f097a1c18840d61999_crop_06_word_00.png,Kiều
33f097a1c18840d61999_crop_06_word_01.png,Cầm
33f097a1c18840d61999_crop_06_word_02.png,Nguyệt
33f097a1c18840d61999_crop_06_word_03.png,Hoàng
33f097a1c18840d61999_crop_07_word_00.png,Tuệ
33f097a1c18840d61999_crop_07_word_01.png,Anh
33f097a1c18840d61999_crop_07_word_02.png,Phương
33f097a1c18840d61999_crop_07_word_03.png,Lê
33f097a1c18840d61999_crop_08_word_00.png,Trần
33f097a1c18840d61999_crop_08_word_01.png,Kiều
33f097a1c18840d61999_crop_08_word_02.png,Hạnh
33f097a1c18840d61999_crop_08_word_03.png,Dung
33f097a1c18840d61999_crop_09_word_00.png,Lam
33f097a1c18840d61999_crop_09_word_01.png,Ngọc
33f097a1c18840d61999_crop_09_word_02.png,Tường
33f097a1c18840d61999_crop_09_word_03.png,Phạm
33f097a1c18840d61999_crop_10_word_00.png,Anh
33f097a1c18840d61999_crop_10_word_01.png,Hoàng
33f097a1c18840d61999_crop_10_word_02.png,Hữu
33f097a1c18840d61999_crop_10_word_03.png,Nguyễn
33f097a1c18840d61999_crop_10_word_04.png,Hải
33f097a1c18840d61999_crop_11_word_00.png,Chi
33f097a1c18840d61999_crop_11_word_01.png,Ngọc
33f097a1c18840d61999_crop_11_word_02.png,Mai
33f097a1c18840d61999_crop_11_word_03.png,Vũ
33f097a1c18840d61999_crop_12_word_00.png,Chi
33f097a1c18840d61999_crop_12_word_01.png,Uyển
33f097a1c18840d61999_crop_12_word_02.png,Đỗ
33f097a1c18840d61999_crop_13_word_00.png,Gia
33f097a1c18840d61999_crop_13_word_01.png,Nguyễn
33f097a1c18840d61999_crop_13_word_02.png,Khải
33f097a1c18840d61999_crop_13_word_03.png,Hoàng
33f097a1c18840d61999_crop_14_word_00.png,Anh
33f097a1c18840d61999_crop_14_word_01.png,Đức
33f097a1c18840d61999_crop_14_word_02.png,Gia
33f097a1c18840d61999_crop_14_word_03.png,Nguyễn
33f097a1c18840d61999_crop_15_word_00.png,Minh
33f097a1c18840d61999_crop_15_word_01.png,Đăng
33f097a1c18840d61999_crop_15_word_02.png,Thái
33f097a1c18840d61999_crop_15_word_03.png,Hoàng
380adc5b8a720b2c5263_crop_01_word_00.png,Lâm
380adc5b8a720b2c5263_crop_01_word_01.png,Tùng
380adc5b8a720b2c5263_crop_01_word_02.png,Nguyễn
380adc5b8a720b2c5263_crop_02_word_00.png,Trang
380adc5b8a720b2c5263_crop_02_word_01.png,Thị
380adc5b8a720b2c5263_crop_02_word_02.png,Vũ
380adc5b8a720b2c5263_crop_02_word_03.png,Thúy
380adc5b8a720b2c5263_crop_03_word_00.png,Hằng
380adc5b8a720b2c5263_crop_03_word_01.png,Vũ
380adc5b8a720b2c5263_crop_03_word_02.png,Nga
380adc5b8a720b2c5263_crop_03_word_03.png,Thanh
380adc5b8a720b2c5263_crop_04_word_00.png,Thúy
380adc5b8a720b2c5263_crop_04_word_01.png,Nga
380adc5b8a720b2c5263_crop_04_word_02.png,Hoàng
380adc5b8a720b2c5263_crop_05_word_00.png,Tâm
380adc5b8a720b2c5263_crop_05_word_01.png,Văn
380adc5b8a720b2c5263_crop_05_word_02.png,Trần
380adc5b8a720b2c5263_crop_05_word_03.png,Lương
380adc5b8a720b2c5263_crop_06_word_00.png,Trình
380adc5b8a720b2c5263_crop_06_word_01.png,Đức
380adc5b8a720b2c5263_crop_06_word_02.png,Nông
380adc5b8a720b2c5263_crop_07_word_00.png,Yến
380adc5b8a720b2c5263_crop_07_word_01.png,Nguyễn
380adc5b8a720b2c5263_crop_07_word_02.png,Hải
380adc5b8a720b2c5263_crop_07_word_03.png,Thị
380adc5b8a720b2c5263_crop_08_word_00.png,Thị
380adc5b8a720b2c5263_crop_08_word_01.png,Thảo
380adc5b8a720b2c5263_crop_08_word_02.png,Huyền
380adc5b8a720b2c5263_crop_08_word_03.png,Phạm
380adc5b8a720b2c5263_crop_09_word_00.png,Lan
380adc5b8a720b2c5263_crop_09_word_01.png,Trần
380adc5b8a720b2c5263_crop_09_word_02.png,Phương
380adc5b8a720b2c5263_crop_10_word_00.png,Thị
380adc5b8a720b2c5263_crop_10_word_01.png,Nụ
380adc5b8a720b2c5263_crop_10_word_02.png,Nguyễn
380adc5b8a720b2c5263_crop_11_word_00.png,Nga
380adc5b8a720b2c5263_crop_11_word_01.png,Thị
380adc5b8a720b2c5263_crop_11_word_02.png,Thu
380adc5b8a720b2c5263_crop_11_word_03.png,Nguyễn
380adc5b8a720b2c5263_crop_12_word_00.png,Trần
380adc5b8a720b2c5263_crop_12_word_01.png,Duy
380adc5b8a720b2c5263_crop_12_word_02.png,Công
380adc5b8a720b2c5263_crop_13_word_00.png,Dương
380adc5b8a720b2c5263_crop_13_word_01.png,Tuấn
380adc5b8a720b2c5263_crop_13_word_02.png,Phan
380adc5b8a720b2c5263_crop_14_word_00.png,Nam
380adc5b8a720b2c5263_crop_14_word_01.png,Phạm
380adc5b8a720b2c5263_crop_14_word_02.png,Văn
380adc5b8a720b2c5263_crop_15_word_00.png,Cường
380adc5b8a720b2c5263_crop_15_word_01.png,Cát
380adc5b8a720b2c5263_crop_15_word_02.png,Vũ
380adc5b8a720b2c5263_crop_15_word_03.png,Quốc
38480d215711d64f8f00_crop_01_word_00.png,Phương
38480d215711d64f8f00_crop_01_word_01.png,Ly
38480d215711d64f8f00_crop_01_word_02.png,Hà
38480d215711d64f8f00_crop_02_word_00.png,Ngọc
38480d215711d64f8f00_crop_02_word_01.png,Minh
38480d215711d64f8f00_crop_02_word_02.png,Phương
38480d215711d64f8f00_crop_03_word_00.png,Bảo
38480d215711d64f8f00_crop_03_word_01.png,Phương
38480d215711d64f8f00_crop_03_word_02.png,Thanh
38480d215711d64f8f00_crop_04_word_00.png,Ngọc
38480d215711d64f8f00_crop_04_word_01.png,Phương
38480d215711d64f8f00_crop_04_word_02.png,Tâm
38480d215711d64f8f00_crop_05_word_00.png,Đào
38480d215711d64f8f00_crop_05_word_01.png,Trúc
38480d215711d64f8f00_crop_05_word_02.png,Phương
38480d215711d64f8f00_crop_06_word_00.png,Đan
38480d215711d64f8f00_crop_06_word_01.png,Cát
38480d215711d64f8f00_crop_06_word_02.png,Yên
38480d215711d64f8f00_crop_07_word_00.png,Cát
38480d215711d64f8f00_crop_07_word_01.png,Hải
38480d215711d64f8f00_crop_07_word_02.png,Đường
38480d215711d64f8f00_crop_08_word_00.png,Yên
38480d215711d64f8f00_crop_08_word_01.png,Cát
38480d215711d64f8f00_crop_08_word_02.png,Tường
38480d215711d64f8f00_crop_09_word_00.png,Cát
38480d215711d64f8f00_crop_09_word_01.png,Nhã
38480d215711d64f8f00_crop_09_word_02.png,Phương
38480d215711d64f8f00_crop_10_word_00.png,Cát
38480d215711d64f8f00_crop_10_word_01.png,Anh
38480d215711d64f8f00_crop_10_word_02.png,Diệu
38480d215711d64f8f00_crop_11_word_00.png,Dung
38480d215711d64f8f00_crop_11_word_01.png,Kim
38480d215711d64f8f00_crop_11_word_02.png,Thanh
38480d215711d64f8f00_crop_12_word_00.png,Kim
38480d215711d64f8f00_crop_12_word_01.png,Ngọc
38480d215711d64f8f00_crop_12_word_02.png,Lan
38480d215711d64f8f00_crop_13_word_00.png,Ngọc
38480d215711d64f8f00_crop_13_word_01.png,Kim
38480d215711d64f8f00_crop_13_word_02.png,Trinh
38480d215711d64f8f00_crop_14_word_00.png,Vân
38480d215711d64f8f00_crop_14_word_01.png,Kim
38480d215711d64f8f00_crop_14_word_02.png,Thanh
38480d215711d64f8f00_crop_15_word_00.png,Diệu
38480d215711d64f8f00_crop_15_word_01.png,Kim
38480d215711d64f8f00_crop_15_word_02.png,Hiền
3864bcabe79b66c53f8a_crop_01_word_00.png,Kiều
3864bcabe79b66c53f8a_crop_01_word_01.png,Minh
3864bcabe79b66c53f8a_crop_01_word_02.png,Châu
3864bcabe79b66c53f8a_crop_02_word_00.png,Kiều
3864bcabe79b66c53f8a_crop_02_word_01.png,Minh
3864bcabe79b66c53f8a_crop_02_word_02.png,Tú
3864bcabe79b66c53f8a_crop_03_word_00.png,Ngọc
3864bcabe79b66c53f8a_crop_03_word_01.png,Kiều
3864bcabe79b66c53f8a_crop_03_word_02.png,Hà
3864bcabe79b66c53f8a_crop_04_word_00.png,Ngọc
3864bcabe79b66c53f8a_crop_04_word_01.png,Dung
3864bcabe79b66c53f8a_crop_04_word_02.png,Kiều
3864bcabe79b66c53f8a_crop_05_word_00.png,Kiều
3864bcabe79b66c53f8a_crop_05_word_01.png,Thư
3864bcabe79b66c53f8a_crop_05_word_02.png,Minh
3864bcabe79b66c53f8a_crop_06_word_00.png,Bảo
3864bcabe79b66c53f8a_crop_06_word_01.png,Minh
3864bcabe79b66c53f8a_crop_06_word_02.png,Hoàng
3864bcabe79b66c53f8a_crop_06_word_03.png,Gia
3864bcabe79b66c53f8a_crop_06_word_04.png,Nguyễn
3864bcabe79b66c53f8a_crop_07_word_00.png,Gia
3864bcabe79b66c53f8a_crop_07_word_01.png,Ngọc
3864bcabe79b66c53f8a_crop_07_word_02.png,Bảo
3864bcabe79b66c53f8a_crop_07_word_03.png,Hân
3864bcabe79b66c53f8a_crop_07_word_04.png,Lê
3864bcabe79b66c53f8a_crop_08_word_00.png,Nhật
3864bcabe79b66c53f8a_crop_08_word_01.png,Phạm
3864bcabe79b66c53f8a_crop_08_word_02.png,Minh
3864bcabe79b66c53f8a_crop_08_word_03.png,Huy
3864bcabe79b66c53f8a_crop_08_word_04.png,Quang
3864bcabe79b66c53f8a_crop_09_word_00.png,Anh
3864bcabe79b66c53f8a_crop_09_word_01.png,Minh
3864bcabe79b66c53f8a_crop_09_word_02.png,Đỗ
3864bcabe79b66c53f8a_crop_09_word_03.png,Châu
3864bcabe79b66c53f8a_crop_09_word_04.png,Quỳnh
3864bcabe79b66c53f8a_crop_10_word_00.png,Gia
3864bcabe79b66c53f8a_crop_10_word_01.png,Phúc
3864bcabe79b66c53f8a_crop_10_word_02.png,Bảo
3864bcabe79b66c53f8a_crop_10_word_03.png,Thiên
3864bcabe79b66c53f8a_crop_10_word_04.png,Huỳnh
3864bcabe79b66c53f8a_crop_11_word_00.png,Minh
3864bcabe79b66c53f8a_crop_11_word_01.png,Đức
3864bcabe79b66c53f8a_crop_11_word_02.png,Phan
3864bcabe79b66c53f8a_crop_11_word_03.png,Nhật
3864bcabe79b66c53f8a_crop_11_word_04.png,Quang
3864bcabe79b66c53f8a_crop_12_word_00.png,Minh
3864bcabe79b66c53f8a_crop_12_word_01.png,Gia
3864bcabe79b66c53f8a_crop_12_word_02.png,Hoàng
3864bcabe79b66c53f8a_crop_12_word_03.png,Võ
3864bcabe79b66c53f8a_crop_12_word_04.png,Khang
3864bcabe79b66c53f8a_crop_13_word_00.png,Kiệt
3864bcabe79b66c53f8a_crop_13_word_01.png,Anh
3864bcabe79b66c53f8a_crop_13_word_02.png,Tuấn
3864bcabe79b66c53f8a_crop_13_word_03.png,Minh
3864bcabe79b66c53f8a_crop_13_word_04.png,Đặng
3864bcabe79b66c53f8a_crop_14_word_00.png,Trần
3864bcabe79b66c53f8a_crop_14_word_01.png,Anh
3864bcabe79b66c53f8a_crop_14_word_02.png,Ngọc
3864bcabe79b66c53f8a_crop_14_word_03.png,Linh
3864bcabe79b66c53f8a_crop_14_word_04.png,Khánh
3864bcabe79b66c53f8a_crop_15_word_00.png,My
3864bcabe79b66c53f8a_crop_15_word_01.png,Diễm
3864bcabe79b66c53f8a_crop_15_word_02.png,Bùi
3864bcabe79b66c53f8a_crop_15_word_03.png,Ngọc
3864bcabe79b66c53f8a_crop_15_word_04.png,Thanh
3c409b37c10740591916_crop_01_word_00.png,Văn
3c409b37c10740591916_crop_01_word_01.png,Nam
3c409b37c10740591916_crop_01_word_02.png,Nguyễn
3c409b37c10740591916_crop_02_word_00.png,Phương
3c409b37c10740591916_crop_02_word_01.png,Phạm
3c409b37c10740591916_crop_02_word_02.png,Nam
3c409b37c10740591916_crop_03_word_00.png,Quốc
3c409b37c10740591916_crop_03_word_01.png,Dương
3c409b37c10740591916_crop_03_word_02.png,Hoàng
3c409b37c10740591916_crop_04_word_00.png,Tuấn
3c409b37c10740591916_crop_04_word_01.png,Anh
3c409b37c10740591916_crop_04_word_02.png,Nguyễn
3c409b37c10740591916_crop_05_word_00.png,Đặng
3c409b37c10740591916_crop_05_word_01.png,Kiên
3c409b37c10740591916_crop_05_word_02.png,Thành
3c409b37c10740591916_crop_06_word_00.png,Đăng
3c409b37c10740591916_crop_06_word_01.png,Trần
3c409b37c10740591916_crop_06_word_02.png,Văn
3c409b37c10740591916_crop_07_word_00.png,Hải
3c409b37c10740591916_crop_07_word_01.png,Quang
3c409b37c10740591916_crop_07_word_02.png,Nguyễn
3c409b37c10740591916_crop_08_word_00.png,Lâm
3c409b37c10740591916_crop_08_word_01.png,Đặng
3c409b37c10740591916_crop_08_word_02.png,Văn
3c409b37c10740591916_crop_09_word_00.png,Bùi
3c409b37c10740591916_crop_09_word_01.png,Tuấn
3c409b37c10740591916_crop_09_word_02.png,Anh
3c409b37c10740591916_crop_10_word_00.png,Thị
3c409b37c10740591916_crop_10_word_01.png,Linh
3c409b37c10740591916_crop_10_word_02.png,Phạm
3c409b37c10740591916_crop_10_word_03.png,Khánh
3c409b37c10740591916_crop_11_word_00.png,Đào
3c409b37c10740591916_crop_11_word_01.png,Đào
3c409b37c10740591916_crop_11_word_02.png,Anh
3c409b37c10740591916_crop_11_word_03.png,Phương
3c409b37c10740591916_crop_12_word_00.png,Quyết
3c409b37c10740591916_crop_12_word_01.png,Trần
3c409b37c10740591916_crop_12_word_02.png,Chiến
3c409b37c10740591916_crop_13_word_00.png,Văn
3c409b37c10740591916_crop_13_word_01.png,Nam
3c409b37c10740591916_crop_13_word_02.png,Hoàng
3c409b37c10740591916_crop_14_word_00.png,Dũng
3c409b37c10740591916_crop_14_word_01.png,Đỗ
3c409b37c10740591916_crop_14_word_02.png,Hùng
3c409b37c10740591916_crop_15_word_00.png,Liệu
3c409b37c10740591916_crop_15_word_01.png,Nguyễn
3d1a1dca46fac7a49eeb_crop_01_word_00.png,Kiều
3d1a1dca46fac7a49eeb_crop_01_word_01.png,Châu
3d1a1dca46fac7a49eeb_crop_01_word_02.png,Minh
3d1a1dca46fac7a49eeb_crop_02_word_00.png,Kiều
3d1a1dca46fac7a49eeb_crop_02_word_01.png,Minh
3d1a1dca46fac7a49eeb_crop_02_word_02.png,Tú
3d1a1dca46fac7a49eeb_crop_03_word_00.png,Kiều
3d1a1dca46fac7a49eeb_crop_03_word_01.png,Ngọc
3d1a1dca46fac7a49eeb_crop_03_word_02.png,Hà
3d1a1dca46fac7a49eeb_crop_04_word_00.png,Ngọc
3d1a1dca46fac7a49eeb_crop_04_word_01.png,Dung
3d1a1dca46fac7a49eeb_crop_04_word_02.png,Kiều
3d1a1dca46fac7a49eeb_crop_05_word_00.png,Kiều
3d1a1dca46fac7a49eeb_crop_05_word_01.png,Minh
3d1a1dca46fac7a49eeb_crop_05_word_02.png,Thụ
3d1a1dca46fac7a49eeb_crop_06_word_00.png,Bảo
3d1a1dca46fac7a49eeb_crop_06_word_01.png,Minh
3d1a1dca46fac7a49eeb_crop_06_word_02.png,Gia
3d1a1dca46fac7a49eeb_crop_06_word_03.png,Nguyễn
3d1a1dca46fac7a49eeb_crop_06_word_04.png,Hoàng
3d1a1dca46fac7a49eeb_crop_07_word_00.png,Gia
3d1a1dca46fac7a49eeb_crop_07_word_01.png,Hân
3d1a1dca46fac7a49eeb_crop_07_word_02.png,Ngọc
3d1a1dca46fac7a49eeb_crop_07_word_03.png,Bảo
3d1a1dca46fac7a49eeb_crop_07_word_04.png,Lê
3d1a1dca46fac7a49eeb_crop_08_word_00.png,Phạm
3d1a1dca46fac7a49eeb_crop_08_word_01.png,Minh
3d1a1dca46fac7a49eeb_crop_08_word_02.png,Nhật
3d1a1dca46fac7a49eeb_crop_08_word_03.png,Quang
3d1a1dca46fac7a49eeb_crop_08_word_04.png,Huy
3d1a1dca46fac7a49eeb_crop_09_word_00.png,Minh
3d1a1dca46fac7a49eeb_crop_09_word_01.png,Anh
3d1a1dca46fac7a49eeb_crop_09_word_02.png,Đỗ
3d1a1dca46fac7a49eeb_crop_09_word_03.png,Châu
3d1a1dca46fac7a49eeb_crop_09_word_04.png,Quỳnh
3d1a1dca46fac7a49eeb_crop_10_word_00.png,Gia
3d1a1dca46fac7a49eeb_crop_10_word_01.png,Bảo
3d1a1dca46fac7a49eeb_crop_10_word_02.png,Huỳnh
3d1a1dca46fac7a49eeb_crop_10_word_03.png,Phúc
3d1a1dca46fac7a49eeb_crop_10_word_04.png,Thiên
3d1a1dca46fac7a49eeb_crop_11_word_00.png,Nhật
3d1a1dca46fac7a49eeb_crop_11_word_01.png,Minh
3d1a1dca46fac7a49eeb_crop_11_word_02.png,Đức
3d1a1dca46fac7a49eeb_crop_11_word_03.png,Phan
3d1a1dca46fac7a49eeb_crop_11_word_04.png,Quang
3d1a1dca46fac7a49eeb_crop_12_word_00.png,Hoàng
3d1a1dca46fac7a49eeb_crop_12_word_01.png,Minh
3d1a1dca46fac7a49eeb_crop_12_word_02.png,Gia
3d1a1dca46fac7a49eeb_crop_12_word_03.png,Võ
3d1a1dca46fac7a49eeb_crop_12_word_04.png,Khang
3d1a1dca46fac7a49eeb_crop_13_word_00.png,Anh
3d1a1dca46fac7a49eeb_crop_13_word_01.png,Đặng
3d1a1dca46fac7a49eeb_crop_13_word_02.png,Minh
3d1a1dca46fac7a49eeb_crop_13_word_03.png,Tuấn
3d1a1dca46fac7a49eeb_crop_13_word_04.png,Kiệt
3d1a1dca46fac7a49eeb_crop_14_word_00.png,Trần
3d1a1dca46fac7a49eeb_crop_14_word_01.png,Anh
3d1a1dca46fac7a49eeb_crop_14_word_02.png,Linh
3d1a1dca46fac7a49eeb_crop_14_word_03.png,Ngọc
3d1a1dca46fac7a49eeb_crop_14_word_04.png,Khánh
3d1a1dca46fac7a49eeb_crop_15_word_00.png,My
3d1a1dca46fac7a49eeb_crop_15_word_01.png,Bùi
3d1a1dca46fac7a49eeb_crop_15_word_02.png,Diễm
3d1a1dca46fac7a49eeb_crop_15_word_03.png,Ngọc
3d1a1dca46fac7a49eeb_crop_15_word_04.png,Thanh
48542d1f772ff671af3e_crop_01_word_00.png,Vũ
48542d1f772ff671af3e_crop_01_word_01.png,Dũng
48542d1f772ff671af3e_crop_01_word_02.png,Nguyễn
48542d1f772ff671af3e_crop_02_word_00.png,Mai
48542d1f772ff671af3e_crop_02_word_01.png,Yến
48542d1f772ff671af3e_crop_02_word_02.png,Thảo
48542d1f772ff671af3e_crop_02_word_03.png,Nguyễn
48542d1f772ff671af3e_crop_03_word_00.png,Thủy
48542d1f772ff671af3e_crop_03_word_01.png,Mai
48542d1f772ff671af3e_crop_03_word_02.png,Trương
48542d1f772ff671af3e_crop_04_word_00.png,Nguyễn
48542d1f772ff671af3e_crop_04_word_01.png,Thành
48542d1f772ff671af3e_crop_04_word_02.png,Tiến
48542d1f772ff671af3e_crop_05_word_00.png,Nguyễn
48542d1f772ff671af3e_crop_05_word_01.png,Đạt
48542d1f772ff671af3e_crop_05_word_02.png,Tiến
48542d1f772ff671af3e_crop_06_word_00.png,Tuấn
48542d1f772ff671af3e_crop_06_word_01.png,Nguyễn
48542d1f772ff671af3e_crop_06_word_02.png,Quốc
48542d1f772ff671af3e_crop_07_word_00.png,Tuyết
48542d1f772ff671af3e_crop_07_word_01.png,Lê
48542d1f772ff671af3e_crop_07_word_02.png,Thị
48542d1f772ff671af3e_crop_08_word_00.png,Huy
48542d1f772ff671af3e_crop_08_word_01.png,Trần
48542d1f772ff671af3e_crop_08_word_02.png,Quang
48542d1f772ff671af3e_crop_09_word_00.png,Trần
48542d1f772ff671af3e_crop_09_word_01.png,Quang
48542d1f772ff671af3e_crop_09_word_02.png,Huy
48542d1f772ff671af3e_crop_10_word_00.png,Thế
48542d1f772ff671af3e_crop_10_word_01.png,Anh
48542d1f772ff671af3e_crop_10_word_02.png,Nguyễn
48542d1f772ff671af3e_crop_11_word_00.png,Trần
48542d1f772ff671af3e_crop_11_word_01.png,Minh
48542d1f772ff671af3e_crop_11_word_02.png,Ngọc
48542d1f772ff671af3e_crop_12_word_00.png,Thanh
48542d1f772ff671af3e_crop_12_word_01.png,Thị
48542d1f772ff671af3e_crop_12_word_02.png,Nguyễn
48542d1f772ff671af3e_crop_12_word_03.png,Quý
48542d1f772ff671af3e_crop_13_word_00.png,Đình
48542d1f772ff671af3e_crop_13_word_01.png,Quân
48542d1f772ff671af3e_crop_13_word_02.png,Nguyễn
48542d1f772ff671af3e_crop_13_word_03.png,Hoàng
48542d1f772ff671af3e_crop_14_word_00.png,Thị
48542d1f772ff671af3e_crop_14_word_01.png,Thủy
48542d1f772ff671af3e_crop_14_word_02.png,Lê
48542d1f772ff671af3e_crop_15_word_00.png,Hoàng
48542d1f772ff671af3e_crop_15_word_01.png,Văn
48542d1f772ff671af3e_crop_15_word_02.png,Trần
572a4e4b147b9525cc6a_crop_01_word_00.png,Anh
572a4e4b147b9525cc6a_crop_01_word_01.png,Đỗ
572a4e4b147b9525cc6a_crop_01_word_02.png,Tú
572a4e4b147b9525cc6a_crop_01_word_03.png,Nguyễn
572a4e4b147b9525cc6a_crop_02_word_00.png,Chi
572a4e4b147b9525cc6a_crop_02_word_01.png,Trần
572a4e4b147b9525cc6a_crop_02_word_02.png,Đỗ
572a4e4b147b9525cc6a_crop_02_word_03.png,Thùy
572a4e4b147b9525cc6a_crop_03_word_00.png,Ngọc
572a4e4b147b9525cc6a_crop_03_word_01.png,Cao
572a4e4b147b9525cc6a_crop_03_word_02.png,Đỗ
572a4e4b147b9525cc6a_crop_03_word_03.png,Huyền
572a4e4b147b9525cc6a_crop_04_word_00.png,Trần
572a4e4b147b9525cc6a_crop_04_word_01.png,Bảo
572a4e4b147b9525cc6a_crop_04_word_02.png,Lan
572a4e4b147b9525cc6a_crop_04_word_03.png,Đỗ
572a4e4b147b9525cc6a_crop_05_word_00.png,Kiều
572a4e4b147b9525cc6a_crop_05_word_01.png,Ngọc
572a4e4b147b9525cc6a_crop_05_word_02.png,Đỗ
572a4e4b147b9525cc6a_crop_05_word_03.png,Dung
572a4e4b147b9525cc6a_crop_06_word_00.png,Đức
572a4e4b147b9525cc6a_crop_06_word_01.png,Ân
572a4e4b147b9525cc6a_crop_06_word_02.png,Đỗ
572a4e4b147b9525cc6a_crop_06_word_03.png,Thiên
572a4e4b147b9525cc6a_crop_07_word_00.png,Long
572a4e4b147b9525cc6a_crop_07_word_01.png,Ngọc
572a4e4b147b9525cc6a_crop_07_word_02.png,Đỗ
572a4e4b147b9525cc6a_crop_07_word_03.png,Vũ
572a4e4b147b9525cc6a_crop_08_word_00.png,Duy
572a4e4b147b9525cc6a_crop_08_word_01.png,Tuấn
572a4e4b147b9525cc6a_crop_08_word_02.png,Đỗ
572a4e4b147b9525cc6a_crop_08_word_03.png,Khang
572a4e4b147b9525cc6a_crop_09_word_00.png,Bảo
572a4e4b147b9525cc6a_crop_09_word_01.png,Thiên
572a4e4b147b9525cc6a_crop_09_word_02.png,Phú
572a4e4b147b9525cc6a_crop_09_word_03.png,Đỗ
572a4e4b147b9525cc6a_crop_10_word_00.png,Vũ
572a4e4b147b9525cc6a_crop_10_word_01.png,Anh
572a4e4b147b9525cc6a_crop_10_word_02.png,Tú
572a4e4b147b9525cc6a_crop_10_word_03.png,Giang
572a4e4b147b9525cc6a_crop_11_word_00.png,Đan
572a4e4b147b9525cc6a_crop_11_word_01.png,Yên
572a4e4b147b9525cc6a_crop_11_word_02.png,Vũ
572a4e4b147b9525cc6a_crop_11_word_03.png,Hà
572a4e4b147b9525cc6a_crop_12_word_00.png,Uyển
572a4e4b147b9525cc6a_crop_12_word_01.png,Hoàng
572a4e4b147b9525cc6a_crop_12_word_02.png,Vũ
572a4e4b147b9525cc6a_crop_12_word_03.png,Khanh
572a4e4b147b9525cc6a_crop_13_word_00.png,Gia
572a4e4b147b9525cc6a_crop_13_word_01.png,Bảo
572a4e4b147b9525cc6a_crop_13_word_02.png,Đỗ
572a4e4b147b9525cc6a_crop_13_word_03.png,Khiêm
572a4e4b147b9525cc6a_crop_14_word_00.png,Linh
572a4e4b147b9525cc6a_crop_14_word_01.png,Đan
572a4e4b147b9525cc6a_crop_14_word_02.png,Hà
572a4e4b147b9525cc6a_crop_14_word_03.png,Vũ
572a4e4b147b9525cc6a_crop_15_word_00.png,Bình
572a4e4b147b9525cc6a_crop_15_word_01.png,Thái
572a4e4b147b9525cc6a_crop_15_word_02.png,Vũ
572a4e4b147b9525cc6a_crop_15_word_03.png,Yên
5c1fe04eb66737396e76_crop_01_word_00.png,Mai
5c1fe04eb66737396e76_crop_01_word_01.png,Thúc
5c1fe04eb66737396e76_crop_01_word_02.png,Loan
5c1fe04eb66737396e76_crop_02_word_00.png,Sơn
5c1fe04eb66737396e76_crop_02_word_01.png,Đinh
5c1fe04eb66737396e76_crop_02_word_02.png,Nguyễn
5c1fe04eb66737396e76_crop_03_word_00.png,Linh
5c1fe04eb66737396e76_crop_03_word_01.png,Lê
5c1fe04eb66737396e76_crop_03_word_02.png,Khánh
5c1fe04eb66737396e76_crop_04_word_00.png,Loan
5c1fe04eb66737396e76_crop_04_word_01.png,Khánh
5c1fe04eb66737396e76_crop_04_word_02.png,Thị
5c1fe04eb66737396e76_crop_04_word_03.png,Hồ
5c1fe04eb66737396e76_crop_05_word_00.png,Trúc
5c1fe04eb66737396e76_crop_05_word_01.png,Quỳnh
5c1fe04eb66737396e76_crop_05_word_02.png,Nguyễn
5c1fe04eb66737396e76_crop_05_word_03.png,Mai
5c1fe04eb66737396e76_crop_06_word_00.png,Khánh
5c1fe04eb66737396e76_crop_06_word_01.png,Hưng
5c1fe04eb66737396e76_crop_06_word_02.png,Duy
5c1fe04eb66737396e76_crop_06_word_03.png,Nguyễn
5c1fe04eb66737396e76_crop_07_word_00.png,Cảnh
5c1fe04eb66737396e76_crop_07_word_01.png,Minh
5c1fe04eb66737396e76_crop_07_word_02.png,Toàn
5c1fe04eb66737396e76_crop_07_word_03.png,Nguyễn
5c1fe04eb66737396e76_crop_08_word_00.png,Dao
5c1fe04eb66737396e76_crop_08_word_01.png,Trần
5c1fe04eb66737396e76_crop_08_word_02.png,Nhã
5c1fe04eb66737396e76_crop_08_word_03.png,Quỳnh
5c1fe04eb66737396e76_crop_09_word_00.png,Phát
5c1fe04eb66737396e76_crop_09_word_01.png,Trần
5c1fe04eb66737396e76_crop_09_word_02.png,Nam
5c1fe04eb66737396e76_crop_09_word_03.png,Tấn
5c1fe04eb66737396e76_crop_10_word_00.png,Kiều
5c1fe04eb66737396e76_crop_10_word_01.png,Lê
5c1fe04eb66737396e76_crop_10_word_02.png,Di
5c1fe04eb66737396e76_crop_10_word_03.png,Băng
5c1fe04eb66737396e76_crop_11_word_00.png,San
5c1fe04eb66737396e76_crop_11_word_01.png,Thục
5c1fe04eb66737396e76_crop_11_word_02.png,Vy
5c1fe04eb66737396e76_crop_11_word_03.png,Lê
5c1fe04eb66737396e76_crop_12_word_00.png,Minh
5c1fe04eb66737396e76_crop_12_word_01.png,Nhật
5c1fe04eb66737396e76_crop_12_word_02.png,Khánh
5c1fe04eb66737396e76_crop_12_word_03.png,Lê
5c1fe04eb66737396e76_crop_13_word_00.png,Uyên
5c1fe04eb66737396e76_crop_13_word_01.png,Phúc
5c1fe04eb66737396e76_crop_13_word_02.png,Phạm
5c1fe04eb66737396e76_crop_13_word_03.png,Phương
5c1fe04eb66737396e76_crop_14_word_00.png,Đăng
5c1fe04eb66737396e76_crop_14_word_01.png,Tuệ
5c1fe04eb66737396e76_crop_14_word_02.png,Hoàng
5c1fe04eb66737396e76_crop_14_word_03.png,Phạm
5c1fe04eb66737396e76_crop_15_word_00.png,Liên
5c1fe04eb66737396e76_crop_15_word_01.png,Như
5c1fe04eb66737396e76_crop_15_word_02.png,Đinh
5c1fe04eb66737396e76_crop_15_word_03.png,Ngọc
5fa77d7f264fa711fe5e_crop_01_word_00.png,Gia
5fa77d7f264fa711fe5e_crop_01_word_01.png,Vinh
5fa77d7f264fa711fe5e_crop_01_word_02.png,Tiến
5fa77d7f264fa711fe5e_crop_01_word_03.png,Lê
5fa77d7f264fa711fe5e_crop_02_word_00.png,Lã
5fa77d7f264fa711fe5e_crop_02_word_01.png,Vương
5fa77d7f264fa711fe5e_crop_02_word_02.png,Thục
5fa77d7f264fa711fe5e_crop_02_word_03.png,Khanh
5fa77d7f264fa711fe5e_crop_03_word_00.png,Huy
5fa77d7f264fa711fe5e_crop_03_word_01.png,Lê
5fa77d7f264fa711fe5e_crop_03_word_02.png,Trần
5fa77d7f264fa711fe5e_crop_04_word_00.png,Thúy
5fa77d7f264fa711fe5e_crop_04_word_01.png,Trang
5fa77d7f264fa711fe5e_crop_05_word_00.png,Khánh
5fa77d7f264fa711fe5e_crop_05_word_01.png,Huyền
5fa77d7f264fa711fe5e_crop_06_word_00.png,Thanh
5fa77d7f264fa711fe5e_crop_06_word_01.png,Hường
5fa77d7f264fa711fe5e_crop_07_word_00.png,Lâm
5fa77d7f264fa711fe5e_crop_07_word_01.png,Tùng
5fa77d7f264fa711fe5e_crop_08_word_00.png,Uyên
5fa77d7f264fa711fe5e_crop_08_word_01.png,Phương
5fa77d7f264fa711fe5e_crop_09_word_00.png,Tất
5fa77d7f264fa711fe5e_crop_09_word_01.png,Đạt
5fa77d7f264fa711fe5e_crop_10_word_00.png,Vi
5fa77d7f264fa711fe5e_crop_10_word_01.png,Thảo
5fa77d7f264fa711fe5e_crop_11_word_00.png,Trang
5fa77d7f264fa711fe5e_crop_11_word_01.png,Kiều
5fa77d7f264fa711fe5e_crop_12_word_00.png,Trang
5fa77d7f264fa711fe5e_crop_12_word_01.png,Thu
5fa77d7f264fa711fe5e_crop_12_word_02.png,Lê
5fa77d7f264fa711fe5e_crop_13_word_00.png,Phương
5fa77d7f264fa711fe5e_crop_13_word_01.png,Anh
5fa77d7f264fa711fe5e_crop_13_word_02.png,Lê
5fa77d7f264fa711fe5e_crop_14_word_00.png,Nguyễn
5fa77d7f264fa711fe5e_crop_14_word_01.png,Nguyễn
5fa77d7f264fa711fe5e_crop_14_word_02.png,Hạnh
5fa77d7f264fa711fe5e_crop_15_word_00.png,Nguyễn
5fa77d7f264fa711fe5e_crop_15_word_01.png,Trần
5fa77d7f264fa711fe5e_crop_15_word_02.png,Linh
5fa77d7f264fa711fe5e_crop_15_word_03.png,Đan
7241f110a73926677f28_crop_01_word_00.png,Lâm
7241f110a73926677f28_crop_01_word_01.png,Tùng
7241f110a73926677f28_crop_01_word_02.png,Nguyễn
7241f110a73926677f28_crop_02_word_00.png,Trang
7241f110a73926677f28_crop_02_word_01.png,Thúy
7241f110a73926677f28_crop_02_word_02.png,Vũ
7241f110a73926677f28_crop_02_word_03.png,Thị
7241f110a73926677f28_crop_03_word_00.png,Hằng
7241f110a73926677f28_crop_03_word_01.png,Vũ
7241f110a73926677f28_crop_03_word_02.png,Thanh
7241f110a73926677f28_crop_03_word_03.png,Nga
7241f110a73926677f28_crop_04_word_00.png,Thúy
7241f110a73926677f28_crop_04_word_01.png,Nga
7241f110a73926677f28_crop_04_word_02.png,Hoàng
7241f110a73926677f28_crop_05_word_00.png,Văn
7241f110a73926677f28_crop_05_word_01.png,Tâm
7241f110a73926677f28_crop_05_word_02.png,Lương
7241f110a73926677f28_crop_05_word_03.png,Trần
7241f110a73926677f28_crop_06_word_00.png,Trình
7241f110a73926677f28_crop_06_word_01.png,Đức
7241f110a73926677f28_crop_06_word_02.png,Nông
7241f110a73926677f28_crop_07_word_00.png,Yến
7241f110a73926677f28_crop_07_word_01.png,Hải
7241f110a73926677f28_crop_07_word_02.png,Thị
7241f110a73926677f28_crop_07_word_03.png,Nguyễn
7241f110a73926677f28_crop_08_word_00.png,Thị
7241f110a73926677f28_crop_08_word_01.png,Thảo
7241f110a73926677f28_crop_08_word_02.png,Huyền
7241f110a73926677f28_crop_08_word_03.png,Phạm
7241f110a73926677f28_crop_09_word_00.png,Trần
7241f110a73926677f28_crop_09_word_01.png,Lan
7241f110a73926677f28_crop_09_word_02.png,Phương
7241f110a73926677f28_crop_10_word_00.png,Thị
7241f110a73926677f28_crop_10_word_01.png,Nụ
7241f110a73926677f28_crop_10_word_02.png,Nguyễn
7241f110a73926677f28_crop_11_word_00.png,Thị
7241f110a73926677f28_crop_11_word_01.png,Thu
7241f110a73926677f28_crop_11_word_02.png,Nga
7241f110a73926677f28_crop_11_word_03.png,Nguyễn
7241f110a73926677f28_crop_12_word_00.png,Trần
7241f110a73926677f28_crop_12_word_01.png,Duy
7241f110a73926677f28_crop_12_word_02.png,Công
7241f110a73926677f28_crop_13_word_00.png,Tuấn
7241f110a73926677f28_crop_13_word_01.png,Dương
7241f110a73926677f28_crop_13_word_02.png,Phan
7241f110a73926677f28_crop_14_word_00.png,Nam
7241f110a73926677f28_crop_14_word_01.png,Phạm
7241f110a73926677f28_crop_14_word_02.png,Văn
7241f110a73926677f28_crop_15_word_00.png,Cường
7241f110a73926677f28_crop_15_word_01.png,Cát
7241f110a73926677f28_crop_15_word_02.png,Vũ
7241f110a73926677f28_crop_15_word_03.png,Quốc
75885bda0df38cadd5e2_crop_01_word_00.png,Kiệt
75885bda0df38cadd5e2_crop_01_word_01.png,Tuấn
75885bda0df38cadd5e2_crop_01_word_02.png,Lý
75885bda0df38cadd5e2_crop_01_word_03.png,Vũ
75885bda0df38cadd5e2_crop_02_word_00.png,Long
75885bda0df38cadd5e2_crop_02_word_01.png,Thiện
75885bda0df38cadd5e2_crop_02_word_02.png,Vũ
75885bda0df38cadd5e2_crop_02_word_03.png,Đức
75885bda0df38cadd5e2_crop_03_word_00.png,Phạm
75885bda0df38cadd5e2_crop_03_word_01.png,Gia
75885bda0df38cadd5e2_crop_03_word_02.png,Luân
75885bda0df38cadd5e2_crop_03_word_03.png,Vũ
75885bda0df38cadd5e2_crop_04_word_00.png,Vỹ
75885bda0df38cadd5e2_crop_04_word_01.png,Khang
75885bda0df38cadd5e2_crop_04_word_02.png,Vũ
75885bda0df38cadd5e2_crop_04_word_03.png,Lê
75885bda0df38cadd5e2_crop_05_word_00.png,Bảo
75885bda0df38cadd5e2_crop_05_word_01.png,Minh
75885bda0df38cadd5e2_crop_05_word_02.png,Vũ
75885bda0df38cadd5e2_crop_05_word_03.png,Thiên
75885bda0df38cadd5e2_crop_06_word_00.png,Mai
75885bda0df38cadd5e2_crop_06_word_01.png,An
75885bda0df38cadd5e2_crop_06_word_02.png,Thúy
75885bda0df38cadd5e2_crop_07_word_00.png,Mai
75885bda0df38cadd5e2_crop_07_word_01.png,Linh
75885bda0df38cadd5e2_crop_07_word_02.png,Diệu
75885bda0df38cadd5e2_crop_08_word_00.png,Gia
75885bda0df38cadd5e2_crop_08_word_01.png,Mai
75885bda0df38cadd5e2_crop_08_word_02.png,Hân
75885bda0df38cadd5e2_crop_09_word_00.png,Mai
75885bda0df38cadd5e2_crop_09_word_01.png,Hân
75885bda0df38cadd5e2_crop_09_word_02.png,Bảo
75885bda0df38cadd5e2_crop_10_word_00.png,Cường
75885bda0df38cadd5e2_crop_10_word_01.png,Mai
75885bda0df38cadd5e2_crop_10_word_02.png,Quốc
75885bda0df38cadd5e2_crop_11_word_00.png,Lam
75885bda0df38cadd5e2_crop_11_word_01.png,Diệp
75885bda0df38cadd5e2_crop_11_word_02.png,Hạ
75885bda0df38cadd5e2_crop_12_word_00.png,Diệp
75885bda0df38cadd5e2_crop_12_word_01.png,Hạ
75885bda0df38cadd5e2_crop_12_word_02.png,Vũ
75885bda0df38cadd5e2_crop_13_word_00.png,Diệp
75885bda0df38cadd5e2_crop_13_word_01.png,Mai
75885bda0df38cadd5e2_crop_13_word_02.png,Chi
75885bda0df38cadd5e2_crop_14_word_00.png,Thảo
75885bda0df38cadd5e2_crop_14_word_01.png,Diệp
75885bda0df38cadd5e2_crop_14_word_02.png,Chi
75885bda0df38cadd5e2_crop_15_word_00.png,Diệp
75885bda0df38cadd5e2_crop_15_word_01.png,Nguyên
75885bda0df38cadd5e2_crop_15_word_02.png,Thảo
78905e5805688436dd79_crop_01_word_00.png,Gia
78905e5805688436dd79_crop_01_word_01.png,Vinh
78905e5805688436dd79_crop_01_word_02.png,Tiến
78905e5805688436dd79_crop_01_word_03.png,Lê
78905e5805688436dd79_crop_02_word_00.png,Vương
78905e5805688436dd79_crop_02_word_01.png,Khanh
78905e5805688436dd79_crop_02_word_02.png,Thục
78905e5805688436dd79_crop_02_word_03.png,Lã
78905e5805688436dd79_crop_03_word_00.png,Huy
78905e5805688436dd79_crop_03_word_01.png,Lê
78905e5805688436dd79_crop_03_word_02.png,Trần
78905e5805688436dd79_crop_04_word_00.png,Thúy
78905e5805688436dd79_crop_04_word_01.png,Trang
78905e5805688436dd79_crop_05_word_00.png,Khánh
78905e5805688436dd79_crop_05_word_01.png,Huyền
78905e5805688436dd79_crop_06_word_00.png,Hường
78905e5805688436dd79_crop_06_word_01.png,Thanh
78905e5805688436dd79_crop_07_word_00.png,Tùng
78905e5805688436dd79_crop_07_word_01.png,Lâm
78905e5805688436dd79_crop_08_word_00.png,Uyên
78905e5805688436dd79_crop_08_word_01.png,Phương
78905e5805688436dd79_crop_09_word_00.png,Tất
78905e5805688436dd79_crop_09_word_01.png,Đạt
78905e5805688436dd79_crop_10_word_00.png,Vi
78905e5805688436dd79_crop_10_word_01.png,Thảo
78905e5805688436dd79_crop_11_word_00.png,Kiều
78905e5805688436dd79_crop_11_word_01.png,Trang
78905e5805688436dd79_crop_12_word_00.png,Trang
78905e5805688436dd79_crop_12_word_01.png,Lê
78905e5805688436dd79_crop_12_word_02.png,Thu
78905e5805688436dd79_crop_13_word_00.png,Phương
78905e5805688436dd79_crop_13_word_01.png,Anh
78905e5805688436dd79_crop_13_word_02.png,Lê
78905e5805688436dd79_crop_14_word_00.png,Nguyễn
78905e5805688436dd79_crop_14_word_01.png,Nguyễn
78905e5805688436dd79_crop_14_word_02.png,Hạnh
78905e5805688436dd79_crop_15_word_00.png,Nguyễn
78905e5805688436dd79_crop_15_word_01.png,Linh
78905e5805688436dd79_crop_15_word_02.png,Trần
78905e5805688436dd79_crop_15_word_03.png,Đan
7e32e866be4f3f11665e_crop_01_word_00.png,Khánh
7e32e866be4f3f11665e_crop_01_word_01.png,Ngọc
7e32e866be4f3f11665e_crop_01_word_02.png,Bùi
7e32e866be4f3f11665e_crop_01_word_03.png,Huyền
7e32e866be4f3f11665e_crop_02_word_00.png,Diệp
7e32e866be4f3f11665e_crop_02_word_01.png,Bùi
7e32e866be4f3f11665e_crop_02_word_02.png,Mỹ
7e32e866be4f3f11665e_crop_02_word_03.png,Anh
7e32e866be4f3f11665e_crop_03_word_00.png,Bùi
7e32e866be4f3f11665e_crop_03_word_01.png,Duy
7e32e866be4f3f11665e_crop_03_word_02.png,Võ
7e32e866be4f3f11665e_crop_03_word_03.png,Đức
7e32e866be4f3f11665e_crop_04_word_00.png,Ngọc
7e32e866be4f3f11665e_crop_04_word_01.png,Bùi
7e32e866be4f3f11665e_crop_04_word_02.png,Minh
7e32e866be4f3f11665e_crop_04_word_03.png,Trung
7e32e866be4f3f11665e_crop_05_word_00.png,Anh
7e32e866be4f3f11665e_crop_05_word_01.png,Bùi
7e32e866be4f3f11665e_crop_05_word_02.png,Duy
7e32e866be4f3f11665e_crop_05_word_03.png,Tuấn
7e32e866be4f3f11665e_crop_06_word_00.png,Nhật
7e32e866be4f3f11665e_crop_06_word_01.png,Minh
7e32e866be4f3f11665e_crop_06_word_02.png,Dương
7e32e866be4f3f11665e_crop_06_word_03.png,Lê
7e32e866be4f3f11665e_crop_07_word_00.png,Dương
7e32e866be4f3f11665e_crop_07_word_01.png,Mỹ
7e32e866be4f3f11665e_crop_07_word_02.png,Trà
7e32e866be4f3f11665e_crop_07_word_03.png,Ái
7e32e866be4f3f11665e_crop_08_word_00.png,Hà
7e32e866be4f3f11665e_crop_08_word_01.png,Dương
7e32e866be4f3f11665e_crop_08_word_02.png,Băng
7e32e866be4f3f11665e_crop_08_word_03.png,Tuyết
7e32e866be4f3f11665e_crop_09_word_00.png,Dương
7e32e866be4f3f11665e_crop_09_word_01.png,Minh
7e32e866be4f3f11665e_crop_09_word_02.png,Anh
7e32e866be4f3f11665e_crop_09_word_03.png,Lê
7e32e866be4f3f11665e_crop_10_word_00.png,Trọng
7e32e866be4f3f11665e_crop_10_word_01.png,Phúc
7e32e866be4f3f11665e_crop_10_word_02.png,Dương
7e32e866be4f3f11665e_crop_10_word_03.png,Huỳnh
7e32e866be4f3f11665e_crop_11_word_00.png,Khánh
7e32e866be4f3f11665e_crop_11_word_01.png,Trần
7e32e866be4f3f11665e_crop_11_word_02.png,Vân
7e32e866be4f3f11665e_crop_11_word_03.png,Hoàng
7e32e866be4f3f11665e_crop_12_word_00.png,Ngọc
7e32e866be4f3f11665e_crop_12_word_01.png,Khánh
7e32e866be4f3f11665e_crop_12_word_02.png,Hoàng
7e32e866be4f3f11665e_crop_13_word_00.png,Đông
7e32e866be4f3f11665e_crop_13_word_01.png,Hoàng
7e32e866be4f3f11665e_crop_13_word_02.png,Huỳnh
7e32e866be4f3f11665e_crop_13_word_03.png,Nghi
7e32e866be4f3f11665e_crop_14_word_00.png,Thanh
7e32e866be4f3f11665e_crop_14_word_01.png,Đắc
7e32e866be4f3f11665e_crop_14_word_02.png,Hoàng
7e32e866be4f3f11665e_crop_14_word_03.png,Tâm
7e32e866be4f3f11665e_crop_15_word_00.png,Hoàng
7e32e866be4f3f11665e_crop_15_word_01.png,Tín
7e32e866be4f3f11665e_crop_15_word_02.png,Phước
7e32e866be4f3f11665e_crop_15_word_03.png,Phong
8034f245a875292b7064_crop_01_word_00.png,Tuấn
8034f245a875292b7064_crop_01_word_01.png,Trần
8034f245a875292b7064_crop_01_word_02.png,Phương
8034f245a875292b7064_crop_01_word_03.png,Trịnh
8034f245a875292b7064_crop_02_word_00.png,Cung
8034f245a875292b7064_crop_02_word_01.png,Sinh
8034f245a875292b7064_crop_02_word_02.png,Nguyễn
8034f245a875292b7064_crop_03_word_00.png,Thành
8034f245a875292b7064_crop_03_word_01.png,Tất
8034f245a875292b7064_crop_03_word_02.png,Nguyễn
8034f245a875292b7064_crop_04_word_00.png,Quốc
8034f245a875292b7064_crop_04_word_01.png,Ái
8034f245a875292b7064_crop_04_word_02.png,Nguyễn
8034f245a875292b7064_crop_05_word_00.png,Thường
8034f245a875292b7064_crop_05_word_01.png,Kiệt
8034f245a875292b7064_crop_05_word_02.png,Lý
8034f245a875292b7064_crop_06_word_00.png,Trãi
8034f245a875292b7064_crop_06_word_01.png,Nguyễn
8034f245a875292b7064_crop_07_word_00.png,Quốc
8034f245a875292b7064_crop_07_word_01.png,Trần
8034f245a875292b7064_crop_07_word_02.png,Tuấn
8034f245a875292b7064_crop_08_word_00.png,Giáp
8034f245a875292b7064_crop_08_word_01.png,Võ
8034f245a875292b7064_crop_08_word_02.png,Nguyên
8034f245a875292b7064_crop_09_word_00.png,Lương
8034f245a875292b7064_crop_09_word_01.png,Quang
8034f245a875292b7064_crop_09_word_02.png,Tam
8034f245a875292b7064_crop_10_word_00.png,Giang
8034f245a875292b7064_crop_10_word_01.png,Phan
8034f245a875292b7064_crop_10_word_02.png,Văn
8034f245a875292b7064_crop_11_word_00.png,Lâm
8034f245a875292b7064_crop_11_word_01.png,Tô
8034f245a875292b7064_crop_12_word_00.png,Trần
8034f245a875292b7064_crop_12_word_01.png,Mẫu
8034f245a875292b7064_crop_12_word_02.png,Thanh
8034f245a875292b7064_crop_13_word_00.png,Lê
8034f245a875292b7064_crop_13_word_01.png,Minh
8034f245a875292b7064_crop_13_word_02.png,Hưng
8034f245a875292b7064_crop_14_word_00.png,Cầm
8034f245a875292b7064_crop_14_word_01.png,Trần
8034f245a875292b7064_crop_14_word_02.png,Tú
8034f245a875292b7064_crop_15_word_00.png,Phú
8034f245a875292b7064_crop_15_word_01.png,Trọng
8034f245a875292b7064_crop_15_word_02.png,Nguyễn
8442421114389566cc29_crop_01_word_00.png,Tuấn
8442421114389566cc29_crop_01_word_01.png,Trần
8442421114389566cc29_crop_01_word_02.png,Phương
8442421114389566cc29_crop_01_word_03.png,Trịnh
8442421114389566cc29_crop_02_word_00.png,Sinh
8442421114389566cc29_crop_02_word_01.png,Cung
8442421114389566cc29_crop_02_word_02.png,Nguyễn
8442421114389566cc29_crop_03_word_00.png,Thành
8442421114389566cc29_crop_03_word_01.png,Tất
8442421114389566cc29_crop_03_word_02.png,Nguyễn
8442421114389566cc29_crop_04_word_00.png,Quốc
8442421114389566cc29_crop_04_word_01.png,Nguyễn
8442421114389566cc29_crop_04_word_02.png,Ái
8442421114389566cc29_crop_05_word_00.png,Thường
8442421114389566cc29_crop_05_word_01.png,Kiệt
8442421114389566cc29_crop_05_word_02.png,Lý
8442421114389566cc29_crop_06_word_00.png,Trãi
8442421114389566cc29_crop_06_word_01.png,Nguyễn
8442421114389566cc29_crop_07_word_00.png,Quốc
8442421114389566cc29_crop_07_word_01.png,Tuấn
8442421114389566cc29_crop_07_word_02.png,Trần
8442421114389566cc29_crop_08_word_00.png,Võ
8442421114389566cc29_crop_08_word_01.png,Giáp
8442421114389566cc29_crop_08_word_02.png,Nguyên
8442421114389566cc29_crop_09_word_00.png,Lương
8442421114389566cc29_crop_09_word_01.png,Tam
8442421114389566cc29_crop_09_word_02.png,Quang
8442421114389566cc29_crop_10_word_00.png,Giang
8442421114389566cc29_crop_10_word_01.png,Phan
8442421114389566cc29_crop_10_word_02.png,Văn
8442421114389566cc29_crop_11_word_00.png,Tô
8442421114389566cc29_crop_11_word_01.png,Lâm
8442421114389566cc29_crop_12_word_00.png,Trần
8442421114389566cc29_crop_12_word_01.png,Thanh
8442421114389566cc29_crop_12_word_02.png,Mẫn
8442421114389566cc29_crop_13_word_00.png,Minh
8442421114389566cc29_crop_13_word_01.png,Hưng
8442421114389566cc29_crop_13_word_02.png,Lê
8442421114389566cc29_crop_14_word_00.png,Cầm
8442421114389566cc29_crop_14_word_01.png,Tú
8442421114389566cc29_crop_14_word_02.png,Trần
8442421114389566cc29_crop_15_word_00.png,Trọng
8442421114389566cc29_crop_15_word_01.png,Phú
8442421114389566cc29_crop_15_word_02.png,Nguyễn
889b50350b058a5bd314_crop_01_word_00.png,Minh
889b50350b058a5bd314_crop_01_word_01.png,Gia
889b50350b058a5bd314_crop_01_word_02.png,Huy
889b50350b058a5bd314_crop_01_word_03.png,Tuấn
889b50350b058a5bd314_crop_01_word_04.png,Nguyễn
889b50350b058a5bd314_crop_02_word_00.png,Trần
889b50350b058a5bd314_crop_02_word_01.png,Ngọc
889b50350b058a5bd314_crop_02_word_02.png,Anh
889b50350b058a5bd314_crop_02_word_03.png,Khánh
889b50350b058a5bd314_crop_02_word_04.png,Hàng
889b50350b058a5bd314_crop_03_word_00.png,Nhật
889b50350b058a5bd314_crop_03_word_01.png,Anh
889b50350b058a5bd314_crop_03_word_02.png,Minh
889b50350b058a5bd314_crop_03_word_03.png,Lê
889b50350b058a5bd314_crop_03_word_04.png,Khang
889b50350b058a5bd314_crop_04_word_00.png,Bảo
889b50350b058a5bd314_crop_04_word_01.png,Phạm
889b50350b058a5bd314_crop_04_word_02.png,Gia
889b50350b058a5bd314_crop_04_word_03.png,Như
889b50350b058a5bd314_crop_04_word_04.png,Quỳnh
889b50350b058a5bd314_crop_05_word_00.png,Châu
889b50350b058a5bd314_crop_05_word_01.png,Minh
889b50350b058a5bd314_crop_05_word_02.png,Kim
889b50350b058a5bd314_crop_05_word_03.png,Đặng
889b50350b058a5bd314_crop_05_word_04.png,Thiên
889b50350b058a5bd314_crop_06_word_00.png,Anh
889b50350b058a5bd314_crop_06_word_01.png,Kiệt
889b50350b058a5bd314_crop_06_word_02.png,Võ
889b50350b058a5bd314_crop_06_word_03.png,Tuấn
889b50350b058a5bd314_crop_06_word_04.png,Hoàng
889b50350b058a5bd314_crop_07_word_00.png,Ngọc
889b50350b058a5bd314_crop_07_word_01.png,Hân
889b50350b058a5bd314_crop_07_word_02.png,Gia
889b50350b058a5bd314_crop_07_word_03.png,Bùi
889b50350b058a5bd314_crop_07_word_04.png,Thanh
889b50350b058a5bd314_crop_08_word_00.png,Minh
889b50350b058a5bd314_crop_08_word_01.png,Đức
889b50350b058a5bd314_crop_08_word_02.png,Quang
889b50350b058a5bd314_crop_08_word_03.png,Đỗ
889b50350b058a5bd314_crop_08_word_04.png,Huy
889b50350b058a5bd314_crop_09_word_00.png,Linh
889b50350b058a5bd314_crop_09_word_01.png,Châu
889b50350b058a5bd314_crop_09_word_02.png,Bảo
889b50350b058a5bd314_crop_09_word_03.png,Huỳnh
889b50350b058a5bd314_crop_09_word_04.png,Khánh
889b50350b058a5bd314_crop_10_word_00.png,Nhật
889b50350b058a5bd314_crop_10_word_01.png,Minh
889b50350b058a5bd314_crop_10_word_02.png,Gia
889b50350b058a5bd314_crop_10_word_03.png,Phan
889b50350b058a5bd314_crop_10_word_04.png,Anh
889b50350b058a5bd314_crop_11_word_00.png,Gia
889b50350b058a5bd314_crop_11_word_01.png,Bảo
889b50350b058a5bd314_crop_11_word_02.png,Hoàng
889b50350b058a5bd314_crop_11_word_03.png,Nguyễn
889b50350b058a5bd314_crop_11_word_04.png,Khanh
889b50350b058a5bd314_crop_12_word_00.png,Anh
889b50350b058a5bd314_crop_12_word_01.png,Trần
889b50350b058a5bd314_crop_12_word_02.png,Khoa
889b50350b058a5bd314_crop_12_word_03.png,Tuấn
889b50350b058a5bd314_crop_12_word_04.png,Minh
889b50350b058a5bd314_crop_13_word_00.png,Hân
889b50350b058a5bd314_crop_13_word_01.png,Như
889b50350b058a5bd314_crop_13_word_02.png,Lê
889b50350b058a5bd314_crop_13_word_03.png,Quỳnh
889b50350b058a5bd314_crop_13_word_04.png,Bảo
889b50350b058a5bd314_crop_14_word_00.png,Anh
889b50350b058a5bd314_crop_14_word_01.png,Nhật
889b50350b058a5bd314_crop_14_word_02.png,Minh
889b50350b058a5bd314_crop_14_word_03.png,Phạm
889b50350b058a5bd314_crop_14_word_04.png,Đức
889b50350b058a5bd314_crop_15_word_00.png,Công
889b50350b058a5bd314_crop_15_word_01.png,Huy
889b50350b058a5bd314_crop_15_word_02.png,Gia
889b50350b058a5bd314_crop_15_word_03.png,Đặng
889b50350b058a5bd314_crop_15_word_04.png,Thành
8cda73d400e481bad8f5_crop_01_word_00.png,Ngọc
8cda73d400e481bad8f5_crop_01_word_01.png,Hải
8cda73d400e481bad8f5_crop_01_word_02.png,Quế
8cda73d400e481bad8f5_crop_02_word_00.png,Xuân
8cda73d400e481bad8f5_crop_02_word_01.png,Phạm
8cda73d400e481bad8f5_crop_02_word_02.png,Mạnh
8cda73d400e481bad8f5_crop_03_word_00.png,Đức
8cda73d400e481bad8f5_crop_03_word_01.png,Văn
8cda73d400e481bad8f5_crop_03_word_02.png,Phan
8cda73d400e481bad8f5_crop_04_word_00.png,Văn
8cda73d400e481bad8f5_crop_04_word_01.png,Sơn
8cda73d400e481bad8f5_crop_04_word_02.png,Sỹ
8cda73d400e481bad8f5_crop_05_word_00.png,Minh
8cda73d400e481bad8f5_crop_05_word_01.png,Anh
8cda73d400e481bad8f5_crop_05_word_02.png,Nguyễn
8cda73d400e481bad8f5_crop_05_word_03.png,Lê
8cda73d400e481bad8f5_crop_06_word_00.png,Kiều
8cda73d400e481bad8f5_crop_06_word_01.png,Nguyệt
8cda73d400e481bad8f5_crop_06_word_02.png,Hoàng
8cda73d400e481bad8f5_crop_06_word_03.png,Cầm
8cda73d400e481bad8f5_crop_07_word_00.png,Anh
8cda73d400e481bad8f5_crop_07_word_01.png,Tuệ
8cda73d400e481bad8f5_crop_07_word_02.png,Phương
8cda73d400e481bad8f5_crop_07_word_03.png,Lê
8cda73d400e481bad8f5_crop_08_word_00.png,Trần
8cda73d400e481bad8f5_crop_08_word_01.png,Kiều
8cda73d400e481bad8f5_crop_08_word_02.png,Dung
8cda73d400e481bad8f5_crop_08_word_03.png,Hạnh
8cda73d400e481bad8f5_crop_09_word_00.png,Ngọc
8cda73d400e481bad8f5_crop_09_word_01.png,Lam
8cda73d400e481bad8f5_crop_09_word_02.png,Tường
8cda73d400e481bad8f5_crop_09_word_03.png,Phạm
8cda73d400e481bad8f5_crop_10_word_00.png,Anh
8cda73d400e481bad8f5_crop_10_word_01.png,Hữu
8cda73d400e481bad8f5_crop_10_word_02.png,Hoàng
8cda73d400e481bad8f5_crop_10_word_03.png,Nguyễn
8cda73d400e481bad8f5_crop_10_word_04.png,Hải
8cda73d400e481bad8f5_crop_11_word_00.png,Chi
8cda73d400e481bad8f5_crop_11_word_01.png,Ngọc
8cda73d400e481bad8f5_crop_11_word_02.png,Vũ
8cda73d400e481bad8f5_crop_11_word_03.png,Mai
8cda73d400e481bad8f5_crop_12_word_00.png,Chi
8cda73d400e481bad8f5_crop_12_word_01.png,Uyển
8cda73d400e481bad8f5_crop_12_word_02.png,Đỗ
8cda73d400e481bad8f5_crop_13_word_00.png,Gia
8cda73d400e481bad8f5_crop_13_word_01.png,Nguyễn
8cda73d400e481bad8f5_crop_13_word_02.png,Khải
8cda73d400e481bad8f5_crop_13_word_03.png,Hoàng
8cda73d400e481bad8f5_crop_14_word_00.png,Anh
8cda73d400e481bad8f5_crop_14_word_01.png,Gia
8cda73d400e481bad8f5_crop_14_word_02.png,Đức
8cda73d400e481bad8f5_crop_14_word_03.png,Nguyễn
8cda73d400e481bad8f5_crop_15_word_00.png,Đăng
8cda73d400e481bad8f5_crop_15_word_01.png,Minh
8cda73d400e481bad8f5_crop_15_word_02.png,Thái
8cda73d400e481bad8f5_crop_15_word_03.png,Hoàng
8f2a69e332d3b38deac2_crop_01_word_00.png,Uyên
8f2a69e332d3b38deac2_crop_01_word_01.png,Vân
8f2a69e332d3b38deac2_crop_01_word_02.png,Nhã
8f2a69e332d3b38deac2_crop_02_word_00.png,Anh
8f2a69e332d3b38deac2_crop_02_word_01.png,Nhã
8f2a69e332d3b38deac2_crop_02_word_02.png,Thư
8f2a69e332d3b38deac2_crop_03_word_00.png,Nhã
8f2a69e332d3b38deac2_crop_03_word_01.png,Tiên
8f2a69e332d3b38deac2_crop_03_word_02.png,Cát
8f2a69e332d3b38deac2_crop_04_word_00.png,Mai
8f2a69e332d3b38deac2_crop_04_word_01.png,Nhã
8f2a69e332d3b38deac2_crop_04_word_02.png,Anh
8f2a69e332d3b38deac2_crop_04_word_03.png,Quỳnh
8f2a69e332d3b38deac2_crop_05_word_00.png,Nhã
8f2a69e332d3b38deac2_crop_05_word_01.png,Vy
8f2a69e332d3b38deac2_crop_05_word_02.png,Tú
8f2a69e332d3b38deac2_crop_06_word_00.png,Quyên
8f2a69e332d3b38deac2_crop_06_word_01.png,Thục
8f2a69e332d3b38deac2_crop_06_word_02.png,Bảo
8f2a69e332d3b38deac2_crop_07_word_00.png,Diệu
8f2a69e332d3b38deac2_crop_07_word_01.png,My
8f2a69e332d3b38deac2_crop_07_word_02.png,Thục
8f2a69e332d3b38deac2_crop_08_word_00.png,Hân
8f2a69e332d3b38deac2_crop_08_word_01.png,Thúy
8f2a69e332d3b38deac2_crop_08_word_02.png,Thục
8f2a69e332d3b38deac2_crop_09_word_00.png,Nhi
8f2a69e332d3b38deac2_crop_09_word_01.png,Quỳnh
8f2a69e332d3b38deac2_crop_09_word_02.png,Thục
8f2a69e332d3b38deac2_crop_10_word_00.png,Đoan
8f2a69e332d3b38deac2_crop_10_word_01.png,Trang
8f2a69e332d3b38deac2_crop_10_word_02.png,Thục
8f2a69e332d3b38deac2_crop_11_word_00.png,Lan
8f2a69e332d3b38deac2_crop_11_word_01.png,Tường
8f2a69e332d3b38deac2_crop_11_word_02.png,Bảo
8f2a69e332d3b38deac2_crop_12_word_00.png,Anh
8f2a69e332d3b38deac2_crop_12_word_01.png,Lam
8f2a69e332d3b38deac2_crop_12_word_02.png,Tường
8f2a69e332d3b38deac2_crop_13_word_00.png,Anh
8f2a69e332d3b38deac2_crop_13_word_01.png,Trâm
8f2a69e332d3b38deac2_crop_13_word_02.png,Tường
8f2a69e332d3b38deac2_crop_14_word_00.png,Vy
8f2a69e332d3b38deac2_crop_14_word_01.png,Tường
8f2a69e332d3b38deac2_crop_15_word_00.png,Tường
8f2a69e332d3b38deac2_crop_15_word_01.png,Lan
951ac87a924a13144a5b_crop_01_word_00.png,Anh
951ac87a924a13144a5b_crop_01_word_01.png,Tú
951ac87a924a13144a5b_crop_01_word_02.png,Đỗ
951ac87a924a13144a5b_crop_01_word_03.png,Nguyễn
951ac87a924a13144a5b_crop_02_word_00.png,Chi
951ac87a924a13144a5b_crop_02_word_01.png,Trần
951ac87a924a13144a5b_crop_02_word_02.png,Đỗ
951ac87a924a13144a5b_crop_02_word_03.png,Thùy
951ac87a924a13144a5b_crop_03_word_00.png,Ngọc
951ac87a924a13144a5b_crop_03_word_01.png,Đỗ
951ac87a924a13144a5b_crop_03_word_02.png,Cao
951ac87a924a13144a5b_crop_03_word_03.png,Huyền
951ac87a924a13144a5b_crop_04_word_00.png,Trần
951ac87a924a13144a5b_crop_04_word_01.png,Bảo
951ac87a924a13144a5b_crop_04_word_02.png,Lan
951ac87a924a13144a5b_crop_04_word_03.png,Đỗ
951ac87a924a13144a5b_crop_05_word_00.png,Dung
951ac87a924a13144a5b_crop_05_word_01.png,Kiều
951ac87a924a13144a5b_crop_05_word_02.png,Ngọc
951ac87a924a13144a5b_crop_05_word_03.png,Đỗ
951ac87a924a13144a5b_crop_06_word_00.png,Đức
951ac87a924a13144a5b_crop_06_word_01.png,Ân
951ac87a924a13144a5b_crop_06_word_02.png,Đỗ
951ac87a924a13144a5b_crop_06_word_03.png,Thiên
951ac87a924a13144a5b_crop_07_word_00.png,Long
951ac87a924a13144a5b_crop_07_word_01.png,Ngọc
951ac87a924a13144a5b_crop_07_word_02.png,Đỗ
951ac87a924a13144a5b_crop_07_word_03.png,Vũ
951ac87a924a13144a5b_crop_08_word_00.png,Duy
951ac87a924a13144a5b_crop_08_word_01.png,Tuấn
951ac87a924a13144a5b_crop_08_word_02.png,Khang
951ac87a924a13144a5b_crop_08_word_03.png,Đỗ
951ac87a924a13144a5b_crop_09_word_00.png,Bảo
951ac87a924a13144a5b_crop_09_word_01.png,Phú
951ac87a924a13144a5b_crop_09_word_02.png,Thiên
951ac87a924a13144a5b_crop_09_word_03.png,Đỗ
951ac87a924a13144a5b_crop_10_word_00.png,Vũ
951ac87a924a13144a5b_crop_10_word_01.png,Anh
951ac87a924a13144a5b_crop_10_word_02.png,Tú
951ac87a924a13144a5b_crop_10_word_03.png,Giang
951ac87a924a13144a5b_crop_11_word_00.png,Đan
951ac87a924a13144a5b_crop_11_word_01.png,Yên
951ac87a924a13144a5b_crop_11_word_02.png,Vũ
951ac87a924a13144a5b_crop_11_word_03.png,Hà
951ac87a924a13144a5b_crop_12_word_00.png,Uyển
951ac87a924a13144a5b_crop_12_word_01.png,Hoàng
951ac87a924a13144a5b_crop_12_word_02.png,Vũ
951ac87a924a13144a5b_crop_12_word_03.png,Khanh
951ac87a924a13144a5b_crop_13_word_00.png,Gia
951ac87a924a13144a5b_crop_13_word_01.png,Bảo
951ac87a924a13144a5b_crop_13_word_02.png,Đỗ
951ac87a924a13144a5b_crop_13_word_03.png,Khiêm
951ac87a924a13144a5b_crop_14_word_00.png,Đan
951ac87a924a13144a5b_crop_14_word_01.png,Linh
951ac87a924a13144a5b_crop_14_word_02.png,Hà
951ac87a924a13144a5b_crop_14_word_03.png,Vũ
951ac87a924a13144a5b_crop_15_word_00.png,Bình
951ac87a924a13144a5b_crop_15_word_01.png,Thái
951ac87a924a13144a5b_crop_15_word_02.png,Vũ
951ac87a924a13144a5b_crop_15_word_03.png,Yên
9b043b556d7cec22b56d_crop_01_word_00.png,Anh
9b043b556d7cec22b56d_crop_01_word_01.png,Nguyễn
9b043b556d7cec22b56d_crop_01_word_02.png,Đỗ
9b043b556d7cec22b56d_crop_01_word_03.png,Tú
9b043b556d7cec22b56d_crop_02_word_00.png,Trần
9b043b556d7cec22b56d_crop_02_word_01.png,Chi
9b043b556d7cec22b56d_crop_02_word_02.png,Đỗ
9b043b556d7cec22b56d_crop_02_word_03.png,Thùy
9b043b556d7cec22b56d_crop_03_word_00.png,Ngọc
9b043b556d7cec22b56d_crop_03_word_01.png,Đỗ
9b043b556d7cec22b56d_crop_03_word_02.png,Cao
9b043b556d7cec22b56d_crop_03_word_03.png,Huyền
9b043b556d7cec22b56d_crop_04_word_00.png,Bảo
9b043b556d7cec22b56d_crop_04_word_01.png,Trần
9b043b556d7cec22b56d_crop_04_word_02.png,Lan
9b043b556d7cec22b56d_crop_04_word_03.png,Đỗ
9b043b556d7cec22b56d_crop_05_word_00.png,Dung
9b043b556d7cec22b56d_crop_05_word_01.png,Kiều
9b043b556d7cec22b56d_crop_05_word_02.png,Ngọc
9b043b556d7cec22b56d_crop_05_word_03.png,Đỗ
9b043b556d7cec22b56d_crop_06_word_00.png,Đức
9b043b556d7cec22b56d_crop_06_word_01.png,Ân
9b043b556d7cec22b56d_crop_06_word_02.png,Đỗ
9b043b556d7cec22b56d_crop_06_word_03.png,Thiên
9b043b556d7cec22b56d_crop_07_word_00.png,Long
9b043b556d7cec22b56d_crop_07_word_01.png,Ngọc
9b043b556d7cec22b56d_crop_07_word_02.png,Đỗ
9b043b556d7cec22b56d_crop_07_word_03.png,Vũ
9b043b556d7cec22b56d_crop_08_word_00.png,Duy
9b043b556d7cec22b56d_crop_08_word_01.png,Tuấn
9b043b556d7cec22b56d_crop_08_word_02.png,Đỗ
9b043b556d7cec22b56d_crop_08_word_03.png,Khang
9b043b556d7cec22b56d_crop_09_word_00.png,Bảo
9b043b556d7cec22b56d_crop_09_word_01.png,Phú
9b043b556d7cec22b56d_crop_09_word_02.png,Thiên
9b043b556d7cec22b56d_crop_09_word_03.png,Đỗ
9b043b556d7cec22b56d_crop_10_word_00.png,Anh
9b043b556d7cec22b56d_crop_10_word_01.png,Vũ
9b043b556d7cec22b56d_crop_10_word_02.png,Tú
9b043b556d7cec22b56d_crop_10_word_03.png,Giang
9b043b556d7cec22b56d_crop_11_word_00.png,Yên
9b043b556d7cec22b56d_crop_11_word_01.png,Đan
9b043b556d7cec22b56d_crop_11_word_02.png,Vũ
9b043b556d7cec22b56d_crop_11_word_03.png,Hà
9b043b556d7cec22b56d_crop_12_word_00.png,Uyển
9b043b556d7cec22b56d_crop_12_word_01.png,Hoàng
9b043b556d7cec22b56d_crop_12_word_02.png,Vũ
9b043b556d7cec22b56d_crop_12_word_03.png,Khanh
9b043b556d7cec22b56d_crop_13_word_00.png,Gia
9b043b556d7cec22b56d_crop_13_word_01.png,Bảo
9b043b556d7cec22b56d_crop_13_word_02.png,Đỗ
9b043b556d7cec22b56d_crop_13_word_03.png,Khiêm
9b043b556d7cec22b56d_crop_14_word_00.png,Đan
9b043b556d7cec22b56d_crop_14_word_01.png,Hà
9b043b556d7cec22b56d_crop_14_word_02.png,Vũ
9b043b556d7cec22b56d_crop_14_word_03.png,Linh
9b043b556d7cec22b56d_crop_15_word_00.png,Bình
9b043b556d7cec22b56d_crop_15_word_01.png,Vũ
9b043b556d7cec22b56d_crop_15_word_02.png,Yên
9b043b556d7cec22b56d_crop_15_word_03.png,Thái
9f28fde1a6d1278f7ec0_crop_01_word_00.png,Công
9f28fde1a6d1278f7ec0_crop_01_word_01.png,Trần
9f28fde1a6d1278f7ec0_crop_01_word_02.png,Duy
9f28fde1a6d1278f7ec0_crop_02_word_00.png,Văn
9f28fde1a6d1278f7ec0_crop_02_word_01.png,Trần
9f28fde1a6d1278f7ec0_crop_02_word_02.png,Lương
9f28fde1a6d1278f7ec0_crop_03_word_00.png,Minh
9f28fde1a6d1278f7ec0_crop_03_word_01.png,Quang
9f28fde1a6d1278f7ec0_crop_03_word_02.png,Lê
9f28fde1a6d1278f7ec0_crop_04_word_00.png,Trí
9f28fde1a6d1278f7ec0_crop_04_word_01.png,Thuần
9f28fde1a6d1278f7ec0_crop_04_word_02.png,Lương
9f28fde1a6d1278f7ec0_crop_05_word_00.png,Văn
9f28fde1a6d1278f7ec0_crop_05_word_01.png,Hoàng
9f28fde1a6d1278f7ec0_crop_05_word_02.png,Minh
9f28fde1a6d1278f7ec0_crop_06_word_00.png,Huy
9f28fde1a6d1278f7ec0_crop_06_word_01.png,Hiệu
9f28fde1a6d1278f7ec0_crop_06_word_02.png,Nguyễn
9f28fde1a6d1278f7ec0_crop_07_word_00.png,Vũ
9f28fde1a6d1278f7ec0_crop_07_word_01.png,Quốc
9f28fde1a6d1278f7ec0_crop_07_word_02.png,Cường
9f28fde1a6d1278f7ec0_crop_08_word_00.png,Sơn
9f28fde1a6d1278f7ec0_crop_08_word_01.png,Đào
9f28fde1a6d1278f7ec0_crop_08_word_02.png,Mai
9f28fde1a6d1278f7ec0_crop_09_word_00.png,Đức
9f28fde1a6d1278f7ec0_crop_09_word_01.png,Nông
9f28fde1a6d1278f7ec0_crop_09_word_02.png,Trình
9f28fde1a6d1278f7ec0_crop_10_word_00.png,Vỹ
9f28fde1a6d1278f7ec0_crop_10_word_01.png,Trần
9f28fde1a6d1278f7ec0_crop_10_word_02.png,Triệu
9f28fde1a6d1278f7ec0_crop_11_word_00.png,Ngọc
9f28fde1a6d1278f7ec0_crop_11_word_01.png,Trinh
9f28fde1a6d1278f7ec0_crop_11_word_02.png,Đào
9f28fde1a6d1278f7ec0_crop_12_word_00.png,Văn
9f28fde1a6d1278f7ec0_crop_12_word_01.png,Ngô
9f28fde1a6d1278f7ec0_crop_12_word_02.png,Giang
9f28fde1a6d1278f7ec0_crop_13_word_00.png,Quý
9f28fde1a6d1278f7ec0_crop_13_word_01.png,Nguyễn
9f28fde1a6d1278f7ec0_crop_13_word_02.png,Phú
9f28fde1a6d1278f7ec0_crop_14_word_00.png,Anh
9f28fde1a6d1278f7ec0_crop_14_word_01.png,Nguyễn
9f28fde1a6d1278f7ec0_crop_14_word_02.png,Thế
9f28fde1a6d1278f7ec0_crop_15_word_00.png,Hoàng
9f28fde1a6d1278f7ec0_crop_15_word_01.png,Đặng
9f28fde1a6d1278f7ec0_crop_15_word_02.png,Đức
a09290c6caf64ba812e7_crop_01_word_00.png,Ngọc
a09290c6caf64ba812e7_crop_01_word_01.png,Hải
a09290c6caf64ba812e7_crop_01_word_02.png,Quế
a09290c6caf64ba812e7_crop_02_word_00.png,Xuân
a09290c6caf64ba812e7_crop_02_word_01.png,Phạm
a09290c6caf64ba812e7_crop_02_word_02.png,Mạnh
a09290c6caf64ba812e7_crop_03_word_00.png,Đức
a09290c6caf64ba812e7_crop_03_word_01.png,Văn
a09290c6caf64ba812e7_crop_03_word_02.png,Phan
a09290c6caf64ba812e7_crop_04_word_00.png,Văn
a09290c6caf64ba812e7_crop_04_word_01.png,Sơn
a09290c6caf64ba812e7_crop_04_word_02.png,Sỹ
a09290c6caf64ba812e7_crop_05_word_00.png,Minh
a09290c6caf64ba812e7_crop_05_word_01.png,Anh
a09290c6caf64ba812e7_crop_05_word_02.png,Nguyễn
a09290c6caf64ba812e7_crop_05_word_03.png,Lê
a09290c6caf64ba812e7_crop_06_word_00.png,Kiều
a09290c6caf64ba812e7_crop_06_word_01.png,Nguyệt
a09290c6caf64ba812e7_crop_06_word_02.png,Cầm
a09290c6caf64ba812e7_crop_06_word_03.png,Hoàng
a09290c6caf64ba812e7_crop_07_word_00.png,Tuệ
a09290c6caf64ba812e7_crop_07_word_01.png,Anh
a09290c6caf64ba812e7_crop_07_word_02.png,Phương
a09290c6caf64ba812e7_crop_07_word_03.png,Lê
a09290c6caf64ba812e7_crop_08_word_00.png,Trần
a09290c6caf64ba812e7_crop_08_word_01.png,Kiều
a09290c6caf64ba812e7_crop_08_word_02.png,Hạnh
a09290c6caf64ba812e7_crop_08_word_03.png,Dung
a09290c6caf64ba812e7_crop_09_word_00.png,Ngọc
a09290c6caf64ba812e7_crop_09_word_01.png,Lam
a09290c6caf64ba812e7_crop_09_word_02.png,Tường
a09290c6caf64ba812e7_crop_09_word_03.png,Phạm
a09290c6caf64ba812e7_crop_10_word_00.png,Anh
a09290c6caf64ba812e7_crop_10_word_01.png,Hoàng
a09290c6caf64ba812e7_crop_10_word_02.png,Hữu
a09290c6caf64ba812e7_crop_10_word_03.png,Hải
a09290c6caf64ba812e7_crop_10_word_04.png,Nguyễn
a09290c6caf64ba812e7_crop_11_word_00.png,Chi
a09290c6caf64ba812e7_crop_11_word_01.png,Mai
a09290c6caf64ba812e7_crop_11_word_02.png,Ngọc
a09290c6caf64ba812e7_crop_11_word_03.png,Vũ
a09290c6caf64ba812e7_crop_12_word_00.png,Chi
a09290c6caf64ba812e7_crop_12_word_01.png,Uyển
a09290c6caf64ba812e7_crop_12_word_02.png,Đỗ
a09290c6caf64ba812e7_crop_13_word_00.png,Gia
a09290c6caf64ba812e7_crop_13_word_01.png,Nguyễn
a09290c6caf64ba812e7_crop_13_word_02.png,Khải
a09290c6caf64ba812e7_crop_13_word_03.png,Hoàng
a09290c6caf64ba812e7_crop_14_word_00.png,Anh
a09290c6caf64ba812e7_crop_14_word_01.png,Đức
a09290c6caf64ba812e7_crop_14_word_02.png,Gia
a09290c6caf64ba812e7_crop_14_word_03.png,Nguyễn
a09290c6caf64ba812e7_crop_15_word_00.png,Minh
a09290c6caf64ba812e7_crop_15_word_01.png,Đăng
a09290c6caf64ba812e7_crop_15_word_02.png,Thái
a09290c6caf64ba812e7_crop_15_word_03.png,Hoàng
a2276d281e189f46c609_crop_01_word_00.png,Văn
a2276d281e189f46c609_crop_01_word_01.png,Nam
a2276d281e189f46c609_crop_01_word_02.png,Nguyễn
a2276d281e189f46c609_crop_02_word_00.png,Phương
a2276d281e189f46c609_crop_02_word_01.png,Nam
a2276d281e189f46c609_crop_02_word_02.png,Phạm
a2276d281e189f46c609_crop_03_word_00.png,Quốc
a2276d281e189f46c609_crop_03_word_01.png,Dương
a2276d281e189f46c609_crop_03_word_02.png,Hoàng
a2276d281e189f46c609_crop_04_word_00.png,Tuấn
a2276d281e189f46c609_crop_04_word_01.png,Anh
a2276d281e189f46c609_crop_04_word_02.png,Nguyễn
a2276d281e189f46c609_crop_05_word_00.png,Đặng
a2276d281e189f46c609_crop_05_word_01.png,Kiên
a2276d281e189f46c609_crop_05_word_02.png,Thành
a2276d281e189f46c609_crop_06_word_00.png,Đăng
a2276d281e189f46c609_crop_06_word_01.png,Trần
a2276d281e189f46c609_crop_06_word_02.png,Văn
a2276d281e189f46c609_crop_07_word_00.png,Hải
a2276d281e189f46c609_crop_07_word_01.png,Quang
a2276d281e189f46c609_crop_07_word_02.png,Nguyễn
a2276d281e189f46c609_crop_08_word_00.png,Đặng
a2276d281e189f46c609_crop_08_word_01.png,Lâm
a2276d281e189f46c609_crop_08_word_02.png,Văn
a2276d281e189f46c609_crop_09_word_00.png,Bùi
a2276d281e189f46c609_crop_09_word_01.png,Tuấn
a2276d281e189f46c609_crop_09_word_02.png,Anh
a2276d281e189f46c609_crop_10_word_00.png,Linh
a2276d281e189f46c609_crop_10_word_01.png,Thị
a2276d281e189f46c609_crop_10_word_02.png,Phạm
a2276d281e189f46c609_crop_10_word_03.png,Khánh
a2276d281e189f46c609_crop_11_word_00.png,Đào
a2276d281e189f46c609_crop_11_word_01.png,Đào
a2276d281e189f46c609_crop_11_word_02.png,Anh
a2276d281e189f46c609_crop_11_word_03.png,Phương
a2276d281e189f46c609_crop_12_word_00.png,Quyết
a2276d281e189f46c609_crop_12_word_01.png,Trần
a2276d281e189f46c609_crop_12_word_02.png,Chiến
a2276d281e189f46c609_crop_13_word_00.png,Văn
a2276d281e189f46c609_crop_13_word_01.png,Nam
a2276d281e189f46c609_crop_13_word_02.png,Hoàng
a2276d281e189f46c609_crop_14_word_00.png,Dũng
a2276d281e189f46c609_crop_14_word_01.png,Đỗ
a2276d281e189f46c609_crop_14_word_02.png,Hùng
a2276d281e189f46c609_crop_15_word_00.png,Liệu
a2276d281e189f46c609_crop_15_word_01.png,Nguyễn
a7c34ea6149695c8cc87_crop_01_word_00.png,Mai
a7c34ea6149695c8cc87_crop_01_word_01.png,Thúc
a7c34ea6149695c8cc87_crop_01_word_02.png,Loan
a7c34ea6149695c8cc87_crop_02_word_00.png,Sơn
a7c34ea6149695c8cc87_crop_02_word_01.png,Đinh
a7c34ea6149695c8cc87_crop_02_word_02.png,Nguyễn
a7c34ea6149695c8cc87_crop_03_word_00.png,Linh
a7c34ea6149695c8cc87_crop_03_word_01.png,Lê
a7c34ea6149695c8cc87_crop_03_word_02.png,Khánh
a7c34ea6149695c8cc87_crop_04_word_00.png,Loan
a7c34ea6149695c8cc87_crop_04_word_01.png,Khánh
a7c34ea6149695c8cc87_crop_04_word_02.png,Thị
a7c34ea6149695c8cc87_crop_04_word_03.png,Hồ
a7c34ea6149695c8cc87_crop_05_word_00.png,Trúc
a7c34ea6149695c8cc87_crop_05_word_01.png,Quỳnh
a7c34ea6149695c8cc87_crop_05_word_02.png,Nguyễn
a7c34ea6149695c8cc87_crop_05_word_03.png,Mai
a7c34ea6149695c8cc87_crop_06_word_00.png,Hưng
a7c34ea6149695c8cc87_crop_06_word_01.png,Khánh
a7c34ea6149695c8cc87_crop_06_word_02.png,Duy
a7c34ea6149695c8cc87_crop_06_word_03.png,Nguyễn
a7c34ea6149695c8cc87_crop_07_word_00.png,Cảnh
a7c34ea6149695c8cc87_crop_07_word_01.png,Toàn
a7c34ea6149695c8cc87_crop_07_word_02.png,Minh
a7c34ea6149695c8cc87_crop_07_word_03.png,Nguyễn
a7c34ea6149695c8cc87_crop_08_word_00.png,Dao
a7c34ea6149695c8cc87_crop_08_word_01.png,Nhã
a7c34ea6149695c8cc87_crop_08_word_02.png,Trần
a7c34ea6149695c8cc87_crop_08_word_03.png,Quỳnh
a7c34ea6149695c8cc87_crop_09_word_00.png,Phát
a7c34ea6149695c8cc87_crop_09_word_01.png,Nam
a7c34ea6149695c8cc87_crop_09_word_02.png,Trần
a7c34ea6149695c8cc87_crop_09_word_03.png,Tấn
a7c34ea6149695c8cc87_crop_10_word_00.png,Kiều
a7c34ea6149695c8cc87_crop_10_word_01.png,Lê
a7c34ea6149695c8cc87_crop_10_word_02.png,Di
a7c34ea6149695c8cc87_crop_10_word_03.png,Băng
a7c34ea6149695c8cc87_crop_11_word_00.png,San
a7c34ea6149695c8cc87_crop_11_word_01.png,Vy
a7c34ea6149695c8cc87_crop_11_word_02.png,Thục
a7c34ea6149695c8cc87_crop_11_word_03.png,Lê
a7c34ea6149695c8cc87_crop_12_word_00.png,Minh
a7c34ea6149695c8cc87_crop_12_word_01.png,Khánh
a7c34ea6149695c8cc87_crop_12_word_02.png,Nhật
a7c34ea6149695c8cc87_crop_12_word_03.png,Lê
a7c34ea6149695c8cc87_crop_13_word_00.png,Phúc
a7c34ea6149695c8cc87_crop_13_word_01.png,Uyên
a7c34ea6149695c8cc87_crop_13_word_02.png,Phạm
a7c34ea6149695c8cc87_crop_13_word_03.png,Phương
a7c34ea6149695c8cc87_crop_14_word_00.png,Đăng
a7c34ea6149695c8cc87_crop_14_word_01.png,Tuệ
a7c34ea6149695c8cc87_crop_14_word_02.png,Phạm
a7c34ea6149695c8cc87_crop_14_word_03.png,Hoàng
a7c34ea6149695c8cc87_crop_15_word_00.png,Như
a7c34ea6149695c8cc87_crop_15_word_01.png,Liên
a7c34ea6149695c8cc87_crop_15_word_02.png,Đinh
a7c34ea6149695c8cc87_crop_15_word_03.png,Ngọc
a7f96f9c35acb4f2edbd_crop_01_word_00.png,Ngọc
a7f96f9c35acb4f2edbd_crop_01_word_01.png,Khánh
a7f96f9c35acb4f2edbd_crop_01_word_02.png,Bùi
a7f96f9c35acb4f2edbd_crop_01_word_03.png,Huyền
a7f96f9c35acb4f2edbd_crop_02_word_00.png,Diệp
a7f96f9c35acb4f2edbd_crop_02_word_01.png,Bùi
a7f96f9c35acb4f2edbd_crop_02_word_02.png,Mỹ
a7f96f9c35acb4f2edbd_crop_02_word_03.png,Anh
a7f96f9c35acb4f2edbd_crop_03_word_00.png,Bùi
a7f96f9c35acb4f2edbd_crop_03_word_01.png,Duy
a7f96f9c35acb4f2edbd_crop_03_word_02.png,Võ
a7f96f9c35acb4f2edbd_crop_03_word_03.png,Đức
a7f96f9c35acb4f2edbd_crop_04_word_00.png,Ngọc
a7f96f9c35acb4f2edbd_crop_04_word_01.png,Bùi
a7f96f9c35acb4f2edbd_crop_04_word_02.png,Minh
a7f96f9c35acb4f2edbd_crop_04_word_03.png,Trung
a7f96f9c35acb4f2edbd_crop_05_word_00.png,Anh
a7f96f9c35acb4f2edbd_crop_05_word_01.png,Duy
a7f96f9c35acb4f2edbd_crop_05_word_02.png,Bùi
a7f96f9c35acb4f2edbd_crop_05_word_03.png,Tuấn
a7f96f9c35acb4f2edbd_crop_06_word_00.png,Nhật
a7f96f9c35acb4f2edbd_crop_06_word_01.png,Minh
a7f96f9c35acb4f2edbd_crop_06_word_02.png,Dương
a7f96f9c35acb4f2edbd_crop_06_word_03.png,Lê
a7f96f9c35acb4f2edbd_crop_07_word_00.png,Dương
a7f96f9c35acb4f2edbd_crop_07_word_01.png,Mỹ
a7f96f9c35acb4f2edbd_crop_07_word_02.png,Trà
a7f96f9c35acb4f2edbd_crop_07_word_03.png,Ái
a7f96f9c35acb4f2edbd_crop_08_word_00.png,Dương
a7f96f9c35acb4f2edbd_crop_08_word_01.png,Hà
a7f96f9c35acb4f2edbd_crop_08_word_02.png,Băng
a7f96f9c35acb4f2edbd_crop_08_word_03.png,Tuyết
a7f96f9c35acb4f2edbd_crop_09_word_00.png,Dương
a7f96f9c35acb4f2edbd_crop_09_word_01.png,Anh
a7f96f9c35acb4f2edbd_crop_09_word_02.png,Minh
a7f96f9c35acb4f2edbd_crop_09_word_03.png,Lê
a7f96f9c35acb4f2edbd_crop_10_word_00.png,Trọng
a7f96f9c35acb4f2edbd_crop_10_word_01.png,Phúc
a7f96f9c35acb4f2edbd_crop_10_word_02.png,Dương
a7f96f9c35acb4f2edbd_crop_10_word_03.png,Huỳnh
a7f96f9c35acb4f2edbd_crop_11_word_00.png,Khánh
a7f96f9c35acb4f2edbd_crop_11_word_01.png,Trần
a7f96f9c35acb4f2edbd_crop_11_word_02.png,Vân
a7f96f9c35acb4f2edbd_crop_11_word_03.png,Hoàng
a7f96f9c35acb4f2edbd_crop_12_word_00.png,Ngọc
a7f96f9c35acb4f2edbd_crop_12_word_01.png,Khánh
a7f96f9c35acb4f2edbd_crop_12_word_02.png,Hoàng
a7f96f9c35acb4f2edbd_crop_13_word_00.png,Đông
a7f96f9c35acb4f2edbd_crop_13_word_01.png,Hoàng
a7f96f9c35acb4f2edbd_crop_13_word_02.png,Huỳnh
a7f96f9c35acb4f2edbd_crop_13_word_03.png,Nghi
a7f96f9c35acb4f2edbd_crop_14_word_00.png,Đắc
a7f96f9c35acb4f2edbd_crop_14_word_01.png,Thanh
a7f96f9c35acb4f2edbd_crop_14_word_02.png,Hoàng
a7f96f9c35acb4f2edbd_crop_14_word_03.png,Tâm
a7f96f9c35acb4f2edbd_crop_15_word_00.png,Hoàng
a7f96f9c35acb4f2edbd_crop_15_word_01.png,Phước
a7f96f9c35acb4f2edbd_crop_15_word_02.png,Tín
a7f96f9c35acb4f2edbd_crop_15_word_03.png,Phong
af759c17c62747791e36_crop_01_word_00.png,Lâm
af759c17c62747791e36_crop_01_word_01.png,Tùng
af759c17c62747791e36_crop_01_word_02.png,Nguyễn
af759c17c62747791e36_crop_02_word_00.png,Trang
af759c17c62747791e36_crop_02_word_01.png,Thị
af759c17c62747791e36_crop_02_word_02.png,Thúy
af759c17c62747791e36_crop_02_word_03.png,Vũ
af759c17c62747791e36_crop_03_word_00.png,Hằng
af759c17c62747791e36_crop_03_word_01.png,Vũ
af759c17c62747791e36_crop_03_word_02.png,Nga
af759c17c62747791e36_crop_03_word_03.png,Thanh
af759c17c62747791e36_crop_04_word_00.png,Nga
af759c17c62747791e36_crop_04_word_01.png,Thúy
af759c17c62747791e36_crop_04_word_02.png,Hoàng
af759c17c62747791e36_crop_05_word_00.png,Tâm
af759c17c62747791e36_crop_05_word_01.png,Văn
af759c17c62747791e36_crop_05_word_02.png,Trần
af759c17c62747791e36_crop_05_word_03.png,Lương
af759c17c62747791e36_crop_06_word_00.png,Trình
af759c17c62747791e36_crop_06_word_01.png,Đức
af759c17c62747791e36_crop_06_word_02.png,Nông
af759c17c62747791e36_crop_07_word_00.png,Hải
af759c17c62747791e36_crop_07_word_01.png,Thị
af759c17c62747791e36_crop_07_word_02.png,Yến
af759c17c62747791e36_crop_07_word_03.png,Nguyễn
af759c17c62747791e36_crop_08_word_00.png,Thị
af759c17c62747791e36_crop_08_word_01.png,Thảo
af759c17c62747791e36_crop_08_word_02.png,Huyền
af759c17c62747791e36_crop_08_word_03.png,Phạm
af759c17c62747791e36_crop_09_word_00.png,Lan
af759c17c62747791e36_crop_09_word_01.png,Trần
af759c17c62747791e36_crop_09_word_02.png,Phương
af759c17c62747791e36_crop_10_word_00.png,Thị
af759c17c62747791e36_crop_10_word_01.png,Nụ
af759c17c62747791e36_crop_10_word_02.png,Nguyễn
af759c17c62747791e36_crop_11_word_00.png,Nga
af759c17c62747791e36_crop_11_word_01.png,Thị
af759c17c62747791e36_crop_11_word_02.png,Thu
af759c17c62747791e36_crop_11_word_03.png,Nguyễn
af759c17c62747791e36_crop_12_word_00.png,Trần
af759c17c62747791e36_crop_12_word_01.png,Duy
af759c17c62747791e36_crop_12_word_02.png,Công
af759c17c62747791e36_crop_13_word_00.png,Dương
af759c17c62747791e36_crop_13_word_01.png,Tuấn
af759c17c62747791e36_crop_13_word_02.png,Phan
af759c17c62747791e36_crop_14_word_00.png,Phạm
af759c17c62747791e36_crop_14_word_01.png,Nam
af759c17c62747791e36_crop_14_word_02.png,Văn
af759c17c62747791e36_crop_15_word_00.png,Cường
af759c17c62747791e36_crop_15_word_01.png,Cát
af759c17c62747791e36_crop_15_word_02.png,Vũ
af759c17c62747791e36_crop_15_word_03.png,Quốc
afad20cc7afcfba2a2ed_crop_01_word_00.png,Phương
afad20cc7afcfba2a2ed_crop_01_word_01.png,Ly
afad20cc7afcfba2a2ed_crop_01_word_02.png,Hà
afad20cc7afcfba2a2ed_crop_02_word_00.png,Ngọc
afad20cc7afcfba2a2ed_crop_02_word_01.png,Minh
afad20cc7afcfba2a2ed_crop_02_word_02.png,Phương
afad20cc7afcfba2a2ed_crop_03_word_00.png,Bảo
afad20cc7afcfba2a2ed_crop_03_word_01.png,Phương
afad20cc7afcfba2a2ed_crop_03_word_02.png,Thanh
afad20cc7afcfba2a2ed_crop_04_word_00.png,Ngọc
afad20cc7afcfba2a2ed_crop_04_word_01.png,Phương
afad20cc7afcfba2a2ed_crop_04_word_02.png,Tâm
afad20cc7afcfba2a2ed_crop_05_word_00.png,Trúc
afad20cc7afcfba2a2ed_crop_05_word_01.png,Đào
afad20cc7afcfba2a2ed_crop_05_word_02.png,Phương
afad20cc7afcfba2a2ed_crop_06_word_00.png,Đan
afad20cc7afcfba2a2ed_crop_06_word_01.png,Cát
afad20cc7afcfba2a2ed_crop_06_word_02.png,Yên
afad20cc7afcfba2a2ed_crop_07_word_00.png,Cát
afad20cc7afcfba2a2ed_crop_07_word_01.png,Hải
afad20cc7afcfba2a2ed_crop_07_word_02.png,Đường
afad20cc7afcfba2a2ed_crop_08_word_00.png,Yên
afad20cc7afcfba2a2ed_crop_08_word_01.png,Cát
afad20cc7afcfba2a2ed_crop_08_word_02.png,Tường
afad20cc7afcfba2a2ed_crop_09_word_00.png,Nhã
afad20cc7afcfba2a2ed_crop_09_word_01.png,Cát
afad20cc7afcfba2a2ed_crop_09_word_02.png,Phương
afad20cc7afcfba2a2ed_crop_10_word_00.png,Anh
afad20cc7afcfba2a2ed_crop_10_word_01.png,Diệu
afad20cc7afcfba2a2ed_crop_10_word_02.png,Cát
afad20cc7afcfba2a2ed_crop_11_word_00.png,Dung
afad20cc7afcfba2a2ed_crop_11_word_01.png,Kim
afad20cc7afcfba2a2ed_crop_11_word_02.png,Thanh
afad20cc7afcfba2a2ed_crop_12_word_00.png,Kim
afad20cc7afcfba2a2ed_crop_12_word_01.png,Ngọc
afad20cc7afcfba2a2ed_crop_12_word_02.png,Lan
afad20cc7afcfba2a2ed_crop_13_word_00.png,Ngọc
afad20cc7afcfba2a2ed_crop_13_word_01.png,Kim
afad20cc7afcfba2a2ed_crop_13_word_02.png,Trinh
afad20cc7afcfba2a2ed_crop_14_word_00.png,Vân
afad20cc7afcfba2a2ed_crop_14_word_01.png,Kim
afad20cc7afcfba2a2ed_crop_14_word_02.png,Thanh
afad20cc7afcfba2a2ed_crop_15_word_00.png,Diệu
afad20cc7afcfba2a2ed_crop_15_word_01.png,Kim
afad20cc7afcfba2a2ed_crop_15_word_02.png,Hiền
b068b238e411654f3c00_crop_01_word_00.png,Văn
b068b238e411654f3c00_crop_01_word_01.png,Nguyễn
b068b238e411654f3c00_crop_01_word_02.png,Nam
b068b238e411654f3c00_crop_02_word_00.png,Phương
b068b238e411654f3c00_crop_02_word_01.png,Nam
b068b238e411654f3c00_crop_02_word_02.png,Phạm
b068b238e411654f3c00_crop_03_word_00.png,Hoàng
b068b238e411654f3c00_crop_03_word_01.png,Dương
b068b238e411654f3c00_crop_03_word_02.png,Quốc
b068b238e411654f3c00_crop_04_word_00.png,Tuấn
b068b238e411654f3c00_crop_04_word_01.png,Anh
b068b238e411654f3c00_crop_04_word_02.png,Nguyễn
b068b238e411654f3c00_crop_05_word_00.png,Đặng
b068b238e411654f3c00_crop_05_word_01.png,Kiên
b068b238e411654f3c00_crop_05_word_02.png,Thành
b068b238e411654f3c00_crop_06_word_00.png,Trần
b068b238e411654f3c00_crop_06_word_01.png,Đăng
b068b238e411654f3c00_crop_06_word_02.png,Văn
b068b238e411654f3c00_crop_07_word_00.png,Nguyễn
b068b238e411654f3c00_crop_07_word_01.png,Hải
b068b238e411654f3c00_crop_07_word_02.png,Quang
b068b238e411654f3c00_crop_08_word_00.png,Lâm
b068b238e411654f3c00_crop_08_word_01.png,Đặng
b068b238e411654f3c00_crop_08_word_02.png,Văn
b068b238e411654f3c00_crop_09_word_00.png,Bùi
b068b238e411654f3c00_crop_09_word_01.png,Tuấn
b068b238e411654f3c00_crop_09_word_02.png,Anh
b068b238e411654f3c00_crop_10_word_00.png,Thị
b068b238e411654f3c00_crop_10_word_01.png,Linh
b068b238e411654f3c00_crop_10_word_02.png,Phạm
b068b238e411654f3c00_crop_10_word_03.png,Khánh
b068b238e411654f3c00_crop_11_word_00.png,Đào
b068b238e411654f3c00_crop_11_word_01.png,Đào
b068b238e411654f3c00_crop_11_word_02.png,Anh
b068b238e411654f3c00_crop_11_word_03.png,Phương
b068b238e411654f3c00_crop_12_word_00.png,Quyết
b068b238e411654f3c00_crop_12_word_01.png,Trần
b068b238e411654f3c00_crop_12_word_02.png,Chiến
b068b238e411654f3c00_crop_13_word_00.png,Nam
b068b238e411654f3c00_crop_13_word_01.png,Văn
b068b238e411654f3c00_crop_13_word_02.png,Hoàng
b068b238e411654f3c00_crop_14_word_00.png,Dũng
b068b238e411654f3c00_crop_14_word_01.png,Đỗ
b068b238e411654f3c00_crop_14_word_02.png,Hùng
b068b238e411654f3c00_crop_15_word_00.png,Liệu
b068b238e411654f3c00_crop_15_word_01.png,Nguyễn
b65cb20ce425657b3c34_crop_01_word_00.png,Ngọc
b65cb20ce425657b3c34_crop_01_word_01.png,Hải
b65cb20ce425657b3c34_crop_01_word_02.png,Quế
b65cb20ce425657b3c34_crop_02_word_00.png,Xuân
b65cb20ce425657b3c34_crop_02_word_01.png,Mạnh
b65cb20ce425657b3c34_crop_02_word_02.png,Phạm
b65cb20ce425657b3c34_crop_03_word_00.png,Văn
b65cb20ce425657b3c34_crop_03_word_01.png,Đức
b65cb20ce425657b3c34_crop_03_word_02.png,Phan
b65cb20ce425657b3c34_crop_04_word_00.png,Văn
b65cb20ce425657b3c34_crop_04_word_01.png,Sơn
b65cb20ce425657b3c34_crop_04_word_02.png,Sỹ
b65cb20ce425657b3c34_crop_05_word_00.png,Minh
b65cb20ce425657b3c34_crop_05_word_01.png,Nguyễn
b65cb20ce425657b3c34_crop_05_word_02.png,Anh
b65cb20ce425657b3c34_crop_05_word_03.png,Lê
b65cb20ce425657b3c34_crop_06_word_00.png,Kiều
b65cb20ce425657b3c34_crop_06_word_01.png,Cầm
b65cb20ce425657b3c34_crop_06_word_02.png,Nguyệt
b65cb20ce425657b3c34_crop_06_word_03.png,Hoàng
b65cb20ce425657b3c34_crop_07_word_00.png,Anh
b65cb20ce425657b3c34_crop_07_word_01.png,Tuệ
b65cb20ce425657b3c34_crop_07_word_02.png,Phương
b65cb20ce425657b3c34_crop_07_word_03.png,Lê
b65cb20ce425657b3c34_crop_08_word_00.png,Kiều
b65cb20ce425657b3c34_crop_08_word_01.png,Hạnh
b65cb20ce425657b3c34_crop_08_word_02.png,Trần
b65cb20ce425657b3c34_crop_08_word_03.png,Dung
b65cb20ce425657b3c34_crop_09_word_00.png,Ngọc
b65cb20ce425657b3c34_crop_09_word_01.png,Lam
b65cb20ce425657b3c34_crop_09_word_02.png,Phạm
b65cb20ce425657b3c34_crop_09_word_03.png,Tường
b65cb20ce425657b3c34_crop_10_word_00.png,Anh
b65cb20ce425657b3c34_crop_10_word_01.png,Hoàng
b65cb20ce425657b3c34_crop_10_word_02.png,Hữu
b65cb20ce425657b3c34_crop_10_word_03.png,Hải
b65cb20ce425657b3c34_crop_10_word_04.png,Nguyễn
b65cb20ce425657b3c34_crop_11_word_00.png,Chi
b65cb20ce425657b3c34_crop_11_word_01.png,Ngọc
b65cb20ce425657b3c34_crop_11_word_02.png,Vũ
b65cb20ce425657b3c34_crop_11_word_03.png,Mai
b65cb20ce425657b3c34_crop_12_word_00.png,Uyển
b65cb20ce425657b3c34_crop_12_word_01.png,Chi
b65cb20ce425657b3c34_crop_12_word_02.png,Đỗ
b65cb20ce425657b3c34_crop_13_word_00.png,Gia
b65cb20ce425657b3c34_crop_13_word_01.png,Nguyễn
b65cb20ce425657b3c34_crop_13_word_02.png,Khải
b65cb20ce425657b3c34_crop_13_word_03.png,Hoàng
b65cb20ce425657b3c34_crop_14_word_00.png,Đức
b65cb20ce425657b3c34_crop_14_word_01.png,Anh
b65cb20ce425657b3c34_crop_14_word_02.png,Gia
b65cb20ce425657b3c34_crop_14_word_03.png,Nguyễn
b65cb20ce425657b3c34_crop_15_word_00.png,Minh
b65cb20ce425657b3c34_crop_15_word_01.png,Đăng
b65cb20ce425657b3c34_crop_15_word_02.png,Thái
b65cb20ce425657b3c34_crop_15_word_03.png,Hoàng
b9186cb63786b6d8ef97_crop_01_word_00.png,Ngọc
b9186cb63786b6d8ef97_crop_01_word_01.png,Khánh
b9186cb63786b6d8ef97_crop_01_word_02.png,Bùi
b9186cb63786b6d8ef97_crop_01_word_03.png,Huyền
b9186cb63786b6d8ef97_crop_02_word_00.png,Bùi
b9186cb63786b6d8ef97_crop_02_word_01.png,Diệp
b9186cb63786b6d8ef97_crop_02_word_02.png,Mỹ
b9186cb63786b6d8ef97_crop_02_word_03.png,Anh
b9186cb63786b6d8ef97_crop_03_word_00.png,Bùi
b9186cb63786b6d8ef97_crop_03_word_01.png,Duy
b9186cb63786b6d8ef97_crop_03_word_02.png,Võ
b9186cb63786b6d8ef97_crop_03_word_03.png,Đức
b9186cb63786b6d8ef97_crop_04_word_00.png,Ngọc
b9186cb63786b6d8ef97_crop_04_word_01.png,Bùi
b9186cb63786b6d8ef97_crop_04_word_02.png,Minh
b9186cb63786b6d8ef97_crop_04_word_03.png,Trung
b9186cb63786b6d8ef97_crop_05_word_00.png,Anh
b9186cb63786b6d8ef97_crop_05_word_01.png,Duy
b9186cb63786b6d8ef97_crop_05_word_02.png,Bùi
b9186cb63786b6d8ef97_crop_05_word_03.png,Tuấn
b9186cb63786b6d8ef97_crop_06_word_00.png,Nhật
b9186cb63786b6d8ef97_crop_06_word_01.png,Minh
b9186cb63786b6d8ef97_crop_06_word_02.png,Dương
b9186cb63786b6d8ef97_crop_06_word_03.png,Lê
b9186cb63786b6d8ef97_crop_07_word_00.png,Dương
b9186cb63786b6d8ef97_crop_07_word_01.png,Mỹ
b9186cb63786b6d8ef97_crop_07_word_02.png,Trà
b9186cb63786b6d8ef97_crop_07_word_03.png,Ái
b9186cb63786b6d8ef97_crop_08_word_00.png,Dương
b9186cb63786b6d8ef97_crop_08_word_01.png,Băng
b9186cb63786b6d8ef97_crop_08_word_02.png,Hà
b9186cb63786b6d8ef97_crop_08_word_03.png,Tuyết
b9186cb63786b6d8ef97_crop_09_word_00.png,Dương
b9186cb63786b6d8ef97_crop_09_word_01.png,Minh
b9186cb63786b6d8ef97_crop_09_word_02.png,Anh
b9186cb63786b6d8ef97_crop_09_word_03.png,Lê
b9186cb63786b6d8ef97_crop_10_word_00.png,Phúc
b9186cb63786b6d8ef97_crop_10_word_01.png,Trọng
b9186cb63786b6d8ef97_crop_10_word_02.png,Dương
b9186cb63786b6d8ef97_crop_10_word_03.png,Huỳnh
b9186cb63786b6d8ef97_crop_11_word_00.png,Khánh
b9186cb63786b6d8ef97_crop_11_word_01.png,Trần
b9186cb63786b6d8ef97_crop_11_word_02.png,Vân
b9186cb63786b6d8ef97_crop_11_word_03.png,Hoàng
b9186cb63786b6d8ef97_crop_12_word_00.png,Ngọc
b9186cb63786b6d8ef97_crop_12_word_01.png,Khánh
b9186cb63786b6d8ef97_crop_12_word_02.png,Hoàng
b9186cb63786b6d8ef97_crop_13_word_00.png,Đông
b9186cb63786b6d8ef97_crop_13_word_01.png,Hoàng
b9186cb63786b6d8ef97_crop_13_word_02.png,Huỳnh
b9186cb63786b6d8ef97_crop_13_word_03.png,Nghi
b9186cb63786b6d8ef97_crop_14_word_00.png,Đắc
b9186cb63786b6d8ef97_crop_14_word_01.png,Thanh
b9186cb63786b6d8ef97_crop_14_word_02.png,Tâm
b9186cb63786b6d8ef97_crop_14_word_03.png,Hoàng
b9186cb63786b6d8ef97_crop_15_word_00.png,Hoàng
b9186cb63786b6d8ef97_crop_15_word_01.png,Tín
b9186cb63786b6d8ef97_crop_15_word_02.png,Phước
b9186cb63786b6d8ef97_crop_15_word_03.png,Phong
b94eaf76f95f7801214e_crop_01_word_00.png,Văn
b94eaf76f95f7801214e_crop_01_word_01.png,Nguyễn
b94eaf76f95f7801214e_crop_01_word_02.png,Nam
b94eaf76f95f7801214e_crop_02_word_00.png,Phương
b94eaf76f95f7801214e_crop_02_word_01.png,Phạm
b94eaf76f95f7801214e_crop_02_word_02.png,Nam
b94eaf76f95f7801214e_crop_03_word_00.png,Dương
b94eaf76f95f7801214e_crop_03_word_01.png,Quốc
b94eaf76f95f7801214e_crop_03_word_02.png,Hoàng
b94eaf76f95f7801214e_crop_04_word_00.png,Tuấn
b94eaf76f95f7801214e_crop_04_word_01.png,Anh
b94eaf76f95f7801214e_crop_04_word_02.png,Nguyễn
b94eaf76f95f7801214e_crop_05_word_00.png,Đặng
b94eaf76f95f7801214e_crop_05_word_01.png,Kiên
b94eaf76f95f7801214e_crop_05_word_02.png,Thành
b94eaf76f95f7801214e_crop_06_word_00.png,Đăng
b94eaf76f95f7801214e_crop_06_word_01.png,Trần
b94eaf76f95f7801214e_crop_06_word_02.png,Văn
b94eaf76f95f7801214e_crop_07_word_00.png,Hải
b94eaf76f95f7801214e_crop_07_word_01.png,Quang
b94eaf76f95f7801214e_crop_07_word_02.png,Nguyễn
b94eaf76f95f7801214e_crop_08_word_00.png,Đặng
b94eaf76f95f7801214e_crop_08_word_01.png,Lâm
b94eaf76f95f7801214e_crop_08_word_02.png,Văn
b94eaf76f95f7801214e_crop_09_word_00.png,Bùi
b94eaf76f95f7801214e_crop_09_word_01.png,Tuấn
b94eaf76f95f7801214e_crop_09_word_02.png,Anh
b94eaf76f95f7801214e_crop_10_word_00.png,Thị
b94eaf76f95f7801214e_crop_10_word_01.png,Linh
b94eaf76f95f7801214e_crop_10_word_02.png,Phạm
b94eaf76f95f7801214e_crop_10_word_03.png,Khánh
b94eaf76f95f7801214e_crop_11_word_00.png,Đào
b94eaf76f95f7801214e_crop_11_word_01.png,Đào
b94eaf76f95f7801214e_crop_11_word_02.png,Anh
b94eaf76f95f7801214e_crop_11_word_03.png,Phương
b94eaf76f95f7801214e_crop_12_word_00.png,Trần
b94eaf76f95f7801214e_crop_12_word_01.png,Quyết
b94eaf76f95f7801214e_crop_12_word_02.png,Chiến
b94eaf76f95f7801214e_crop_13_word_00.png,Văn
b94eaf76f95f7801214e_crop_13_word_01.png,Nam
b94eaf76f95f7801214e_crop_13_word_02.png,Hoàng
b94eaf76f95f7801214e_crop_14_word_00.png,Dũng
b94eaf76f95f7801214e_crop_14_word_01.png,Đỗ
b94eaf76f95f7801214e_crop_14_word_02.png,Hùng
b94eaf76f95f7801214e_crop_15_word_00.png,Liệu
b94eaf76f95f7801214e_crop_15_word_01.png,Nguyễn
bb4e041d5234d36a8a25_crop_01_word_00.png,Vũ
bb4e041d5234d36a8a25_crop_01_word_01.png,Dũng
bb4e041d5234d36a8a25_crop_01_word_02.png,Nguyễn
bb4e041d5234d36a8a25_crop_02_word_00.png,Mai
bb4e041d5234d36a8a25_crop_02_word_01.png,Thảo
bb4e041d5234d36a8a25_crop_02_word_02.png,Yến
bb4e041d5234d36a8a25_crop_02_word_03.png,Nguyễn
bb4e041d5234d36a8a25_crop_03_word_00.png,Thủy
bb4e041d5234d36a8a25_crop_03_word_01.png,Mai
bb4e041d5234d36a8a25_crop_03_word_02.png,Trương
bb4e041d5234d36a8a25_crop_04_word_00.png,Nguyễn
bb4e041d5234d36a8a25_crop_04_word_01.png,Tiến
bb4e041d5234d36a8a25_crop_04_word_02.png,Thành
bb4e041d5234d36a8a25_crop_05_word_00.png,Đạt
bb4e041d5234d36a8a25_crop_05_word_01.png,Nguyên
bb4e041d5234d36a8a25_crop_05_word_02.png,Tiến
bb4e041d5234d36a8a25_crop_06_word_00.png,Tuấn
bb4e041d5234d36a8a25_crop_06_word_01.png,Nguyễn
bb4e041d5234d36a8a25_crop_06_word_02.png,Quốc
bb4e041d5234d36a8a25_crop_07_word_00.png,Tuyết
bb4e041d5234d36a8a25_crop_07_word_01.png,Thị
bb4e041d5234d36a8a25_crop_07_word_02.png,Lê
bb4e041d5234d36a8a25_crop_08_word_00.png,Huy
bb4e041d5234d36a8a25_crop_08_word_01.png,Trần
bb4e041d5234d36a8a25_crop_08_word_02.png,Quang
bb4e041d5234d36a8a25_crop_09_word_00.png,Trần
bb4e041d5234d36a8a25_crop_09_word_01.png,Quang
bb4e041d5234d36a8a25_crop_09_word_02.png,Huy
bb4e041d5234d36a8a25_crop_10_word_00.png,Thế
bb4e041d5234d36a8a25_crop_10_word_01.png,Anh
bb4e041d5234d36a8a25_crop_10_word_02.png,Nguyễn
bb4e041d5234d36a8a25_crop_11_word_00.png,Ngọc
bb4e041d5234d36a8a25_crop_11_word_01.png,Trần
bb4e041d5234d36a8a25_crop_11_word_02.png,Minh
bb4e041d5234d36a8a25_crop_12_word_00.png,Thanh
bb4e041d5234d36a8a25_crop_12_word_01.png,Nguyễn
bb4e041d5234d36a8a25_crop_12_word_02.png,Thị
bb4e041d5234d36a8a25_crop_12_word_03.png,Quý
bb4e041d5234d36a8a25_crop_13_word_00.png,Đình
bb4e041d5234d36a8a25_crop_13_word_01.png,Quân
bb4e041d5234d36a8a25_crop_13_word_02.png,Nguyễn
bb4e041d5234d36a8a25_crop_13_word_03.png,Hoàng
bb4e041d5234d36a8a25_crop_14_word_00.png,Thị
bb4e041d5234d36a8a25_crop_14_word_01.png,Thủy
bb4e041d5234d36a8a25_crop_14_word_02.png,Lê
bb4e041d5234d36a8a25_crop_15_word_00.png,Văn
bb4e041d5234d36a8a25_crop_15_word_01.png,Hoàng
bb4e041d5234d36a8a25_crop_15_word_02.png,Trần
c219c751917810264969_crop_01_word_00.png,Khánh
c219c751917810264969_crop_01_word_01.png,Ngọc
c219c751917810264969_crop_01_word_02.png,Bùi
c219c751917810264969_crop_01_word_03.png,Huyền
c219c751917810264969_crop_02_word_00.png,Bùi
c219c751917810264969_crop_02_word_01.png,Diệp
c219c751917810264969_crop_02_word_02.png,Mỹ
c219c751917810264969_crop_02_word_03.png,Anh
c219c751917810264969_crop_03_word_00.png,Bùi
c219c751917810264969_crop_03_word_01.png,Duy
c219c751917810264969_crop_03_word_02.png,Võ
c219c751917810264969_crop_03_word_03.png,Đức
c219c751917810264969_crop_04_word_00.png,Ngọc
c219c751917810264969_crop_04_word_01.png,Bùi
c219c751917810264969_crop_04_word_02.png,Trung
c219c751917810264969_crop_04_word_03.png,Minh
c219c751917810264969_crop_05_word_00.png,Anh
c219c751917810264969_crop_05_word_01.png,Bùi
c219c751917810264969_crop_05_word_02.png,Duy
c219c751917810264969_crop_05_word_03.png,Tuấn
c219c751917810264969_crop_06_word_00.png,Nhật
c219c751917810264969_crop_06_word_01.png,Minh
c219c751917810264969_crop_06_word_02.png,Dương
c219c751917810264969_crop_06_word_03.png,Lê
c219c751917810264969_crop_07_word_00.png,Dương
c219c751917810264969_crop_07_word_01.png,Mỹ
c219c751917810264969_crop_07_word_02.png,Trà
c219c751917810264969_crop_07_word_03.png,Ái
c219c751917810264969_crop_08_word_00.png,Băng
c219c751917810264969_crop_08_word_01.png,Hà
c219c751917810264969_crop_08_word_02.png,Tuyết
c219c751917810264969_crop_08_word_03.png,Dương
c219c751917810264969_crop_09_word_00.png,Dương
c219c751917810264969_crop_09_word_01.png,Minh
c219c751917810264969_crop_09_word_02.png,Anh
c219c751917810264969_crop_09_word_03.png,Lê
c219c751917810264969_crop_10_word_00.png,Phúc
c219c751917810264969_crop_10_word_01.png,Trọng
c219c751917810264969_crop_10_word_02.png,Dương
c219c751917810264969_crop_10_word_03.png,Huỳnh
c219c751917810264969_crop_11_word_00.png,Khánh
c219c751917810264969_crop_11_word_01.png,Trần
c219c751917810264969_crop_11_word_02.png,Vân
c219c751917810264969_crop_11_word_03.png,Hoàng
c219c751917810264969_crop_12_word_00.png,Ngọc
c219c751917810264969_crop_12_word_01.png,Khánh
c219c751917810264969_crop_12_word_02.png,Hoàng
c219c751917810264969_crop_13_word_00.png,Đông
c219c751917810264969_crop_13_word_01.png,Hoàng
c219c751917810264969_crop_13_word_02.png,Huỳnh
c219c751917810264969_crop_13_word_03.png,Nghi
c219c751917810264969_crop_14_word_00.png,Đắc
c219c751917810264969_crop_14_word_01.png,Thanh
c219c751917810264969_crop_14_word_02.png,Hoàng
c219c751917810264969_crop_14_word_03.png,Tâm
c219c751917810264969_crop_15_word_00.png,Hoàng
c219c751917810264969_crop_15_word_01.png,Tín
c219c751917810264969_crop_15_word_02.png,Phước
c219c751917810264969_crop_15_word_03.png,Phong
d9ec05bd5394d2ca8b85_crop_01_word_00.png,Văn
d9ec05bd5394d2ca8b85_crop_01_word_01.png,Nguyễn
d9ec05bd5394d2ca8b85_crop_01_word_02.png,Nam
d9ec05bd5394d2ca8b85_crop_02_word_00.png,Phương
d9ec05bd5394d2ca8b85_crop_02_word_01.png,Phạm
d9ec05bd5394d2ca8b85_crop_02_word_02.png,Nam
d9ec05bd5394d2ca8b85_crop_03_word_00.png,Dương
d9ec05bd5394d2ca8b85_crop_03_word_01.png,Quốc
d9ec05bd5394d2ca8b85_crop_03_word_02.png,Hoàng
d9ec05bd5394d2ca8b85_crop_04_word_00.png,Tuấn
d9ec05bd5394d2ca8b85_crop_04_word_01.png,Nguyễn
d9ec05bd5394d2ca8b85_crop_04_word_02.png,Anh
d9ec05bd5394d2ca8b85_crop_05_word_00.png,Đặng
d9ec05bd5394d2ca8b85_crop_05_word_01.png,Kiên
d9ec05bd5394d2ca8b85_crop_05_word_02.png,Thành
d9ec05bd5394d2ca8b85_crop_06_word_00.png,Đãng
d9ec05bd5394d2ca8b85_crop_06_word_01.png,Trần
d9ec05bd5394d2ca8b85_crop_06_word_02.png,Văn
d9ec05bd5394d2ca8b85_crop_07_word_00.png,Nguyễn
d9ec05bd5394d2ca8b85_crop_07_word_01.png,Quang
d9ec05bd5394d2ca8b85_crop_07_word_02.png,Hải
d9ec05bd5394d2ca8b85_crop_08_word_00.png,Đặng
d9ec05bd5394d2ca8b85_crop_08_word_01.png,Lâm
d9ec05bd5394d2ca8b85_crop_08_word_02.png,Văn
d9ec05bd5394d2ca8b85_crop_09_word_00.png,Bùi
d9ec05bd5394d2ca8b85_crop_09_word_01.png,Tuấn
d9ec05bd5394d2ca8b85_crop_09_word_02.png,Anh
d9ec05bd5394d2ca8b85_crop_10_word_00.png,Thị
d9ec05bd5394d2ca8b85_crop_10_word_01.png,Linh
d9ec05bd5394d2ca8b85_crop_10_word_02.png,Phạm
d9ec05bd5394d2ca8b85_crop_10_word_03.png,Khánh
d9ec05bd5394d2ca8b85_crop_11_word_00.png,Đào
d9ec05bd5394d2ca8b85_crop_11_word_01.png,Đào
d9ec05bd5394d2ca8b85_crop_11_word_02.png,Anh
d9ec05bd5394d2ca8b85_crop_11_word_03.png,Phương
d9ec05bd5394d2ca8b85_crop_12_word_00.png,Quyết
d9ec05bd5394d2ca8b85_crop_12_word_01.png,Trần
d9ec05bd5394d2ca8b85_crop_12_word_02.png,Chiến
d9ec05bd5394d2ca8b85_crop_13_word_00.png,Văn
d9ec05bd5394d2ca8b85_crop_13_word_01.png,Nam
d9ec05bd5394d2ca8b85_crop_13_word_02.png,Hoàng
d9ec05bd5394d2ca8b85_crop_14_word_00.png,Dũng
d9ec05bd5394d2ca8b85_crop_14_word_01.png,Đỗ
d9ec05bd5394d2ca8b85_crop_14_word_02.png,Hùng
d9ec05bd5394d2ca8b85_crop_15_word_00.png,Liệu
d9ec05bd5394d2ca8b85_crop_15_word_01.png,Nguyễn
daffd9af8f860ed85797_crop_01_word_00.png,Ngọc
daffd9af8f860ed85797_crop_01_word_01.png,Hải
daffd9af8f860ed85797_crop_01_word_02.png,Quế
daffd9af8f860ed85797_crop_02_word_00.png,Xuân
daffd9af8f860ed85797_crop_02_word_01.png,Mạnh
daffd9af8f860ed85797_crop_02_word_02.png,Phạm
daffd9af8f860ed85797_crop_03_word_00.png,Văn
daffd9af8f860ed85797_crop_03_word_01.png,Phan
daffd9af8f860ed85797_crop_03_word_02.png,Đức
daffd9af8f860ed85797_crop_04_word_00.png,Văn
daffd9af8f860ed85797_crop_04_word_01.png,Sơn
daffd9af8f860ed85797_crop_04_word_02.png,Sỹ
daffd9af8f860ed85797_crop_05_word_00.png,Minh
daffd9af8f860ed85797_crop_05_word_01.png,Nguyễn
daffd9af8f860ed85797_crop_05_word_02.png,Anh
daffd9af8f860ed85797_crop_05_word_03.png,Lê
daffd9af8f860ed85797_crop_06_word_00.png,Kiều
daffd9af8f860ed85797_crop_06_word_01.png,Nguyệt
daffd9af8f860ed85797_crop_06_word_02.png,Hoàng
daffd9af8f860ed85797_crop_06_word_03.png,Cầm
daffd9af8f860ed85797_crop_07_word_00.png,Tuệ
daffd9af8f860ed85797_crop_07_word_01.png,Anh
daffd9af8f860ed85797_crop_07_word_02.png,Phương
daffd9af8f860ed85797_crop_07_word_03.png,Lê
daffd9af8f860ed85797_crop_08_word_00.png,Kiều
daffd9af8f860ed85797_crop_08_word_01.png,Trần
daffd9af8f860ed85797_crop_08_word_02.png,Hạnh
daffd9af8f860ed85797_crop_08_word_03.png,Dung
daffd9af8f860ed85797_crop_09_word_00.png,Ngọc
daffd9af8f860ed85797_crop_09_word_01.png,Lam
daffd9af8f860ed85797_crop_09_word_02.png,Tường
daffd9af8f860ed85797_crop_09_word_03.png,Phạm
daffd9af8f860ed85797_crop_10_word_00.png,Hoàng
daffd9af8f860ed85797_crop_10_word_01.png,Anh
daffd9af8f860ed85797_crop_10_word_02.png,Hữu
daffd9af8f860ed85797_crop_10_word_03.png,Hải
daffd9af8f860ed85797_crop_10_word_04.png,Nguyễn
daffd9af8f860ed85797_crop_11_word_00.png,Ngọc
daffd9af8f860ed85797_crop_11_word_01.png,Chi
daffd9af8f860ed85797_crop_11_word_02.png,Vũ
daffd9af8f860ed85797_crop_11_word_03.png,Mai
daffd9af8f860ed85797_crop_12_word_00.png,Chi
daffd9af8f860ed85797_crop_12_word_01.png,Uyển
daffd9af8f860ed85797_crop_12_word_02.png,Đỗ
daffd9af8f860ed85797_crop_13_word_00.png,Gia
daffd9af8f860ed85797_crop_13_word_01.png,Nguyễn
daffd9af8f860ed85797_crop_13_word_02.png,Khải
daffd9af8f860ed85797_crop_13_word_03.png,Hoàng
daffd9af8f860ed85797_crop_14_word_00.png,Anh
daffd9af8f860ed85797_crop_14_word_01.png,Đức
daffd9af8f860ed85797_crop_14_word_02.png,Gia
daffd9af8f860ed85797_crop_14_word_03.png,Nguyễn
daffd9af8f860ed85797_crop_15_word_00.png,Đăng
daffd9af8f860ed85797_crop_15_word_01.png,Minh
daffd9af8f860ed85797_crop_15_word_02.png,Thái
daffd9af8f860ed85797_crop_15_word_03.png,Hoàng
db3a336f695fe801b14e_crop_01_word_00.png,Trần
db3a336f695fe801b14e_crop_01_word_01.png,Tuấn
db3a336f695fe801b14e_crop_01_word_02.png,Phương
db3a336f695fe801b14e_crop_01_word_03.png,Trịnh
db3a336f695fe801b14e_crop_02_word_00.png,Sinh
db3a336f695fe801b14e_crop_02_word_01.png,Cung
db3a336f695fe801b14e_crop_02_word_02.png,Nguyễn
db3a336f695fe801b14e_crop_03_word_00.png,Thành
db3a336f695fe801b14e_crop_03_word_01.png,Tất
db3a336f695fe801b14e_crop_03_word_02.png,Nguyễn
db3a336f695fe801b14e_crop_04_word_00.png,Quốc
db3a336f695fe801b14e_crop_04_word_01.png,Nguyễn
db3a336f695fe801b14e_crop_04_word_02.png,Ái
db3a336f695fe801b14e_crop_05_word_00.png,Kiệt
db3a336f695fe801b14e_crop_05_word_01.png,Thường
db3a336f695fe801b14e_crop_05_word_02.png,Lý
db3a336f695fe801b14e_crop_06_word_00.png,Trãi
db3a336f695fe801b14e_crop_06_word_01.png,Nguyễn
db3a336f695fe801b14e_crop_07_word_00.png,Quốc
db3a336f695fe801b14e_crop_07_word_01.png,Trần
db3a336f695fe801b14e_crop_07_word_02.png,Tuấn
db3a336f695fe801b14e_crop_08_word_00.png,Giáp
db3a336f695fe801b14e_crop_08_word_01.png,Võ
db3a336f695fe801b14e_crop_08_word_02.png,Nguyên
db3a336f695fe801b14e_crop_09_word_00.png,Tam
db3a336f695fe801b14e_crop_09_word_01.png,Quang
db3a336f695fe801b14e_crop_09_word_02.png,Lương
db3a336f695fe801b14e_crop_10_word_00.png,Giang
db3a336f695fe801b14e_crop_10_word_01.png,Phan
db3a336f695fe801b14e_crop_10_word_02.png,Văn
db3a336f695fe801b14e_crop_11_word_00.png,Lâm
db3a336f695fe801b14e_crop_11_word_01.png,Tô
db3a336f695fe801b14e_crop_12_word_00.png,Trần
db3a336f695fe801b14e_crop_12_word_01.png,Mẫn
db3a336f695fe801b14e_crop_12_word_02.png,Thanh
db3a336f695fe801b14e_crop_13_word_00.png,Lê
db3a336f695fe801b14e_crop_13_word_01.png,Hưng
db3a336f695fe801b14e_crop_13_word_02.png,Minh
db3a336f695fe801b14e_crop_14_word_00.png,Cẩm
db3a336f695fe801b14e_crop_14_word_01.png,Trần
db3a336f695fe801b14e_crop_14_word_02.png,Tú
db3a336f695fe801b14e_crop_15_word_00.png,Trọng
db3a336f695fe801b14e_crop_15_word_01.png,Phúc
db3a336f695fe801b14e_crop_15_word_02.png,Nguyễn
ddd88644dd745c2a0565_crop_01_word_00.png,Gia
ddd88644dd745c2a0565_crop_01_word_01.png,Minh
ddd88644dd745c2a0565_crop_01_word_02.png,Tuấn
ddd88644dd745c2a0565_crop_01_word_03.png,Huy
ddd88644dd745c2a0565_crop_01_word_04.png,Nguyễn
ddd88644dd745c2a0565_crop_02_word_00.png,Trần
ddd88644dd745c2a0565_crop_02_word_01.png,Ngọc
ddd88644dd745c2a0565_crop_02_word_02.png,Khánh
ddd88644dd745c2a0565_crop_02_word_03.png,Anh
ddd88644dd745c2a0565_crop_02_word_04.png,Hoàng
ddd88644dd745c2a0565_crop_03_word_00.png,Nhật
ddd88644dd745c2a0565_crop_03_word_01.png,Anh
ddd88644dd745c2a0565_crop_03_word_02.png,Minh
ddd88644dd745c2a0565_crop_03_word_03.png,Khang
ddd88644dd745c2a0565_crop_03_word_04.png,Lê
ddd88644dd745c2a0565_crop_04_word_00.png,Bảo
ddd88644dd745c2a0565_crop_04_word_01.png,Phạm
ddd88644dd745c2a0565_crop_04_word_02.png,Gia
ddd88644dd745c2a0565_crop_04_word_03.png,Như
ddd88644dd745c2a0565_crop_04_word_04.png,Quỳnh
ddd88644dd745c2a0565_crop_05_word_00.png,Kim
ddd88644dd745c2a0565_crop_05_word_01.png,Thiên
ddd88644dd745c2a0565_crop_05_word_02.png,Châu
ddd88644dd745c2a0565_crop_05_word_03.png,Minh
ddd88644dd745c2a0565_crop_05_word_04.png,Đặng
ddd88644dd745c2a0565_crop_06_word_00.png,Anh
ddd88644dd745c2a0565_crop_06_word_01.png,Kiệt
ddd88644dd745c2a0565_crop_06_word_02.png,Võ
ddd88644dd745c2a0565_crop_06_word_03.png,Hoàng
ddd88644dd745c2a0565_crop_06_word_04.png,Tuấn
ddd88644dd745c2a0565_crop_07_word_00.png,Hân
ddd88644dd745c2a0565_crop_07_word_01.png,Ngọc
ddd88644dd745c2a0565_crop_07_word_02.png,Gia
ddd88644dd745c2a0565_crop_07_word_03.png,Bùi
ddd88644dd745c2a0565_crop_07_word_04.png,Thanh
ddd88644dd745c2a0565_crop_08_word_00.png,Minh
ddd88644dd745c2a0565_crop_08_word_01.png,Đức
ddd88644dd745c2a0565_crop_08_word_02.png,Quang
ddd88644dd745c2a0565_crop_08_word_03.png,Đỗ
ddd88644dd745c2a0565_crop_08_word_04.png,Huy
ddd88644dd745c2a0565_crop_09_word_00.png,Châu
ddd88644dd745c2a0565_crop_09_word_01.png,Linh
ddd88644dd745c2a0565_crop_09_word_02.png,Bảo
ddd88644dd745c2a0565_crop_09_word_03.png,Huỳnh
ddd88644dd745c2a0565_crop_09_word_04.png,Khánh
ddd88644dd745c2a0565_crop_10_word_00.png,Nhật
ddd88644dd745c2a0565_crop_10_word_01.png,Minh
ddd88644dd745c2a0565_crop_10_word_02.png,Gia
ddd88644dd745c2a0565_crop_10_word_03.png,Anh
ddd88644dd745c2a0565_crop_10_word_04.png,Phan
ddd88644dd745c2a0565_crop_11_word_00.png,Gia
ddd88644dd745c2a0565_crop_11_word_01.png,Hoàng
ddd88644dd745c2a0565_crop_11_word_02.png,Bảo
ddd88644dd745c2a0565_crop_11_word_03.png,Khanh
ddd88644dd745c2a0565_crop_11_word_04.png,Nguyễn
ddd88644dd745c2a0565_crop_12_word_00.png,Anh
ddd88644dd745c2a0565_crop_12_word_01.png,Trần
ddd88644dd745c2a0565_crop_12_word_02.png,Minh
ddd88644dd745c2a0565_crop_12_word_03.png,Khoa
ddd88644dd745c2a0565_crop_12_word_04.png,Tuấn
ddd88644dd745c2a0565_crop_13_word_00.png,Như
ddd88644dd745c2a0565_crop_13_word_01.png,Hân
ddd88644dd745c2a0565_crop_13_word_02.png,Quỳnh
ddd88644dd745c2a0565_crop_13_word_03.png,Lê
ddd88644dd745c2a0565_crop_13_word_04.png,Bảo
ddd88644dd745c2a0565_crop_14_word_00.png,Đức
ddd88644dd745c2a0565_crop_14_word_01.png,Anh
ddd88644dd745c2a0565_crop_14_word_02.png,Nhật
ddd88644dd745c2a0565_crop_14_word_03.png,Minh
ddd88644dd745c2a0565_crop_14_word_04.png,Phạm
ddd88644dd745c2a0565_crop_15_word_00.png,Công
ddd88644dd745c2a0565_crop_15_word_01.png,Huy
ddd88644dd745c2a0565_crop_15_word_02.png,Gia
ddd88644dd745c2a0565_crop_15_word_03.png,Thành
ddd88644dd745c2a0565_crop_15_word_04.png,Đặng
e43816fd4dcdcc9395dc_crop_01_word_00.png,Hiệp
e43816fd4dcdcc9395dc_crop_01_word_01.png,Nguyễn
e43816fd4dcdcc9395dc_crop_01_word_02.png,Tuấn
e43816fd4dcdcc9395dc_crop_02_word_00.png,Thắng
e43816fd4dcdcc9395dc_crop_02_word_01.png,Đức
e43816fd4dcdcc9395dc_crop_02_word_02.png,Trần
e43816fd4dcdcc9395dc_crop_03_word_00.png,Vũ
e43816fd4dcdcc9395dc_crop_03_word_01.png,Thị
e43816fd4dcdcc9395dc_crop_03_word_02.png,Huyền
e43816fd4dcdcc9395dc_crop_03_word_03.png,Thu
e43816fd4dcdcc9395dc_crop_04_word_00.png,Nụ
e43816fd4dcdcc9395dc_crop_04_word_01.png,Nguyễn
e43816fd4dcdcc9395dc_crop_04_word_02.png,Thị
e43816fd4dcdcc9395dc_crop_05_word_00.png,Thị
e43816fd4dcdcc9395dc_crop_05_word_01.png,Thu
e43816fd4dcdcc9395dc_crop_05_word_02.png,Nguyễn
e43816fd4dcdcc9395dc_crop_06_word_00.png,Tú
e43816fd4dcdcc9395dc_crop_06_word_01.png,Anh
e43816fd4dcdcc9395dc_crop_06_word_02.png,Lê
e43816fd4dcdcc9395dc_crop_07_word_00.png,Ánh
e43816fd4dcdcc9395dc_crop_07_word_01.png,Đặng
e43816fd4dcdcc9395dc_crop_07_word_02.png,Thị
e43816fd4dcdcc9395dc_crop_08_word_00.png,Thanh
e43816fd4dcdcc9395dc_crop_08_word_01.png,Nguyễn
e43816fd4dcdcc9395dc_crop_08_word_02.png,Loan
e43816fd4dcdcc9395dc_crop_09_word_00.png,Thu
e43816fd4dcdcc9395dc_crop_09_word_01.png,Trang
e43816fd4dcdcc9395dc_crop_09_word_02.png,Nguyễn
e43816fd4dcdcc9395dc_crop_10_word_00.png,Lan
e43816fd4dcdcc9395dc_crop_10_word_01.png,Anh
e43816fd4dcdcc9395dc_crop_10_word_02.png,Trịnh
e43816fd4dcdcc9395dc_crop_10_word_03.png,Thị
e43816fd4dcdcc9395dc_crop_11_word_00.png,Anh
e43816fd4dcdcc9395dc_crop_11_word_01.png,Vân
e43816fd4dcdcc9395dc_crop_11_word_02.png,Thị
e43816fd4dcdcc9395dc_crop_11_word_03.png,Phùng
e43816fd4dcdcc9395dc_crop_12_word_00.png,Bùi
e43816fd4dcdcc9395dc_crop_12_word_01.png,Liên
e43816fd4dcdcc9395dc_crop_12_word_02.png,Thúy
e43816fd4dcdcc9395dc_crop_13_word_00.png,Minh
e43816fd4dcdcc9395dc_crop_13_word_01.png,Thị
e43816fd4dcdcc9395dc_crop_13_word_02.png,Nghĩa
e43816fd4dcdcc9395dc_crop_13_word_03.png,Vũ
e43816fd4dcdcc9395dc_crop_14_word_00.png,Hải
e43816fd4dcdcc9395dc_crop_14_word_01.png,Tôn
e43816fd4dcdcc9395dc_crop_14_word_02.png,Đức
e43816fd4dcdcc9395dc_crop_15_word_00.png,Gia
e43816fd4dcdcc9395dc_crop_15_word_01.png,Khải
e43816fd4dcdcc9395dc_crop_15_word_02.png,Hoàng
e43816fd4dcdcc9395dc_crop_15_word_03.png,Nguyễn
e8c0d5cfa6ff27a17eee_crop_01_word_00.png,Vũ
e8c0d5cfa6ff27a17eee_crop_01_word_01.png,Dũng
e8c0d5cfa6ff27a17eee_crop_01_word_02.png,Nguyễn
e8c0d5cfa6ff27a17eee_crop_02_word_00.png,Yến
e8c0d5cfa6ff27a17eee_crop_02_word_01.png,Mai
e8c0d5cfa6ff27a17eee_crop_02_word_02.png,Thảo
e8c0d5cfa6ff27a17eee_crop_02_word_03.png,Nguyễn
e8c0d5cfa6ff27a17eee_crop_03_word_00.png,Thủy
e8c0d5cfa6ff27a17eee_crop_03_word_01.png,Mai
e8c0d5cfa6ff27a17eee_crop_03_word_02.png,Trương
e8c0d5cfa6ff27a17eee_crop_04_word_00.png,Nguyễn
e8c0d5cfa6ff27a17eee_crop_04_word_01.png,Tiến
e8c0d5cfa6ff27a17eee_crop_04_word_02.png,Thành
e8c0d5cfa6ff27a17eee_crop_05_word_00.png,Đạt
e8c0d5cfa6ff27a17eee_crop_05_word_01.png,Nguyễn
e8c0d5cfa6ff27a17eee_crop_05_word_02.png,Tiến
e8c0d5cfa6ff27a17eee_crop_06_word_00.png,Tuấn
e8c0d5cfa6ff27a17eee_crop_06_word_01.png,Quốc
e8c0d5cfa6ff27a17eee_crop_06_word_02.png,Nguyễn
e8c0d5cfa6ff27a17eee_crop_07_word_00.png,Tuyết
e8c0d5cfa6ff27a17eee_crop_07_word_01.png,Thị
e8c0d5cfa6ff27a17eee_crop_07_word_02.png,Lê
e8c0d5cfa6ff27a17eee_crop_08_word_00.png,Huy
e8c0d5cfa6ff27a17eee_crop_08_word_01.png,Quang
e8c0d5cfa6ff27a17eee_crop_08_word_02.png,Trần
e8c0d5cfa6ff27a17eee_crop_09_word_00.png,Trần
e8c0d5cfa6ff27a17eee_crop_09_word_01.png,Quang
e8c0d5cfa6ff27a17eee_crop_09_word_02.png,Huy
e8c0d5cfa6ff27a17eee_crop_10_word_00.png,Thế
e8c0d5cfa6ff27a17eee_crop_10_word_01.png,Anh
e8c0d5cfa6ff27a17eee_crop_10_word_02.png,Nguyễn
e8c0d5cfa6ff27a17eee_crop_11_word_00.png,Minh
e8c0d5cfa6ff27a17eee_crop_11_word_01.png,Trần
e8c0d5cfa6ff27a17eee_crop_11_word_02.png,Ngọc
e8c0d5cfa6ff27a17eee_crop_12_word_00.png,Thanh
e8c0d5cfa6ff27a17eee_crop_12_word_01.png,Thị
e8c0d5cfa6ff27a17eee_crop_12_word_02.png,Nguyễn
e8c0d5cfa6ff27a17eee_crop_12_word_03.png,Quý
e8c0d5cfa6ff27a17eee_crop_13_word_00.png,Đình
e8c0d5cfa6ff27a17eee_crop_13_word_01.png,Quân
e8c0d5cfa6ff27a17eee_crop_13_word_02.png,Nguyễn
e8c0d5cfa6ff27a17eee_crop_13_word_03.png,Hoàng
e8c0d5cfa6ff27a17eee_crop_14_word_00.png,Thị
e8c0d5cfa6ff27a17eee_crop_14_word_01.png,Thủy
e8c0d5cfa6ff27a17eee_crop_14_word_02.png,Lê
e8c0d5cfa6ff27a17eee_crop_15_word_00.png,Văn
e8c0d5cfa6ff27a17eee_crop_15_word_01.png,Hoàng
e8c0d5cfa6ff27a17eee_crop_15_word_02.png,Trần
eac63d686658e706be49_crop_01_word_00.png,Uyên
eac63d686658e706be49_crop_01_word_01.png,Vân
eac63d686658e706be49_crop_01_word_02.png,Nhã
eac63d686658e706be49_crop_02_word_00.png,Anh
eac63d686658e706be49_crop_02_word_01.png,Nhã
eac63d686658e706be49_crop_02_word_02.png,Thư
eac63d686658e706be49_crop_03_word_00.png,Nhã
eac63d686658e706be49_crop_03_word_01.png,Tiên
eac63d686658e706be49_crop_03_word_02.png,Cát
eac63d686658e706be49_crop_04_word_00.png,Mai
eac63d686658e706be49_crop_04_word_01.png,Nhã
eac63d686658e706be49_crop_04_word_02.png,Anh
eac63d686658e706be49_crop_04_word_03.png,Quỳnh
eac63d686658e706be49_crop_05_word_00.png,Nhã
eac63d686658e706be49_crop_05_word_01.png,Tú
eac63d686658e706be49_crop_05_word_02.png,Vy
eac63d686658e706be49_crop_06_word_00.png,Quyên
eac63d686658e706be49_crop_06_word_01.png,Bảo
eac63d686658e706be49_crop_06_word_02.png,Thục
eac63d686658e706be49_crop_07_word_00.png,Diệu
eac63d686658e706be49_crop_07_word_01.png,My
eac63d686658e706be49_crop_07_word_02.png,Thục
eac63d686658e706be49_crop_08_word_00.png,Hân
eac63d686658e706be49_crop_08_word_01.png,Thúy
eac63d686658e706be49_crop_08_word_02.png,Thục
eac63d686658e706be49_crop_09_word_00.png,Nhi
eac63d686658e706be49_crop_09_word_01.png,Quỳnh
eac63d686658e706be49_crop_09_word_02.png,Thục
eac63d686658e706be49_crop_10_word_00.png,Đoan
eac63d686658e706be49_crop_10_word_01.png,Trang
eac63d686658e706be49_crop_10_word_02.png,Thục
eac63d686658e706be49_crop_11_word_00.png,Lan
eac63d686658e706be49_crop_11_word_01.png,Bảo
eac63d686658e706be49_crop_11_word_02.png,Tường
eac63d686658e706be49_crop_12_word_00.png,Lam
eac63d686658e706be49_crop_12_word_01.png,Anh
eac63d686658e706be49_crop_12_word_02.png,Tường
eac63d686658e706be49_crop_13_word_00.png,Anh
eac63d686658e706be49_crop_13_word_01.png,Tường
eac63d686658e706be49_crop_13_word_02.png,Trâm
eac63d686658e706be49_crop_14_word_00.png,Tường
eac63d686658e706be49_crop_14_word_01.png,Vy
eac63d686658e706be49_crop_15_word_00.png,Lan
eac63d686658e706be49_crop_15_word_01.png,Tường
ee0cfa5dac742d2a7465_crop_01_word_00.png,Anh
ee0cfa5dac742d2a7465_crop_01_word_01.png,Tú
ee0cfa5dac742d2a7465_crop_01_word_02.png,Nguyễn
ee0cfa5dac742d2a7465_crop_01_word_03.png,Đỗ
ee0cfa5dac742d2a7465_crop_02_word_00.png,Chi
ee0cfa5dac742d2a7465_crop_02_word_01.png,Trần
ee0cfa5dac742d2a7465_crop_02_word_02.png,Thùy
ee0cfa5dac742d2a7465_crop_02_word_03.png,Đỗ
ee0cfa5dac742d2a7465_crop_03_word_00.png,Ngọc
ee0cfa5dac742d2a7465_crop_03_word_01.png,Đỗ
ee0cfa5dac742d2a7465_crop_03_word_02.png,Cao
ee0cfa5dac742d2a7465_crop_03_word_03.png,Huyền
ee0cfa5dac742d2a7465_crop_04_word_00.png,Trần
ee0cfa5dac742d2a7465_crop_04_word_01.png,Bảo
ee0cfa5dac742d2a7465_crop_04_word_02.png,Đỗ
ee0cfa5dac742d2a7465_crop_04_word_03.png,Lan
ee0cfa5dac742d2a7465_crop_05_word_00.png,Kiều
ee0cfa5dac742d2a7465_crop_05_word_01.png,Dung
ee0cfa5dac742d2a7465_crop_05_word_02.png,Ngọc
ee0cfa5dac742d2a7465_crop_05_word_03.png,Đỗ
ee0cfa5dac742d2a7465_crop_06_word_00.png,Ân
ee0cfa5dac742d2a7465_crop_06_word_01.png,Đức
ee0cfa5dac742d2a7465_crop_06_word_02.png,Đỗ
ee0cfa5dac742d2a7465_crop_06_word_03.png,Thiên
ee0cfa5dac742d2a7465_crop_07_word_00.png,Long
ee0cfa5dac742d2a7465_crop_07_word_01.png,Vũ
ee0cfa5dac742d2a7465_crop_07_word_02.png,Ngọc
ee0cfa5dac742d2a7465_crop_07_word_03.png,Đỗ
ee0cfa5dac742d2a7465_crop_08_word_00.png,Duy
ee0cfa5dac742d2a7465_crop_08_word_01.png,Tuấn
ee0cfa5dac742d2a7465_crop_08_word_02.png,Khang
ee0cfa5dac742d2a7465_crop_08_word_03.png,Đỗ
ee0cfa5dac742d2a7465_crop_09_word_00.png,Bảo
ee0cfa5dac742d2a7465_crop_09_word_01.png,Thiên
ee0cfa5dac742d2a7465_crop_09_word_02.png,Phú
ee0cfa5dac742d2a7465_crop_09_word_03.png,Đỗ
ee0cfa5dac742d2a7465_crop_10_word_00.png,Vũ
ee0cfa5dac742d2a7465_crop_10_word_01.png,Anh
ee0cfa5dac742d2a7465_crop_10_word_02.png,Tú
ee0cfa5dac742d2a7465_crop_10_word_03.png,Giang
ee0cfa5dac742d2a7465_crop_11_word_00.png,Đan
ee0cfa5dac742d2a7465_crop_11_word_01.png,Yên
ee0cfa5dac742d2a7465_crop_11_word_02.png,Vũ
ee0cfa5dac742d2a7465_crop_11_word_03.png,Hà
ee0cfa5dac742d2a7465_crop_12_word_00.png,Uyển
ee0cfa5dac742d2a7465_crop_12_word_01.png,Hoàng
ee0cfa5dac742d2a7465_crop_12_word_02.png,Vũ
ee0cfa5dac742d2a7465_crop_12_word_03.png,Khanh
ee0cfa5dac742d2a7465_crop_13_word_00.png,Gia
ee0cfa5dac742d2a7465_crop_13_word_01.png,Bảo
ee0cfa5dac742d2a7465_crop_13_word_02.png,Đỗ
ee0cfa5dac742d2a7465_crop_13_word_03.png,Khiêm
ee0cfa5dac742d2a7465_crop_14_word_00.png,Linh
ee0cfa5dac742d2a7465_crop_14_word_01.png,Đan
ee0cfa5dac742d2a7465_crop_14_word_02.png,Vũ
ee0cfa5dac742d2a7465_crop_14_word_03.png,Hà
ee0cfa5dac742d2a7465_crop_15_word_00.png,Bình
ee0cfa5dac742d2a7465_crop_15_word_01.png,Vũ
ee0cfa5dac742d2a7465_crop_15_word_02.png,Thái
ee0cfa5dac742d2a7465_crop_15_word_03.png,Yên
ef79c92b9f021e5c4713_crop_01_word_00.png,Kiệt
ef79c92b9f021e5c4713_crop_01_word_01.png,Tuấn
ef79c92b9f021e5c4713_crop_01_word_02.png,Vũ
ef79c92b9f021e5c4713_crop_01_word_03.png,Lý
ef79c92b9f021e5c4713_crop_02_word_00.png,Long
ef79c92b9f021e5c4713_crop_02_word_01.png,Thiện
ef79c92b9f021e5c4713_crop_02_word_02.png,Đức
ef79c92b9f021e5c4713_crop_02_word_03.png,Vũ
ef79c92b9f021e5c4713_crop_03_word_00.png,Phạm
ef79c92b9f021e5c4713_crop_03_word_01.png,Gia
ef79c92b9f021e5c4713_crop_03_word_02.png,Vũ
ef79c92b9f021e5c4713_crop_03_word_03.png,Luân
ef79c92b9f021e5c4713_crop_04_word_00.png,Vỹ
ef79c92b9f021e5c4713_crop_04_word_01.png,Vũ
ef79c92b9f021e5c4713_crop_04_word_02.png,Khang
ef79c92b9f021e5c4713_crop_04_word_03.png,Lê
ef79c92b9f021e5c4713_crop_05_word_00.png,Bảo
ef79c92b9f021e5c4713_crop_05_word_01.png,Minh
ef79c92b9f021e5c4713_crop_05_word_02.png,Vũ
ef79c92b9f021e5c4713_crop_05_word_03.png,Thiên
ef79c92b9f021e5c4713_crop_06_word_00.png,Mai
ef79c92b9f021e5c4713_crop_06_word_01.png,An
ef79c92b9f021e5c4713_crop_06_word_02.png,Thúy
ef79c92b9f021e5c4713_crop_07_word_00.png,Mai
ef79c92b9f021e5c4713_crop_07_word_01.png,Diệu
ef79c92b9f021e5c4713_crop_07_word_02.png,Linh
ef79c92b9f021e5c4713_crop_08_word_00.png,Gia
ef79c92b9f021e5c4713_crop_08_word_01.png,Hân
ef79c92b9f021e5c4713_crop_08_word_02.png,Mai
ef79c92b9f021e5c4713_crop_09_word_00.png,Mai
ef79c92b9f021e5c4713_crop_09_word_01.png,Hân
ef79c92b9f021e5c4713_crop_09_word_02.png,Bảo
ef79c92b9f021e5c4713_crop_10_word_00.png,Cường
ef79c92b9f021e5c4713_crop_10_word_01.png,Mai
ef79c92b9f021e5c4713_crop_10_word_02.png,Quốc
ef79c92b9f021e5c4713_crop_11_word_00.png,Lam
ef79c92b9f021e5c4713_crop_11_word_01.png,Diệp
ef79c92b9f021e5c4713_crop_11_word_02.png,Hạ
ef79c92b9f021e5c4713_crop_12_word_00.png,Diệp
ef79c92b9f021e5c4713_crop_12_word_01.png,Hạ
ef79c92b9f021e5c4713_crop_12_word_02.png,Vũ
ef79c92b9f021e5c4713_crop_13_word_00.png,Mai
ef79c92b9f021e5c4713_crop_13_word_01.png,Diệp
ef79c92b9f021e5c4713_crop_13_word_02.png,Chi
ef79c92b9f021e5c4713_crop_14_word_00.png,Diệp
ef79c92b9f021e5c4713_crop_14_word_01.png,Thảo
ef79c92b9f021e5c4713_crop_14_word_02.png,Chi
ef79c92b9f021e5c4713_crop_15_word_00.png,Diệp
ef79c92b9f021e5c4713_crop_15_word_01.png,Nguyên
ef79c92b9f021e5c4713_crop_15_word_02.png,Thảo
f75dec0fba263b786237_crop_01_word_00.png,Vũ
f75dec0fba263b786237_crop_01_word_01.png,Dũng
f75dec0fba263b786237_crop_01_word_02.png,Nguyễn
f75dec0fba263b786237_crop_02_word_00.png,Mai
f75dec0fba263b786237_crop_02_word_01.png,Thảo
f75dec0fba263b786237_crop_02_word_02.png,Yến
f75dec0fba263b786237_crop_02_word_03.png,Nguyễn
f75dec0fba263b786237_crop_03_word_00.png,Thủy
f75dec0fba263b786237_crop_03_word_01.png,Mai
f75dec0fba263b786237_crop_03_word_02.png,Trương
f75dec0fba263b786237_crop_04_word_00.png,Nguyễn
f75dec0fba263b786237_crop_04_word_01.png,Tiến
f75dec0fba263b786237_crop_04_word_02.png,Thành
f75dec0fba263b786237_crop_05_word_00.png,Đạt
f75dec0fba263b786237_crop_05_word_01.png,Nguyễn
f75dec0fba263b786237_crop_05_word_02.png,Tiến
f75dec0fba263b786237_crop_06_word_00.png,Tuấn
f75dec0fba263b786237_crop_06_word_01.png,Nguyễn
f75dec0fba263b786237_crop_06_word_02.png,Quốc
f75dec0fba263b786237_crop_07_word_00.png,Tuyết
f75dec0fba263b786237_crop_07_word_01.png,Lê
f75dec0fba263b786237_crop_07_word_02.png,Thị
f75dec0fba263b786237_crop_08_word_00.png,Huy
f75dec0fba263b786237_crop_08_word_01.png,Trần
f75dec0fba263b786237_crop_08_word_02.png,Quang
f75dec0fba263b786237_crop_09_word_00.png,Trần
f75dec0fba263b786237_crop_09_word_01.png,Quang
f75dec0fba263b786237_crop_09_word_02.png,Huy
f75dec0fba263b786237_crop_10_word_00.png,Thế
f75dec0fba263b786237_crop_10_word_01.png,Anh
f75dec0fba263b786237_crop_10_word_02.png,Nguyễn
f75dec0fba263b786237_crop_11_word_00.png,Ngọc
f75dec0fba263b786237_crop_11_word_01.png,Trần
f75dec0fba263b786237_crop_11_word_02.png,Minh
f75dec0fba263b786237_crop_12_word_00.png,Thanh
f75dec0fba263b786237_crop_12_word_01.png,Nguyễn
f75dec0fba263b786237_crop_12_word_02.png,Thị
f75dec0fba263b786237_crop_12_word_03.png,Quý
f75dec0fba263b786237_crop_13_word_00.png,Quân
f75dec0fba263b786237_crop_13_word_01.png,Đình
f75dec0fba263b786237_crop_13_word_02.png,Nguyễn
f75dec0fba263b786237_crop_13_word_03.png,Hoàng
f75dec0fba263b786237_crop_14_word_00.png,Thị
f75dec0fba263b786237_crop_14_word_01.png,Thủy
f75dec0fba263b786237_crop_14_word_02.png,Lê
f75dec0fba263b786237_crop_15_word_00.png,Văn
f75dec0fba263b786237_crop_15_word_01.png,Hoàng
f75dec0fba263b786237_crop_15_word_02.png,Trần
f794bd9bceab4ff516ba_crop_01_word_00.png,Mai
f794bd9bceab4ff516ba_crop_01_word_01.png,Loan
f794bd9bceab4ff516ba_crop_01_word_02.png,Thúc
f794bd9bceab4ff516ba_crop_02_word_00.png,Sơn
f794bd9bceab4ff516ba_crop_02_word_01.png,Đinh
f794bd9bceab4ff516ba_crop_02_word_02.png,Nguyễn
f794bd9bceab4ff516ba_crop_03_word_00.png,Linh
f794bd9bceab4ff516ba_crop_03_word_01.png,Lê
f794bd9bceab4ff516ba_crop_03_word_02.png,Khánh
f794bd9bceab4ff516ba_crop_04_word_00.png,Loan
f794bd9bceab4ff516ba_crop_04_word_01.png,Khánh
f794bd9bceab4ff516ba_crop_04_word_02.png,Thị
f794bd9bceab4ff516ba_crop_04_word_03.png,Hồ
f794bd9bceab4ff516ba_crop_05_word_00.png,Nguyễn
f794bd9bceab4ff516ba_crop_05_word_01.png,Trúc
f794bd9bceab4ff516ba_crop_05_word_02.png,Quỳnh
f794bd9bceab4ff516ba_crop_05_word_03.png,Mai
f794bd9bceab4ff516ba_crop_06_word_00.png,Khánh
f794bd9bceab4ff516ba_crop_06_word_01.png,Hưng
f794bd9bceab4ff516ba_crop_06_word_02.png,Duy
f794bd9bceab4ff516ba_crop_06_word_03.png,Nguyễn
f794bd9bceab4ff516ba_crop_07_word_00.png,Cảnh
f794bd9bceab4ff516ba_crop_07_word_01.png,Minh
f794bd9bceab4ff516ba_crop_07_word_02.png,Nguyễn
f794bd9bceab4ff516ba_crop_07_word_03.png,Toàn
f794bd9bceab4ff516ba_crop_08_word_00.png,Nhã
f794bd9bceab4ff516ba_crop_08_word_01.png,Dao
f794bd9bceab4ff516ba_crop_08_word_02.png,Trần
f794bd9bceab4ff516ba_crop_08_word_03.png,Quỳnh
f794bd9bceab4ff516ba_crop_09_word_00.png,Trần
f794bd9bceab4ff516ba_crop_09_word_01.png,Phát
f794bd9bceab4ff516ba_crop_09_word_02.png,Nam
f794bd9bceab4ff516ba_crop_09_word_03.png,Tấn
f794bd9bceab4ff516ba_crop_10_word_00.png,Kiều
f794bd9bceab4ff516ba_crop_10_word_01.png,Lê
f794bd9bceab4ff516ba_crop_10_word_02.png,Di
f794bd9bceab4ff516ba_crop_10_word_03.png,Băng
f794bd9bceab4ff516ba_crop_11_word_00.png,San
f794bd9bceab4ff516ba_crop_11_word_01.png,Thục
f794bd9bceab4ff516ba_crop_11_word_02.png,Vy
f794bd9bceab4ff516ba_crop_11_word_03.png,Lê
f794bd9bceab4ff516ba_crop_12_word_00.png,Khánh
f794bd9bceab4ff516ba_crop_12_word_01.png,Nhật
f794bd9bceab4ff516ba_crop_12_word_02.png,Minh
f794bd9bceab4ff516ba_crop_12_word_03.png,Lê
f794bd9bceab4ff516ba_crop_13_word_00.png,Uyên
f794bd9bceab4ff516ba_crop_13_word_01.png,Phúc
f794bd9bceab4ff516ba_crop_13_word_02.png,Phạm
f794bd9bceab4ff516ba_crop_13_word_03.png,Phương
f794bd9bceab4ff516ba_crop_14_word_00.png,Đăng
f794bd9bceab4ff516ba_crop_14_word_01.png,Tuệ
f794bd9bceab4ff516ba_crop_14_word_02.png,Hoàng
f794bd9bceab4ff516ba_crop_14_word_03.png,Phạm
f794bd9bceab4ff516ba_crop_15_word_00.png,Như
f794bd9bceab4ff516ba_crop_15_word_01.png,Liên
f794bd9bceab4ff516ba_crop_15_word_02.png,Đinh
f794bd9bceab4ff516ba_crop_15_word_03.png,Ngọc
fd6d73a62896a9c8f087_crop_01_word_00.png,Nguyễn
fd6d73a62896a9c8f087_crop_01_word_01.png,Minh
fd6d73a62896a9c8f087_crop_02_word_00.png,Khải
fd6d73a62896a9c8f087_crop_02_word_01.png,Lê
fd6d73a62896a9c8f087_crop_03_word_00.png,Võ
fd6d73a62896a9c8f087_crop_03_word_01.png,Giang
fd6d73a62896a9c8f087_crop_04_word_00.png,My
fd6d73a62896a9c8f087_crop_04_word_01.png,Trà
fd6d73a62896a9c8f087_crop_05_word_00.png,Khánh
fd6d73a62896a9c8f087_crop_05_word_01.png,Vi
fd6d73a62896a9c8f087_crop_06_word_00.png,Ngọc
fd6d73a62896a9c8f087_crop_06_word_01.png,Đặng
fd6d73a62896a9c8f087_crop_06_word_02.png,Quý
fd6d73a62896a9c8f087_crop_06_word_03.png,Lê
fd6d73a62896a9c8f087_crop_07_word_00.png,Thị
fd6d73a62896a9c8f087_crop_07_word_01.png,Đặng
fd6d73a62896a9c8f087_crop_07_word_02.png,Ngọc
fd6d73a62896a9c8f087_crop_07_word_03.png,Bảo
fd6d73a62896a9c8f087_crop_08_word_00.png,Minh
fd6d73a62896a9c8f087_crop_08_word_01.png,Thân
fd6d73a62896a9c8f087_crop_08_word_02.png,Ngọc
fd6d73a62896a9c8f087_crop_09_word_00.png,Truyền
fd6d73a62896a9c8f087_crop_09_word_01.png,Kế
fd6d73a62896a9c8f087_crop_09_word_02.png,Nguyễn
fd6d73a62896a9c8f087_crop_10_word_00.png,Công
fd6d73a62896a9c8f087_crop_10_word_01.png,Lê
fd6d73a62896a9c8f087_crop_10_word_02.png,Thành
fd6d73a62896a9c8f087_crop_11_word_00.png,Phong
fd6d73a62896a9c8f087_crop_11_word_01.png,Hồng
fd6d73a62896a9c8f087_crop_11_word_02.png,Lê
fd6d73a62896a9c8f087_crop_12_word_00.png,Quang
fd6d73a62896a9c8f087_crop_12_word_01.png,Trung
fd6d73a62896a9c8f087_crop_13_word_00.png,Nguyễn
fd6d73a62896a9c8f087_crop_13_word_01.png,Huệ
fd6d73a62896a9c8f087_crop_14_word_00.png,Khai
fd6d73a62896a9c8f087_crop_14_word_01.png,Minh
fd6d73a62896a9c8f087_crop_14_word_02.png,Nguyễn
fd6d73a62896a9c8f087_crop_14_word_03.png,Thị
fd6d73a62896a9c8f087_crop_15_word_00.png,Châu
fd6d73a62896a9c8f087_crop_15_word_01.png,Minh
fd6d73a62896a9c8f087_crop_15_word_02.png,Tín
fd6d73a62896a9c8f087_crop_15_word_03.png,Bảo
